2026-06-16 10:15:01,822 [INFO] No failed posts to retry.
2026-06-16 10:15:01,996 [INFO] ──────────────────────────────────────────────────
2026-06-16 10:15:01,996 [INFO] ▶  Running slot: morning_motivation
2026-06-16 10:15:01,996 [INFO] ──────────────────────────────────────────────────
2026-06-16 10:15:01,997 [INFO] 📝 Content selected: Worth repeating: dream bigger. do bigger....
2026-06-16 10:15:02,107 [INFO] Publishing [morning_motivation] | image: /home/runner/work/bright-side-daily/bright-side-daily/images/output/morning_motivation_20260616_101502.png
2026-06-16 10:15:02,107 [INFO] Caption preview: ☀️ Worth repeating: dream bigger. do bigger.

Share this with someone who needs it today! 💛

#Motivation #Success #Minds...
2026-06-16 10:15:02,107 [INFO] [DRY RUN] Post would be published:
2026-06-16 10:15:02,107 [INFO] ☀️ Worth repeating: dream bigger. do bigger.

Share this with someone who needs it today! 💛

#Motivation #Success #MindsetMatters #DailyMotivation #GoalSetter #BrightSideDaily
2026-06-16 10:15:02,107 [INFO] ✅ Slot [morning_motivation] published successfully!
2026-06-16 10:36:59,276 [INFO] No failed posts to retry.
2026-06-16 10:36:59,435 [INFO] ──────────────────────────────────────────────────
2026-06-16 10:36:59,435 [INFO] ▶  Running slot: morning_motivation
2026-06-16 10:36:59,435 [INFO] ──────────────────────────────────────────────────
2026-06-16 10:36:59,436 [INFO] 📝 Content selected: It does not matter how slowly you go as long as you do not stop....
2026-06-16 10:36:59,541 [INFO] Publishing [morning_motivation] | image: /home/runner/work/bright-side-daily/bright-side-daily/images/output/morning_motivation_20260616_103659.png
2026-06-16 10:36:59,541 [INFO] Caption preview: ☀️ It does not matter how slowly you go as long as you do not stop.

Share this with someone who needs it today! 💛

#Mot...
2026-06-16 10:36:59,958 [WARNING] Attempt 1/3 failed: {'message': '(#200) The permission(s) publish_actions are not available. It has been deprecated. If you want to provide a way for your app users to share content to Facebook, we encourage you to use our Sharing products instead.', 'type': 'OAuthException', 'code': 200, 'fbtrace_id': 'AYW-le1xwSOvnN19yWc94jF'}
2026-06-16 10:36:59,958 [INFO] Retrying in 30s...
2026-06-16 10:37:30,097 [WARNING] Attempt 2/3 failed: {'message': '(#200) The permission(s) publish_actions are not available. It has been deprecated. If you want to provide a way for your app users to share content to Facebook, we encourage you to use our Sharing products instead.', 'type': 'OAuthException', 'code': 200, 'fbtrace_id': 'A-pu_QikgNckfxTtMkdgxzy'}
2026-06-16 10:37:30,097 [INFO] Retrying in 30s...
2026-06-16 10:38:00,257 [WARNING] Attempt 3/3 failed: {'message': '(#200) The permission(s) publish_actions are not available. It has been deprecated. If you want to provide a way for your app users to share content to Facebook, we encourage you to use our Sharing products instead.', 'type': 'OAuthException', 'code': 200, 'fbtrace_id': 'Aj6C8DjTO_1Ms1lpvx0CApe'}
2026-06-16 10:38:00,257 [ERROR] ❌ All retries failed for [morning_motivation]
2026-06-16 10:38:00,258 [ERROR] ❌ Slot [morning_motivation] failed to publish.
2026-06-16 10:47:01,338 [INFO] Retrying 1 failed posts...
2026-06-16 10:47:01,338 [INFO] Publishing [morning_motivation] | image: none
2026-06-16 10:47:01,338 [INFO] Caption preview: ☀️ It does not matter how slowly you go as long as you do not stop.

Share this with someone who needs it today! 💛

#Mot...
2026-06-16 10:47:01,338 [WARNING] No image found — posting text only.
2026-06-16 10:47:04,290 [INFO] ✅ Posted successfully [morning_motivation]
2026-06-16 10:47:04,291 [INFO] Retry complete. 0 still failing.
2026-06-16 10:47:04,450 [INFO] ──────────────────────────────────────────────────
2026-06-16 10:47:04,450 [INFO] ▶  Running slot: morning_motivation
2026-06-16 10:47:04,450 [INFO] ──────────────────────────────────────────────────
2026-06-16 10:47:04,451 [INFO] 📝 Content selected: Wake up with determination. Go to bed with satisfaction. — pass it on....
2026-06-16 10:47:04,567 [INFO] Publishing [morning_motivation] | image: /home/runner/work/bright-side-daily/bright-side-daily/images/output/morning_motivation_20260616_104704.png
2026-06-16 10:47:04,567 [INFO] Caption preview: ☀️ Wake up with determination. Go to bed with satisfaction. — pass it on.

Share this with someone who needs it today! 💛...
2026-06-16 10:47:17,277 [INFO] ✅ Posted successfully [morning_motivation]
2026-06-16 10:47:17,278 [INFO] ✅ Slot [morning_motivation] published successfully!
2026-06-16 10:49:44,823 [INFO] Failed posts list is empty.
2026-06-16 10:49:44,982 [INFO] ──────────────────────────────────────────────────
2026-06-16 10:49:44,982 [INFO] ▶  Running slot: morning_motivation
2026-06-16 10:49:44,982 [INFO] ──────────────────────────────────────────────────
2026-06-16 10:49:44,983 [INFO] 📝 Content selected: Push yourself because no one else will do it for you. — you've got this....
2026-06-16 10:49:45,093 [INFO] Publishing [morning_motivation] | image: /home/runner/work/bright-side-daily/bright-side-daily/images/output/morning_motivation_20260616_104945.png
2026-06-16 10:49:45,094 [INFO] Caption preview: ☀️ Push yourself because no one else will do it for you. — you've got this.

Share this with someone who needs it today!...
2026-06-16 10:49:52,443 [INFO] ✅ Posted successfully [morning_motivation]
2026-06-16 10:49:52,443 [INFO] ✅ Slot [morning_motivation] published successfully!
2026-06-16 13:26:58,897 [INFO] Failed posts list is empty.
2026-06-16 13:26:59,058 [INFO] ──────────────────────────────────────────────────
2026-06-16 13:26:59,058 [INFO] ▶  Running slot: midday_encouragement
2026-06-16 13:26:59,058 [INFO] ──────────────────────────────────────────────────
2026-06-16 13:26:59,059 [INFO] 📝 Content selected: You have the power to change your story....
2026-06-16 13:26:59,206 [INFO] Publishing [midday_encouragement] | image: /home/runner/work/bright-side-daily/bright-side-daily/images/output/midday_encouragement_20260616_132659.png
2026-06-16 13:26:59,206 [INFO] Caption preview: 💪 You have the power to change your story.

Share this with someone who needs it today! 💛

#YouGotThis #KeepGoing #Never...
2026-06-16 13:27:04,541 [INFO] ✅ Posted successfully [midday_encouragement]
2026-06-16 13:27:04,542 [INFO] ✅ Slot [midday_encouragement] published successfully!
2026-06-16 15:51:23,673 [INFO] Failed posts list is empty.
2026-06-16 15:51:23,834 [INFO] ──────────────────────────────────────────────────
2026-06-16 15:51:23,834 [INFO] ▶  Running slot: morning_motivation
2026-06-16 15:51:23,834 [INFO] ──────────────────────────────────────────────────
2026-06-16 15:51:23,835 [INFO] 📝 Content selected: Believe this: keep going. everything you need will come to you at the perfect ti...
2026-06-16 15:51:23,977 [INFO] Publishing [morning_motivation] | image: /home/runner/work/bright-side-daily/bright-side-daily/images/output/morning_motivation_20260616_155123.png
2026-06-16 15:51:23,977 [INFO] Caption preview: ☀️ Believe this: keep going. everything you need will come to you at the perfect time.

Share this with someone who need...
2026-06-16 15:51:28,766 [INFO] ✅ Posted successfully [morning_motivation]
2026-06-16 15:51:28,767 [INFO] ✅ Slot [morning_motivation] published successfully!
2026-06-16 18:07:01,303 [INFO] Failed posts list is empty.
2026-06-16 18:07:01,460 [INFO] ──────────────────────────────────────────────────
2026-06-16 18:07:01,460 [INFO] ▶  Running slot: engagement_question
2026-06-16 18:07:01,460 [INFO] ──────────────────────────────────────────────────
2026-06-16 18:07:01,462 [INFO] 📝 Content selected: Never forget: what would you do if you knew you couldn't fail?...
2026-06-16 18:07:01,573 [INFO] Publishing [engagement_question] | image: /home/runner/work/bright-side-daily/bright-side-daily/images/output/engagement_question_20260616_180701.png
2026-06-16 18:07:01,573 [INFO] Caption preview: 💬 Never forget: what would you do if you knew you couldn't fail?

Drop your answer in the comments below 👇

#Community #...
2026-06-16 18:07:21,654 [WARNING] Attempt 1/3 failed: {'code': 1, 'message': "Please reduce the amount of data you're asking for, then retry your request"}
2026-06-16 18:07:21,654 [INFO] Retrying in 30s...
2026-06-16 18:07:58,973 [INFO] ✅ Posted successfully [engagement_question]
2026-06-16 18:07:58,974 [INFO] ✅ Slot [engagement_question] published successfully!
2026-06-16 19:25:15,789 [INFO] Failed posts list is empty.
2026-06-16 19:25:15,945 [INFO] ──────────────────────────────────────────────────
2026-06-16 19:25:15,945 [INFO] ▶  Running slot: morning_motivation
2026-06-16 19:25:15,945 [INFO] ──────────────────────────────────────────────────
2026-06-16 19:25:15,946 [INFO] 📝 Content selected: Many of life's failures are people who did not realize how close they were to su...
2026-06-16 19:25:16,058 [INFO] Publishing [morning_motivation] | image: /home/runner/work/bright-side-daily/bright-side-daily/images/output/morning_motivation_20260616_192515.png
2026-06-16 19:25:16,058 [INFO] Caption preview: ☀️ Many of life's failures are people who did not realize how close they were to success when they gave up.

Share this ...
2026-06-16 19:25:21,855 [INFO] ✅ Posted successfully [morning_motivation]
2026-06-16 19:25:21,855 [INFO] ✅ Slot [morning_motivation] published successfully!
2026-06-16 20:43:56,951 [INFO] Failed posts list is empty.
2026-06-16 20:43:57,118 [INFO] ──────────────────────────────────────────────────
2026-06-16 20:43:57,118 [INFO] ▶  Running slot: morning_motivation
2026-06-16 20:43:57,118 [INFO] ──────────────────────────────────────────────────
2026-06-16 20:43:57,120 [INFO] 📝 Content selected: [Motivational] You have brains in your head. You have feet in your shoes. You ca...
2026-06-16 20:43:57,248 [INFO] Publishing [morning_motivation] | image: /home/runner/work/bright-side-daily/bright-side-daily/images/output/morning_motivation_20260616_204357.png
2026-06-16 20:43:57,248 [INFO] Caption preview: ☀️ [Motivational] You have brains in your head. You have feet in your shoes. You can steer yourself any direction you ch...
2026-06-16 20:44:05,354 [INFO] ✅ Posted successfully [morning_motivation]
2026-06-16 20:44:05,355 [INFO] ✅ Slot [morning_motivation] published successfully!
2026-06-17 09:51:07,357 [INFO] Failed posts list is empty.
2026-06-17 09:51:07,525 [INFO] ──────────────────────────────────────────────────
2026-06-17 09:51:07,525 [INFO] ▶  Running slot: funny_meme
2026-06-17 09:51:07,525 [INFO] ──────────────────────────────────────────────────
2026-06-17 09:51:07,526 [INFO] 📝 Content selected: The bags under my eyes are designer, I'll have you know. — pass it on....
2026-06-17 09:51:07,643 [INFO] Publishing [funny_meme] | image: /home/runner/work/bright-side-daily/bright-side-daily/images/output/funny_meme_20260617_095107.png
2026-06-17 09:51:07,643 [INFO] Caption preview: 😄 The bags under my eyes are designer, I'll have you know. — pass it on.

Tag someone who can relate! 😂

#RelatableLife ...
2026-06-17 09:51:12,822 [INFO] ✅ Posted successfully [funny_meme]
2026-06-17 09:51:12,823 [INFO] ✅ Slot [funny_meme] published successfully!
2026-06-17 11:50:59,308 [INFO] Failed posts list is empty.
2026-06-17 11:50:59,467 [INFO] ──────────────────────────────────────────────────
2026-06-17 11:50:59,467 [INFO] ▶  Running slot: self_improvement
2026-06-17 11:50:59,467 [INFO] ──────────────────────────────────────────────────
2026-06-17 11:50:59,468 [INFO] 📝 Content selected: Focus on being productive instead of busy....
2026-06-17 11:50:59,662 [INFO] Publishing [self_improvement] | image: /home/runner/work/bright-side-daily/bright-side-daily/images/output/self_improvement_20260617_115059.png
2026-06-17 11:50:59,663 [INFO] Caption preview: 📈 Focus on being productive instead of busy.

Share this with someone who needs it today! 💛

#PersonalGrowth #SelfImprov...
2026-06-17 11:51:04,359 [INFO] ✅ Posted successfully [self_improvement]
2026-06-17 11:51:04,360 [INFO] ✅ Slot [self_improvement] published successfully!
2026-06-17 12:50:54,872 [INFO] Failed posts list is empty.
2026-06-17 12:50:55,031 [INFO] ──────────────────────────────────────────────────
2026-06-17 12:50:55,032 [INFO] ▶  Running slot: morning_motivation
2026-06-17 12:50:55,032 [INFO] ──────────────────────────────────────────────────
2026-06-17 12:50:55,033 [INFO] 📝 Content selected: It's going to be hard, but hard is not impossible....
2026-06-17 12:50:55,144 [INFO] Publishing [morning_motivation] | image: /home/runner/work/bright-side-daily/bright-side-daily/images/output/morning_motivation_20260617_125055.png
2026-06-17 12:50:55,144 [INFO] Caption preview: ☀️ It's going to be hard, but hard is not impossible.

Share this with someone who needs it today! 💛

#Motivation #Succe...
2026-06-17 12:51:01,017 [INFO] ✅ Posted successfully [morning_motivation]
2026-06-17 12:51:01,018 [INFO] ✅ Slot [morning_motivation] published successfully!
2026-06-17 14:25:43,864 [INFO] Failed posts list is empty.
2026-06-17 14:25:44,023 [INFO] ──────────────────────────────────────────────────
2026-06-17 14:25:44,023 [INFO] ▶  Running slot: morning_motivation
2026-06-17 14:25:44,023 [INFO] ──────────────────────────────────────────────────
2026-06-17 14:25:44,024 [INFO] 📝 Content selected: Remember: don't judge each day by the harvest you reap but by the seeds that you...
2026-06-17 14:25:44,135 [INFO] Publishing [morning_motivation] | image: /home/runner/work/bright-side-daily/bright-side-daily/images/output/morning_motivation_20260617_142544.png
2026-06-17 14:25:44,135 [INFO] Caption preview: ☀️ Remember: don't judge each day by the harvest you reap but by the seeds that you plant.

Share this with someone who ...
2026-06-17 14:25:47,779 [INFO] ✅ Posted successfully [morning_motivation]
2026-06-17 14:25:47,780 [INFO] ✅ Slot [morning_motivation] published successfully!
2026-06-17 16:41:17,115 [INFO] Failed posts list is empty.
2026-06-17 16:41:17,278 [INFO] ──────────────────────────────────────────────────
2026-06-17 16:41:17,278 [INFO] ▶  Running slot: evening_reflection
2026-06-17 16:41:17,278 [INFO] ──────────────────────────────────────────────────
2026-06-17 16:41:17,280 [INFO] 📝 Content selected: Remember: enjoy the little things in life, because one day you'll look back and ...
2026-06-17 16:41:17,393 [INFO] Publishing [evening_reflection] | image: /home/runner/work/bright-side-daily/bright-side-daily/images/output/evening_reflection_20260617_164117.png
2026-06-17 16:41:17,393 [INFO] Caption preview: 🌙 Remember: enjoy the little things in life, because one day you'll look back and realize they were the big things.

Sha...
2026-06-17 16:41:18,123 [WARNING] Attempt 1/3 failed: {'message': 'API access blocked.', 'type': 'OAuthException', 'code': 200, 'fbtrace_id': 'A5T_9M0IjBTTL9W8cepNKCr'}
2026-06-17 16:41:18,123 [INFO] Retrying in 30s...
2026-06-17 16:41:48,326 [WARNING] Attempt 2/3 failed: {'message': 'API access blocked.', 'type': 'OAuthException', 'code': 200, 'fbtrace_id': 'AVUvdI9xGdksuwSgYGEZw1h'}
2026-06-17 16:41:48,326 [INFO] Retrying in 30s...
2026-06-17 16:42:18,515 [WARNING] Attempt 3/3 failed: {'message': 'API access blocked.', 'type': 'OAuthException', 'code': 200, 'fbtrace_id': 'Abe_Us8hmQmMStLvahSB-8D'}
2026-06-17 16:42:18,515 [ERROR] ❌ All retries failed for [evening_reflection]
2026-06-17 16:42:18,516 [ERROR] ❌ Slot [evening_reflection] failed to publish.
2026-06-17 18:06:49,129 [INFO] Retrying 1 failed posts...
2026-06-17 18:06:49,129 [INFO] Publishing [evening_reflection] | image: none
2026-06-17 18:06:49,129 [INFO] Caption preview: 🌙 Remember: enjoy the little things in life, because one day you'll look back and realize they were the big things.

Sha...
2026-06-17 18:06:49,129 [WARNING] No image found — posting text only.
2026-06-17 18:06:49,431 [WARNING] Attempt 1/3 failed: {'message': 'API access blocked.', 'type': 'OAuthException', 'code': 200, 'fbtrace_id': 'AMuqIOqHjyD9QSZTSzYpRNR'}
2026-06-17 18:06:49,431 [INFO] Retrying in 30s...
2026-06-17 18:07:19,431 [WARNING] No image found — posting text only.
2026-06-17 18:07:19,714 [WARNING] Attempt 2/3 failed: {'message': 'API access blocked.', 'type': 'OAuthException', 'code': 200, 'fbtrace_id': 'AUfw-ZO5ZfrNztMBKfLVaXx'}
2026-06-17 18:07:19,714 [INFO] Retrying in 30s...
2026-06-17 18:07:49,714 [WARNING] No image found — posting text only.
2026-06-17 18:07:49,887 [WARNING] Attempt 3/3 failed: {'message': 'API access blocked.', 'type': 'OAuthException', 'code': 200, 'fbtrace_id': 'A-mn2ziR7g01q-phaS62D18'}
2026-06-17 18:07:49,888 [ERROR] ❌ All retries failed for [evening_reflection]
2026-06-17 18:07:49,889 [INFO] Retry complete. 1 still failing.
2026-06-17 18:07:50,058 [INFO] ──────────────────────────────────────────────────
2026-06-17 18:07:50,058 [INFO] ▶  Running slot: engagement_question
2026-06-17 18:07:50,058 [INFO] ──────────────────────────────────────────────────
2026-06-17 18:07:50,059 [INFO] 📝 Content selected: What's the kindest thing someone has done for you recently? — keep going....
2026-06-17 18:07:50,176 [INFO] Publishing [engagement_question] | image: /home/runner/work/bright-side-daily/bright-side-daily/images/output/engagement_question_20260617_180750.png
2026-06-17 18:07:50,176 [INFO] Caption preview: 💬 What's the kindest thing someone has done for you recently? — keep going.

Drop your answer in the comments below 👇

#...
2026-06-17 18:07:50,517 [WARNING] Attempt 1/3 failed: {'message': 'API access blocked.', 'type': 'OAuthException', 'code': 200, 'fbtrace_id': 'AQXd86qqHpu2LJnyX5Dihh9'}
2026-06-17 18:07:50,517 [INFO] Retrying in 30s...
2026-06-17 18:08:20,786 [WARNING] Attempt 2/3 failed: {'message': 'API access blocked.', 'type': 'OAuthException', 'code': 200, 'fbtrace_id': 'AXCNYY5Ofm6NLibqiSVQyuC'}
2026-06-17 18:08:20,786 [INFO] Retrying in 30s...
2026-06-17 18:08:51,064 [WARNING] Attempt 3/3 failed: {'message': 'API access blocked.', 'type': 'OAuthException', 'code': 200, 'fbtrace_id': 'Agqyvablw0hP8O0g0AkuccL'}
2026-06-17 18:08:51,064 [ERROR] ❌ All retries failed for [engagement_question]
2026-06-17 18:08:51,065 [ERROR] ❌ Slot [engagement_question] failed to publish.
2026-06-17 20:06:13,906 [INFO] Retrying 2 failed posts...
2026-06-17 20:06:13,906 [INFO] Publishing [evening_reflection] | image: none
2026-06-17 20:06:13,907 [INFO] Caption preview: 🌙 Remember: enjoy the little things in life, because one day you'll look back and realize they were the big things.

Sha...
2026-06-17 20:06:13,907 [WARNING] No image found — posting text only.
2026-06-17 20:06:14,350 [WARNING] Attempt 1/3 failed: {'message': 'API access blocked.', 'type': 'OAuthException', 'code': 200, 'fbtrace_id': 'A8ra-gTR3OTV_RwIxvq_c-K'}
2026-06-17 20:06:14,350 [INFO] Retrying in 30s...
2026-06-17 20:06:44,350 [WARNING] No image found — posting text only.
2026-06-17 20:06:44,448 [WARNING] Attempt 2/3 failed: {'message': 'API access blocked.', 'type': 'OAuthException', 'code': 200, 'fbtrace_id': 'AllorAir6zIGcbWI-r7b73S'}
2026-06-17 20:06:44,448 [INFO] Retrying in 30s...
2026-06-17 20:07:14,449 [WARNING] No image found — posting text only.
2026-06-17 20:07:14,570 [WARNING] Attempt 3/3 failed: {'message': 'API access blocked.', 'type': 'OAuthException', 'code': 200, 'fbtrace_id': 'A-FxvybLPtb5EsMpOxU3ylH'}
2026-06-17 20:07:14,570 [ERROR] ❌ All retries failed for [evening_reflection]
2026-06-17 20:07:14,571 [INFO] Publishing [engagement_question] | image: none
2026-06-17 20:07:14,571 [INFO] Caption preview: 💬 What's the kindest thing someone has done for you recently? — keep going.

Drop your answer in the comments below 👇

#...
2026-06-17 20:07:14,571 [WARNING] No image found — posting text only.
2026-06-17 20:07:14,676 [WARNING] Attempt 1/3 failed: {'message': 'API access blocked.', 'type': 'OAuthException', 'code': 200, 'fbtrace_id': 'ANjb_Klidq9sXim0ABlEV1-'}
2026-06-17 20:07:14,677 [INFO] Retrying in 30s...
2026-06-17 20:07:44,677 [WARNING] No image found — posting text only.
2026-06-17 20:07:44,776 [WARNING] Attempt 2/3 failed: {'message': 'API access blocked.', 'type': 'OAuthException', 'code': 200, 'fbtrace_id': 'AP2AXnZtY26Ud6zKsPD3doi'}
2026-06-17 20:07:44,776 [INFO] Retrying in 30s...
2026-06-17 20:08:14,777 [WARNING] No image found — posting text only.
2026-06-17 20:08:14,908 [WARNING] Attempt 3/3 failed: {'message': 'API access blocked.', 'type': 'OAuthException', 'code': 200, 'fbtrace_id': 'AG6-RncwBXqWtUtB1cvx4rs'}
2026-06-17 20:08:14,909 [ERROR] ❌ All retries failed for [engagement_question]
2026-06-17 20:08:14,910 [INFO] Retry complete. 2 still failing.
2026-06-17 20:08:15,069 [INFO] ──────────────────────────────────────────────────
2026-06-17 20:08:15,069 [INFO] ▶  Running slot: morning_motivation
2026-06-17 20:08:15,069 [INFO] ──────────────────────────────────────────────────
2026-06-17 20:08:15,070 [INFO] 📝 Content selected: Don't limit your challenges. Challenge your limits. — start today....
2026-06-17 20:08:15,183 [INFO] Publishing [morning_motivation] | image: /home/runner/work/bright-side-daily/bright-side-daily/images/output/morning_motivation_20260617_200815.png
2026-06-17 20:08:15,183 [INFO] Caption preview: ☀️ Don't limit your challenges. Challenge your limits. — start today.

Share this with someone who needs it today! 💛

#M...
2026-06-17 20:08:15,344 [WARNING] Attempt 1/3 failed: {'message': 'API access blocked.', 'type': 'OAuthException', 'code': 200, 'fbtrace_id': 'AZ7IlNKjqoJLyMevVfAm4-F'}
2026-06-17 20:08:15,344 [INFO] Retrying in 30s...
2026-06-17 20:08:45,492 [WARNING] Attempt 2/3 failed: {'message': 'API access blocked.', 'type': 'OAuthException', 'code': 200, 'fbtrace_id': 'ADg1U8CEV0341-xAflfxEF8'}
2026-06-17 20:08:45,492 [INFO] Retrying in 30s...
2026-06-17 20:09:15,669 [WARNING] Attempt 3/3 failed: {'message': 'API access blocked.', 'type': 'OAuthException', 'code': 200, 'fbtrace_id': 'AH-r80sBtXq27R7t6bcJWKl'}
2026-06-17 20:09:15,669 [ERROR] ❌ All retries failed for [morning_motivation]
2026-06-17 20:09:15,670 [ERROR] ❌ Slot [morning_motivation] failed to publish.
2026-06-18 09:14:05,884 [INFO] Retrying 3 failed posts...
2026-06-18 09:14:05,884 [INFO] Publishing [evening_reflection] | image: none
2026-06-18 09:14:05,884 [INFO] Caption preview: 🌙 Remember: enjoy the little things in life, because one day you'll look back and realize they were the big things.

Sha...
2026-06-18 09:14:05,884 [WARNING] No image found — posting text only.
2026-06-18 09:14:06,399 [WARNING] Attempt 1/3 failed: {'message': 'API access blocked.', 'type': 'OAuthException', 'code': 200, 'fbtrace_id': 'A7-3N40Sc-Ag8h8nMCNmaUX'}
2026-06-18 09:14:06,400 [INFO] Retrying in 30s...
2026-06-18 09:14:36,400 [WARNING] No image found — posting text only.
2026-06-18 09:14:36,669 [WARNING] Attempt 2/3 failed: {'message': 'API access blocked.', 'type': 'OAuthException', 'code': 200, 'fbtrace_id': 'AWzcLL-fB_LSsPyAJYru0VV'}
2026-06-18 09:14:36,669 [INFO] Retrying in 30s...
2026-06-18 09:15:06,670 [WARNING] No image found — posting text only.
2026-06-18 09:15:06,951 [WARNING] Attempt 3/3 failed: {'message': 'API access blocked.', 'type': 'OAuthException', 'code': 200, 'fbtrace_id': 'A9Eh3xr2W6mGsHjLVFK2Dtg'}
2026-06-18 09:15:06,951 [ERROR] ❌ All retries failed for [evening_reflection]
2026-06-18 09:15:06,952 [INFO] Publishing [engagement_question] | image: none
2026-06-18 09:15:06,952 [INFO] Caption preview: 💬 What's the kindest thing someone has done for you recently? — keep going.

Drop your answer in the comments below 👇

#...
2026-06-18 09:15:06,952 [WARNING] No image found — posting text only.
2026-06-18 09:15:07,228 [WARNING] Attempt 1/3 failed: {'message': 'API access blocked.', 'type': 'OAuthException', 'code': 200, 'fbtrace_id': 'Ak-xS_tkMSnwuAAH3Lc_mUL'}
2026-06-18 09:15:07,228 [INFO] Retrying in 30s...
2026-06-18 09:15:37,228 [WARNING] No image found — posting text only.
2026-06-18 09:15:37,522 [WARNING] Attempt 2/3 failed: {'message': 'API access blocked.', 'type': 'OAuthException', 'code': 200, 'fbtrace_id': 'AU8_5LNnl8QFbgXbBmmyBO2'}
2026-06-18 09:15:37,523 [INFO] Retrying in 30s...
2026-06-18 09:16:07,523 [WARNING] No image found — posting text only.
2026-06-18 09:16:07,826 [WARNING] Attempt 3/3 failed: {'message': 'API access blocked.', 'type': 'OAuthException', 'code': 200, 'fbtrace_id': 'Ah5ZSB_Vuv3YgwCbi6D18Bo'}
2026-06-18 09:16:07,826 [ERROR] ❌ All retries failed for [engagement_question]
2026-06-18 09:16:07,827 [INFO] Publishing [morning_motivation] | image: none
2026-06-18 09:16:07,827 [INFO] Caption preview: ☀️ Don't limit your challenges. Challenge your limits. — start today.

Share this with someone who needs it today! 💛

#M...
2026-06-18 09:16:07,827 [WARNING] No image found — posting text only.
2026-06-18 09:16:08,083 [WARNING] Attempt 1/3 failed: {'message': 'API access blocked.', 'type': 'OAuthException', 'code': 200, 'fbtrace_id': 'AyUqRDJttSS6nq_x-9sVWOw'}
2026-06-18 09:16:08,084 [INFO] Retrying in 30s...
2026-06-18 09:16:38,084 [WARNING] No image found — posting text only.
2026-06-18 09:16:38,344 [WARNING] Attempt 2/3 failed: {'message': 'API access blocked.', 'type': 'OAuthException', 'code': 200, 'fbtrace_id': 'AxPYPcW0bz59csSEx7S88a1'}
2026-06-18 09:16:38,344 [INFO] Retrying in 30s...
2026-06-18 09:17:08,345 [WARNING] No image found — posting text only.
2026-06-18 09:17:08,624 [WARNING] Attempt 3/3 failed: {'message': 'API access blocked.', 'type': 'OAuthException', 'code': 200, 'fbtrace_id': 'AswlQYZOR5XY6mE8gytw-oI'}
2026-06-18 09:17:08,624 [ERROR] ❌ All retries failed for [morning_motivation]
2026-06-18 09:17:08,625 [INFO] Retry complete. 3 still failing.
2026-06-18 09:17:08,793 [INFO] ──────────────────────────────────────────────────
2026-06-18 09:17:08,793 [INFO] ▶  Running slot: funny_meme
2026-06-18 09:17:08,793 [INFO] ──────────────────────────────────────────────────
2026-06-18 09:17:08,794 [INFO] 📝 Content selected: Worth repeating: adulting is mostly just googling things and hoping for the best...
2026-06-18 09:17:08,903 [INFO] Publishing [funny_meme] | image: /home/runner/work/bright-side-daily/bright-side-daily/images/output/funny_meme_20260618_091708.png
2026-06-18 09:17:08,903 [INFO] Caption preview: 😄 Worth repeating: adulting is mostly just googling things and hoping for the best.

Tag someone who can relate! 😂

#Rel...
2026-06-18 09:17:09,354 [WARNING] Attempt 1/3 failed: {'message': 'API access blocked.', 'type': 'OAuthException', 'code': 200, 'fbtrace_id': 'Ay0wE_stpoJnkfwAihGXnQU'}
2026-06-18 09:17:09,354 [INFO] Retrying in 30s...
2026-06-18 09:17:39,801 [WARNING] Attempt 2/3 failed: {'message': 'API access blocked.', 'type': 'OAuthException', 'code': 200, 'fbtrace_id': 'AohEKpR1e5AYOCuhmAEH38e'}
2026-06-18 09:17:39,801 [INFO] Retrying in 30s...
2026-06-18 09:18:10,270 [WARNING] Attempt 3/3 failed: {'message': 'API access blocked.', 'type': 'OAuthException', 'code': 200, 'fbtrace_id': 'AoRGonQUMuNWQ4WWnmDHcte'}
2026-06-18 09:18:10,270 [ERROR] ❌ All retries failed for [funny_meme]
2026-06-18 09:18:10,270 [ERROR] ❌ Slot [funny_meme] failed to publish.
2026-06-18 11:10:14,786 [INFO] Retrying 4 failed posts...
2026-06-18 11:10:14,786 [INFO] Publishing [evening_reflection] | image: none
2026-06-18 11:10:14,786 [INFO] Caption preview: 🌙 Remember: enjoy the little things in life, because one day you'll look back and realize they were the big things.

Sha...
2026-06-18 11:10:14,786 [WARNING] No image found — posting text only.
2026-06-18 11:10:15,411 [WARNING] Attempt 1/3 failed: {'message': 'API access blocked.', 'type': 'OAuthException', 'code': 200, 'fbtrace_id': 'AXl5dCfLFwlZ34vhukICAFc'}
2026-06-18 11:10:15,411 [INFO] Retrying in 30s...
2026-06-18 11:10:45,411 [WARNING] No image found — posting text only.
2026-06-18 11:10:45,798 [WARNING] Attempt 2/3 failed: {'message': 'API access blocked.', 'type': 'OAuthException', 'code': 200, 'fbtrace_id': 'AfLF0uNMWFlEJJL0sq_TPM_'}
2026-06-18 11:10:45,798 [INFO] Retrying in 30s...
2026-06-18 11:11:15,798 [WARNING] No image found — posting text only.
2026-06-18 11:11:16,415 [WARNING] Attempt 3/3 failed: {'message': 'API access blocked.', 'type': 'OAuthException', 'code': 200, 'fbtrace_id': 'AWTpPdmfY5rUq8G86azixOI'}
2026-06-18 11:11:16,415 [ERROR] ❌ All retries failed for [evening_reflection]
2026-06-18 11:11:16,416 [INFO] Publishing [engagement_question] | image: none
2026-06-18 11:11:16,416 [INFO] Caption preview: 💬 What's the kindest thing someone has done for you recently? — keep going.

Drop your answer in the comments below 👇

#...
2026-06-18 11:11:16,416 [WARNING] No image found — posting text only.
2026-06-18 11:11:16,781 [WARNING] Attempt 1/3 failed: {'message': 'API access blocked.', 'type': 'OAuthException', 'code': 200, 'fbtrace_id': 'A8h3xx68rypNPIxn0cDT2pr'}
2026-06-18 11:11:16,781 [INFO] Retrying in 30s...
2026-06-18 11:11:46,781 [WARNING] No image found — posting text only.
2026-06-18 11:11:47,139 [WARNING] Attempt 2/3 failed: {'message': 'API access blocked.', 'type': 'OAuthException', 'code': 200, 'fbtrace_id': 'AVT7aaoY-UF1qb1QCE6IRhs'}
2026-06-18 11:11:47,139 [INFO] Retrying in 30s...
2026-06-18 11:12:17,139 [WARNING] No image found — posting text only.
2026-06-18 11:12:17,478 [WARNING] Attempt 3/3 failed: {'message': 'API access blocked.', 'type': 'OAuthException', 'code': 200, 'fbtrace_id': 'A_Fv2OkjiodeHIHf1yEWTQt'}
2026-06-18 11:12:17,478 [ERROR] ❌ All retries failed for [engagement_question]
2026-06-18 11:12:17,479 [INFO] Publishing [morning_motivation] | image: none
2026-06-18 11:12:17,479 [INFO] Caption preview: ☀️ Don't limit your challenges. Challenge your limits. — start today.

Share this with someone who needs it today! 💛

#M...
2026-06-18 11:12:17,479 [WARNING] No image found — posting text only.
2026-06-18 11:12:17,835 [WARNING] Attempt 1/3 failed: {'message': 'API access blocked.', 'type': 'OAuthException', 'code': 200, 'fbtrace_id': 'AHl6M8JLNb472O16AOxY4I0'}
2026-06-18 11:12:17,835 [INFO] Retrying in 30s...
2026-06-18 11:12:47,836 [WARNING] No image found — posting text only.
2026-06-18 11:12:48,251 [WARNING] Attempt 2/3 failed: {'message': 'API access blocked.', 'type': 'OAuthException', 'code': 200, 'fbtrace_id': 'AyC71wARIUkMfnH9yOId_ga'}
2026-06-18 11:12:48,251 [INFO] Retrying in 30s...
2026-06-18 11:13:18,251 [WARNING] No image found — posting text only.
2026-06-18 11:13:18,590 [WARNING] Attempt 3/3 failed: {'message': 'API access blocked.', 'type': 'OAuthException', 'code': 200, 'fbtrace_id': 'AzH6AQbSiSMS4A3U_PpNbkr'}
2026-06-18 11:13:18,590 [ERROR] ❌ All retries failed for [morning_motivation]
2026-06-18 11:13:18,591 [INFO] Publishing [funny_meme] | image: none
2026-06-18 11:13:18,591 [INFO] Caption preview: 😄 Worth repeating: adulting is mostly just googling things and hoping for the best.

Tag someone who can relate! 😂

#Rel...
2026-06-18 11:13:18,591 [WARNING] No image found — posting text only.
2026-06-18 11:13:18,924 [WARNING] Attempt 1/3 failed: {'message': 'API access blocked.', 'type': 'OAuthException', 'code': 200, 'fbtrace_id': 'A2p16iCffsJDQj_fChBuKd7'}
2026-06-18 11:13:18,925 [INFO] Retrying in 30s...
2026-06-18 11:13:48,925 [WARNING] No image found — posting text only.
2026-06-18 11:13:49,306 [WARNING] Attempt 2/3 failed: {'message': 'API access blocked.', 'type': 'OAuthException', 'code': 200, 'fbtrace_id': 'AOnQKsyS9_-P2NMi72JVYgT'}
2026-06-18 11:13:49,307 [INFO] Retrying in 30s...
2026-06-18 11:14:19,307 [WARNING] No image found — posting text only.
2026-06-18 11:14:19,710 [WARNING] Attempt 3/3 failed: {'message': 'API access blocked.', 'type': 'OAuthException', 'code': 200, 'fbtrace_id': 'Awv4Qq30cGo_CggMBzQpI09'}
2026-06-18 11:14:19,710 [ERROR] ❌ All retries failed for [funny_meme]
2026-06-18 11:14:19,711 [INFO] Retry complete. 4 still failing.
2026-06-18 11:14:19,867 [INFO] ──────────────────────────────────────────────────
2026-06-18 11:14:19,867 [INFO] ▶  Running slot: self_improvement
2026-06-18 11:14:19,867 [INFO] ──────────────────────────────────────────────────
2026-06-18 11:14:19,868 [INFO] 📝 Content selected: You are always... different life....
2026-06-18 11:14:20,046 [INFO] Publishing [self_improvement] | image: /home/runner/work/bright-side-daily/bright-side-daily/images/output/self_improvement_20260618_111420.png
2026-06-18 11:14:20,046 [INFO] Caption preview: 📈 You are always... different life.

Share this with someone who needs it today! 💛

#PersonalGrowth #SelfImprovement #Be...
2026-06-18 11:14:20,511 [WARNING] Attempt 1/3 failed: {'message': 'API access blocked.', 'type': 'OAuthException', 'code': 200, 'fbtrace_id': 'AEyG6-4Rbni8q8eLVzujA62'}
2026-06-18 11:14:20,511 [INFO] Retrying in 30s...
2026-06-18 11:14:51,046 [WARNING] Attempt 2/3 failed: {'message': 'API access blocked.', 'type': 'OAuthException', 'code': 200, 'fbtrace_id': 'AadmmHcqKzPqIW7jO4slqK0'}
2026-06-18 11:14:51,046 [INFO] Retrying in 30s...
2026-06-18 11:15:21,677 [WARNING] Attempt 3/3 failed: {'message': 'API access blocked.', 'type': 'OAuthException', 'code': 200, 'fbtrace_id': 'ApsXZilKoKdbVZtlbXMugZL'}
2026-06-18 11:15:21,678 [ERROR] ❌ All retries failed for [self_improvement]
2026-06-18 11:15:21,678 [ERROR] ❌ Slot [self_improvement] failed to publish.
2026-06-18 12:23:26,557 [INFO] Retrying 5 failed posts...
2026-06-18 12:23:26,557 [INFO] Publishing [evening_reflection] | image: none
2026-06-18 12:23:26,557 [INFO] Caption preview: 🌙 Remember: enjoy the little things in life, because one day you'll look back and realize they were the big things.

Sha...
2026-06-18 12:23:26,557 [WARNING] No image found — posting text only.
2026-06-18 12:23:26,954 [WARNING] Attempt 1/3 failed: {'message': 'API access blocked.', 'type': 'OAuthException', 'code': 200, 'fbtrace_id': 'AqcQvOqf-6sCOkqZ2yCW2vv'}
2026-06-18 12:23:26,955 [INFO] Retrying in 30s...
2026-06-18 12:23:56,955 [WARNING] No image found — posting text only.
2026-06-18 12:23:57,689 [WARNING] Attempt 2/3 failed: {'message': 'API access blocked.', 'type': 'OAuthException', 'code': 200, 'fbtrace_id': 'AcGJi4f89fXsGMAt3-H5y7G'}
2026-06-18 12:23:57,689 [INFO] Retrying in 30s...
2026-06-18 12:24:27,689 [WARNING] No image found — posting text only.
2026-06-18 12:24:28,299 [WARNING] Attempt 3/3 failed: {'message': 'API access blocked.', 'type': 'OAuthException', 'code': 200, 'fbtrace_id': 'AAwaCkhDSfYtyGapEXlolVZ'}
2026-06-18 12:24:28,300 [ERROR] ❌ All retries failed for [evening_reflection]
2026-06-18 12:24:28,301 [INFO] Publishing [engagement_question] | image: none
2026-06-18 12:24:28,301 [INFO] Caption preview: 💬 What's the kindest thing someone has done for you recently? — keep going.

Drop your answer in the comments below 👇

#...
2026-06-18 12:24:28,301 [WARNING] No image found — posting text only.
2026-06-18 12:24:28,908 [WARNING] Attempt 1/3 failed: {'message': 'API access blocked.', 'type': 'OAuthException', 'code': 200, 'fbtrace_id': 'AsYRvPy_lInnJo6mAamWEZw'}
2026-06-18 12:24:28,908 [INFO] Retrying in 30s...
2026-06-18 12:24:58,908 [WARNING] No image found — posting text only.
2026-06-18 12:24:59,552 [WARNING] Attempt 2/3 failed: {'message': 'API access blocked.', 'type': 'OAuthException', 'code': 200, 'fbtrace_id': 'ANYyaKCIuFjxF8zl8DFo4wq'}
2026-06-18 12:24:59,553 [INFO] Retrying in 30s...
2026-06-18 12:25:29,553 [WARNING] No image found — posting text only.
2026-06-18 12:25:30,161 [WARNING] Attempt 3/3 failed: {'message': 'API access blocked.', 'type': 'OAuthException', 'code': 200, 'fbtrace_id': 'AcNHVDKvPSIPRc8qx_rg6EF'}
2026-06-18 12:25:30,161 [ERROR] ❌ All retries failed for [engagement_question]
2026-06-18 12:25:30,162 [INFO] Publishing [morning_motivation] | image: none
2026-06-18 12:25:30,162 [INFO] Caption preview: ☀️ Don't limit your challenges. Challenge your limits. — start today.

Share this with someone who needs it today! 💛

#M...
2026-06-18 12:25:30,162 [WARNING] No image found — posting text only.
2026-06-18 12:25:30,784 [WARNING] Attempt 1/3 failed: {'message': 'API access blocked.', 'type': 'OAuthException', 'code': 200, 'fbtrace_id': 'AjTYfBvMX-u-RBcLcuUlY1J'}
2026-06-18 12:25:30,784 [INFO] Retrying in 30s...
2026-06-18 12:26:00,785 [WARNING] No image found — posting text only.
2026-06-18 12:26:00,997 [WARNING] Attempt 2/3 failed: {'message': 'API access blocked.', 'type': 'OAuthException', 'code': 200, 'fbtrace_id': 'A4snbzRG2Qr6LOZ5Mv78gBg'}
2026-06-18 12:26:00,998 [INFO] Retrying in 30s...
2026-06-18 12:26:30,998 [WARNING] No image found — posting text only.
2026-06-18 12:26:31,634 [WARNING] Attempt 3/3 failed: {'message': 'API access blocked.', 'type': 'OAuthException', 'code': 200, 'fbtrace_id': 'AmVUj1zief0PyTTabi-U-r3'}
2026-06-18 12:26:31,634 [ERROR] ❌ All retries failed for [morning_motivation]
2026-06-18 12:26:31,635 [INFO] Publishing [funny_meme] | image: none
2026-06-18 12:26:31,635 [INFO] Caption preview: 😄 Worth repeating: adulting is mostly just googling things and hoping for the best.

Tag someone who can relate! 😂

#Rel...
2026-06-18 12:26:31,635 [WARNING] No image found — posting text only.
2026-06-18 12:26:32,240 [WARNING] Attempt 1/3 failed: {'message': 'API access blocked.', 'type': 'OAuthException', 'code': 200, 'fbtrace_id': 'ACMjnzIDIMXI5nFKm0kuad1'}
2026-06-18 12:26:32,240 [INFO] Retrying in 30s...
2026-06-18 12:27:02,241 [WARNING] No image found — posting text only.
2026-06-18 12:27:02,392 [WARNING] Attempt 2/3 failed: {'message': 'API access blocked.', 'type': 'OAuthException', 'code': 200, 'fbtrace_id': 'AWRdsx0SB887tTx1bR9vLR9'}
2026-06-18 12:27:02,392 [INFO] Retrying in 30s...
2026-06-18 12:27:32,393 [WARNING] No image found — posting text only.
2026-06-18 12:27:33,399 [WARNING] Attempt 3/3 failed: {'message': 'API access blocked.', 'type': 'OAuthException', 'code': 200, 'fbtrace_id': 'A0xPoR6gmWAfrpCYWgnSG5N'}
2026-06-18 12:27:33,399 [ERROR] ❌ All retries failed for [funny_meme]
2026-06-18 12:27:33,399 [INFO] Publishing [self_improvement] | image: none
2026-06-18 12:27:33,399 [INFO] Caption preview: 📈 You are always... different life.

Share this with someone who needs it today! 💛

#PersonalGrowth #SelfImprovement #Be...
2026-06-18 12:27:33,399 [WARNING] No image found — posting text only.
2026-06-18 12:27:33,955 [WARNING] Attempt 1/3 failed: {'message': 'API access blocked.', 'type': 'OAuthException', 'code': 200, 'fbtrace_id': 'AHxtVlRQNUVdgYMMqsMed-h'}
2026-06-18 12:27:33,956 [INFO] Retrying in 30s...
2026-06-18 12:28:03,956 [WARNING] No image found — posting text only.
2026-06-18 12:28:04,634 [WARNING] Attempt 2/3 failed: {'message': 'API access blocked.', 'type': 'OAuthException', 'code': 200, 'fbtrace_id': 'AVAz4hsUjGULttTuiEJy7Rl'}
2026-06-18 12:28:04,634 [INFO] Retrying in 30s...
2026-06-18 12:28:34,635 [WARNING] No image found — posting text only.
2026-06-18 12:28:35,252 [WARNING] Attempt 3/3 failed: {'message': 'API access blocked.', 'type': 'OAuthException', 'code': 200, 'fbtrace_id': 'AopNCMXZtLnESpQduWlrXhc'}
2026-06-18 12:28:35,252 [ERROR] ❌ All retries failed for [self_improvement]
2026-06-18 12:28:35,253 [INFO] Retry complete. 5 still failing.
2026-06-18 12:28:35,408 [INFO] ──────────────────────────────────────────────────
2026-06-18 12:28:35,409 [INFO] ▶  Running slot: morning_motivation
2026-06-18 12:28:35,409 [INFO] ──────────────────────────────────────────────────
2026-06-18 12:28:35,410 [INFO] 📝 Content selected: Truth: if you set your goals ridiculously high and it's a failure, you will fail...
2026-06-18 12:28:35,572 [INFO] Publishing [morning_motivation] | image: /home/runner/work/bright-side-daily/bright-side-daily/images/output/morning_motivation_20260618_122835.png
2026-06-18 12:28:35,572 [INFO] Caption preview: ☀️ Truth: if you set your goals ridiculously high and it's a failure, you will fail above everyone else's success.

Shar...
2026-06-18 12:28:36,744 [WARNING] Attempt 1/3 failed: {'message': 'API access blocked.', 'type': 'OAuthException', 'code': 200, 'fbtrace_id': 'A09sfwvFLtfKWFahZUGAHLm'}
2026-06-18 12:28:36,745 [INFO] Retrying in 30s...
2026-06-18 12:29:06,977 [WARNING] Attempt 2/3 failed: {'message': 'API access blocked.', 'type': 'OAuthException', 'code': 200, 'fbtrace_id': 'A0PIHccAD_mvtM8d2zJ8g2r'}
2026-06-18 12:29:06,977 [INFO] Retrying in 30s...
2026-06-18 12:29:37,206 [WARNING] Attempt 3/3 failed: {'message': 'API access blocked.', 'type': 'OAuthException', 'code': 200, 'fbtrace_id': 'A44CllclVRoUQaJOkT4RV31'}
2026-06-18 12:29:37,206 [ERROR] ❌ All retries failed for [morning_motivation]
2026-06-18 12:29:37,207 [ERROR] ❌ Slot [morning_motivation] failed to publish.
2026-06-18 14:08:54,138 [INFO] Retrying 6 failed posts...
2026-06-18 14:08:54,138 [INFO] Publishing [evening_reflection] | image: none
2026-06-18 14:08:54,138 [INFO] Caption preview: 🌙 Remember: enjoy the little things in life, because one day you'll look back and realize they were the big things.

Sha...
2026-06-18 14:08:54,138 [WARNING] No image found — posting text only.
2026-06-18 14:08:54,446 [WARNING] Attempt 1/3 failed: {'message': 'API access blocked.', 'type': 'OAuthException', 'code': 200, 'fbtrace_id': 'AvFHR3jrAkK4IryUAY0MBlU'}
2026-06-18 14:08:54,446 [INFO] Retrying in 30s...
2026-06-18 14:09:24,446 [WARNING] No image found — posting text only.
2026-06-18 14:09:24,670 [WARNING] Attempt 2/3 failed: {'message': 'API access blocked.', 'type': 'OAuthException', 'code': 200, 'fbtrace_id': 'A4ywNbv9LgQbTq7-yqon_3S'}
2026-06-18 14:09:24,670 [INFO] Retrying in 30s...
2026-06-18 14:09:54,670 [WARNING] No image found — posting text only.
2026-06-18 14:09:54,826 [WARNING] Attempt 3/3 failed: {'message': 'API access blocked.', 'type': 'OAuthException', 'code': 200, 'fbtrace_id': 'Axew7TiyxQyDEnvAH6e1uWC'}
2026-06-18 14:09:54,826 [ERROR] ❌ All retries failed for [evening_reflection]
2026-06-18 14:09:54,827 [INFO] Publishing [engagement_question] | image: none
2026-06-18 14:09:54,827 [INFO] Caption preview: 💬 What's the kindest thing someone has done for you recently? — keep going.

Drop your answer in the comments below 👇

#...
2026-06-18 14:09:54,827 [WARNING] No image found — posting text only.
2026-06-18 14:09:54,960 [WARNING] Attempt 1/3 failed: {'message': 'API access blocked.', 'type': 'OAuthException', 'code': 200, 'fbtrace_id': 'As49mwtAROniyaTwrWe_cS9'}
2026-06-18 14:09:54,961 [INFO] Retrying in 30s...
2026-06-18 14:10:24,961 [WARNING] No image found — posting text only.
2026-06-18 14:10:25,091 [WARNING] Attempt 2/3 failed: {'message': 'API access blocked.', 'type': 'OAuthException', 'code': 200, 'fbtrace_id': 'ArE0EwfYV1SHs4d6F3KfgX9'}
2026-06-18 14:10:25,091 [INFO] Retrying in 30s...
2026-06-18 14:10:55,091 [WARNING] No image found — posting text only.
2026-06-18 14:10:55,229 [WARNING] Attempt 3/3 failed: {'message': 'API access blocked.', 'type': 'OAuthException', 'code': 200, 'fbtrace_id': 'AK-HNsBOnBayhDXtQ90NpI6'}
2026-06-18 14:10:55,229 [ERROR] ❌ All retries failed for [engagement_question]
2026-06-18 14:10:55,230 [INFO] Publishing [morning_motivation] | image: none
2026-06-18 14:10:55,230 [INFO] Caption preview: ☀️ Don't limit your challenges. Challenge your limits. — start today.

Share this with someone who needs it today! 💛

#M...
2026-06-18 14:10:55,230 [WARNING] No image found — posting text only.
2026-06-18 14:10:55,362 [WARNING] Attempt 1/3 failed: {'message': 'API access blocked.', 'type': 'OAuthException', 'code': 200, 'fbtrace_id': 'APULwK41qvoLhhWLMcD86cV'}
2026-06-18 14:10:55,363 [INFO] Retrying in 30s...
2026-06-18 14:11:25,363 [WARNING] No image found — posting text only.
2026-06-18 14:11:25,519 [WARNING] Attempt 2/3 failed: {'message': 'API access blocked.', 'type': 'OAuthException', 'code': 200, 'fbtrace_id': 'Amk3CT95PNLkQORvcDFTYGF'}
2026-06-18 14:11:25,519 [INFO] Retrying in 30s...
2026-06-18 14:11:55,519 [WARNING] No image found — posting text only.
2026-06-18 14:11:55,672 [WARNING] Attempt 3/3 failed: {'message': 'API access blocked.', 'type': 'OAuthException', 'code': 200, 'fbtrace_id': 'AJpn1V510ddw_xy5CRngJkZ'}
2026-06-18 14:11:55,673 [ERROR] ❌ All retries failed for [morning_motivation]
2026-06-18 14:11:55,673 [INFO] Publishing [funny_meme] | image: none
2026-06-18 14:11:55,673 [INFO] Caption preview: 😄 Worth repeating: adulting is mostly just googling things and hoping for the best.

Tag someone who can relate! 😂

#Rel...
2026-06-18 14:11:55,673 [WARNING] No image found — posting text only.
2026-06-18 14:11:55,804 [WARNING] Attempt 1/3 failed: {'message': 'API access blocked.', 'type': 'OAuthException', 'code': 200, 'fbtrace_id': 'AZTge4mGgeqh-_fu2sHMPnC'}
2026-06-18 14:11:55,804 [INFO] Retrying in 30s...
2026-06-18 14:12:25,804 [WARNING] No image found — posting text only.
2026-06-18 14:12:25,931 [WARNING] Attempt 2/3 failed: {'message': 'API access blocked.', 'type': 'OAuthException', 'code': 200, 'fbtrace_id': 'A7hrc7uqHyiQYcsDQme4uV3'}
2026-06-18 14:12:25,932 [INFO] Retrying in 30s...
2026-06-18 14:12:55,932 [WARNING] No image found — posting text only.
2026-06-18 14:12:56,086 [WARNING] Attempt 3/3 failed: {'message': 'API access blocked.', 'type': 'OAuthException', 'code': 200, 'fbtrace_id': 'A6wROM7CJF2ciINQZL8PZp6'}
2026-06-18 14:12:56,086 [ERROR] ❌ All retries failed for [funny_meme]
2026-06-18 14:12:56,087 [INFO] Publishing [self_improvement] | image: none
2026-06-18 14:12:56,087 [INFO] Caption preview: 📈 You are always... different life.

Share this with someone who needs it today! 💛

#PersonalGrowth #SelfImprovement #Be...
2026-06-18 14:12:56,087 [WARNING] No image found — posting text only.
2026-06-18 14:12:56,216 [WARNING] Attempt 1/3 failed: {'message': 'API access blocked.', 'type': 'OAuthException', 'code': 200, 'fbtrace_id': 'AjtzbkRgphpMihCg2OBVAVU'}
2026-06-18 14:12:56,216 [INFO] Retrying in 30s...
2026-06-18 14:13:26,216 [WARNING] No image found — posting text only.
2026-06-18 14:13:26,344 [WARNING] Attempt 2/3 failed: {'message': 'API access blocked.', 'type': 'OAuthException', 'code': 200, 'fbtrace_id': 'AoLnOq6JK-6Se9t1-KVZXTZ'}
2026-06-18 14:13:26,344 [INFO] Retrying in 30s...
2026-06-18 14:13:56,344 [WARNING] No image found — posting text only.
2026-06-18 14:13:56,479 [WARNING] Attempt 3/3 failed: {'message': 'API access blocked.', 'type': 'OAuthException', 'code': 200, 'fbtrace_id': 'AMq3rwUDeIcJqzfwLSfgr4B'}
2026-06-18 14:13:56,479 [ERROR] ❌ All retries failed for [self_improvement]
2026-06-18 14:13:56,480 [INFO] Publishing [morning_motivation] | image: none
2026-06-18 14:13:56,480 [INFO] Caption preview: ☀️ Truth: if you set your goals ridiculously high and it's a failure, you will fail above everyone else's success.

Shar...
2026-06-18 14:13:56,480 [WARNING] No image found — posting text only.
2026-06-18 14:13:56,637 [WARNING] Attempt 1/3 failed: {'message': 'API access blocked.', 'type': 'OAuthException', 'code': 200, 'fbtrace_id': 'Aeh6ikQJHHtAWbDDsQZyE9u'}
2026-06-18 14:13:56,637 [INFO] Retrying in 30s...
2026-06-18 14:14:26,638 [WARNING] No image found — posting text only.
2026-06-18 14:14:26,767 [WARNING] Attempt 2/3 failed: {'message': 'API access blocked.', 'type': 'OAuthException', 'code': 200, 'fbtrace_id': 'ANC6M2k8w8LYW1nVfs2Vy8K'}
2026-06-18 14:14:26,767 [INFO] Retrying in 30s...
2026-06-18 14:14:56,767 [WARNING] No image found — posting text only.
2026-06-18 14:14:56,897 [WARNING] Attempt 3/3 failed: {'message': 'API access blocked.', 'type': 'OAuthException', 'code': 200, 'fbtrace_id': 'A8tDYF1O-4yOJoNxKrlftdF'}
2026-06-18 14:14:56,897 [ERROR] ❌ All retries failed for [morning_motivation]
2026-06-18 14:14:56,898 [INFO] Retry complete. 6 still failing.
2026-06-18 14:14:57,055 [INFO] ──────────────────────────────────────────────────
2026-06-18 14:14:57,055 [INFO] ▶  Running slot: morning_motivation
2026-06-18 14:14:57,055 [INFO] ──────────────────────────────────────────────────
2026-06-18 14:14:57,056 [INFO] 📝 Content selected: Start where you are. Use what you have. Do what you can. — share this!...
2026-06-18 14:14:57,166 [INFO] Publishing [morning_motivation] | image: /home/runner/work/bright-side-daily/bright-side-daily/images/output/morning_motivation_20260618_141457.png
2026-06-18 14:14:57,166 [INFO] Caption preview: ☀️ Start where you are. Use what you have. Do what you can. — share this!

Share this with someone who needs it today! 💛...
2026-06-18 14:14:57,441 [WARNING] Attempt 1/3 failed: {'message': 'API access blocked.', 'type': 'OAuthException', 'code': 200, 'fbtrace_id': 'ADzx4MX7P6olPc2DmYXlzyA'}
2026-06-18 14:14:57,441 [INFO] Retrying in 30s...
2026-06-18 14:15:27,763 [WARNING] Attempt 2/3 failed: {'message': 'API access blocked.', 'type': 'OAuthException', 'code': 200, 'fbtrace_id': 'Adq4iDr0eEFBwm6tjBbhDhJ'}
2026-06-18 14:15:27,763 [INFO] Retrying in 30s...
2026-06-18 14:15:57,991 [WARNING] Attempt 3/3 failed: {'message': 'API access blocked.', 'type': 'OAuthException', 'code': 200, 'fbtrace_id': 'AzJpagF9q8oMzejsmeuQRbu'}
2026-06-18 14:15:57,991 [ERROR] ❌ All retries failed for [morning_motivation]
2026-06-18 14:15:57,992 [ERROR] ❌ Slot [morning_motivation] failed to publish.
2026-06-18 15:41:12,112 [INFO] Retrying 7 failed posts...
2026-06-18 15:41:12,112 [INFO] Publishing [evening_reflection] | image: none
2026-06-18 15:41:12,112 [INFO] Caption preview: 🌙 Remember: enjoy the little things in life, because one day you'll look back and realize they were the big things.

Sha...
2026-06-18 15:41:12,113 [WARNING] No image found — posting text only.
2026-06-18 15:41:12,329 [WARNING] Attempt 1/3 failed: {'message': 'API access blocked.', 'type': 'OAuthException', 'code': 200, 'fbtrace_id': 'AF_es48RvEqTx2-LmtLU9er'}
2026-06-18 15:41:12,329 [INFO] Retrying in 30s...
2026-06-18 15:41:42,329 [WARNING] No image found — posting text only.
2026-06-18 15:41:42,436 [WARNING] Attempt 2/3 failed: {'message': 'API access blocked.', 'type': 'OAuthException', 'code': 200, 'fbtrace_id': 'A7pjbUX5ESE8H_g5UzUomSW'}
2026-06-18 15:41:42,436 [INFO] Retrying in 30s...
2026-06-18 15:42:12,436 [WARNING] No image found — posting text only.
2026-06-18 15:42:12,562 [WARNING] Attempt 3/3 failed: {'message': 'API access blocked.', 'type': 'OAuthException', 'code': 200, 'fbtrace_id': 'AgzIbyffojKAe-dxTCZBnqn'}
2026-06-18 15:42:12,562 [ERROR] ❌ All retries failed for [evening_reflection]
2026-06-18 15:42:12,563 [INFO] Publishing [engagement_question] | image: none
2026-06-18 15:42:12,563 [INFO] Caption preview: 💬 What's the kindest thing someone has done for you recently? — keep going.

Drop your answer in the comments below 👇

#...
2026-06-18 15:42:12,563 [WARNING] No image found — posting text only.
2026-06-18 15:42:12,674 [WARNING] Attempt 1/3 failed: {'message': 'API access blocked.', 'type': 'OAuthException', 'code': 200, 'fbtrace_id': 'AHSPoShpQbdm6LbhG5qLEr0'}
2026-06-18 15:42:12,675 [INFO] Retrying in 30s...
2026-06-18 15:42:42,675 [WARNING] No image found — posting text only.
2026-06-18 15:42:42,791 [WARNING] Attempt 2/3 failed: {'message': 'API access blocked.', 'type': 'OAuthException', 'code': 200, 'fbtrace_id': 'AKMtPw4Pz9MFWjeTnPmwjaR'}
2026-06-18 15:42:42,791 [INFO] Retrying in 30s...
2026-06-18 15:43:12,791 [WARNING] No image found — posting text only.
2026-06-18 15:43:12,952 [WARNING] Attempt 3/3 failed: {'message': 'API access blocked.', 'type': 'OAuthException', 'code': 200, 'fbtrace_id': 'AclGklacIgXcRwl5FqKh1Vx'}
2026-06-18 15:43:12,952 [ERROR] ❌ All retries failed for [engagement_question]
2026-06-18 15:43:12,953 [INFO] Publishing [morning_motivation] | image: none
2026-06-18 15:43:12,953 [INFO] Caption preview: ☀️ Don't limit your challenges. Challenge your limits. — start today.

Share this with someone who needs it today! 💛

#M...
2026-06-18 15:43:12,953 [WARNING] No image found — posting text only.
2026-06-18 15:43:13,071 [WARNING] Attempt 1/3 failed: {'message': 'API access blocked.', 'type': 'OAuthException', 'code': 200, 'fbtrace_id': 'ABUMdzarkOpq3JhpRZO5lqv'}
2026-06-18 15:43:13,071 [INFO] Retrying in 30s...
2026-06-18 15:43:43,072 [WARNING] No image found — posting text only.
2026-06-18 15:43:43,239 [WARNING] Attempt 2/3 failed: {'message': 'API access blocked.', 'type': 'OAuthException', 'code': 200, 'fbtrace_id': 'AZMJY5nOBzYj6SFXkgHtiaJ'}
2026-06-18 15:43:43,239 [INFO] Retrying in 30s...
2026-06-18 15:44:13,239 [WARNING] No image found — posting text only.
2026-06-18 15:44:13,467 [WARNING] Attempt 3/3 failed: {'message': 'API access blocked.', 'type': 'OAuthException', 'code': 200, 'fbtrace_id': 'AQTllPsASgCde2YeT2jSTYO'}
2026-06-18 15:44:13,467 [ERROR] ❌ All retries failed for [morning_motivation]
2026-06-18 15:44:13,468 [INFO] Publishing [funny_meme] | image: none
2026-06-18 15:44:13,468 [INFO] Caption preview: 😄 Worth repeating: adulting is mostly just googling things and hoping for the best.

Tag someone who can relate! 😂

#Rel...
2026-06-18 15:44:13,468 [WARNING] No image found — posting text only.
2026-06-18 15:44:13,576 [WARNING] Attempt 1/3 failed: {'message': 'API access blocked.', 'type': 'OAuthException', 'code': 200, 'fbtrace_id': 'Aixl6MBJIIt8eH-nbirQmaD'}
2026-06-18 15:44:13,576 [INFO] Retrying in 30s...
2026-06-18 15:44:43,576 [WARNING] No image found — posting text only.
2026-06-18 15:44:43,686 [WARNING] Attempt 2/3 failed: {'message': 'API access blocked.', 'type': 'OAuthException', 'code': 200, 'fbtrace_id': 'AkqFYJ6IjUJGf0bonb3Zokj'}
2026-06-18 15:44:43,686 [INFO] Retrying in 30s...
2026-06-18 15:45:13,687 [WARNING] No image found — posting text only.
2026-06-18 15:45:13,794 [WARNING] Attempt 3/3 failed: {'message': 'API access blocked.', 'type': 'OAuthException', 'code': 200, 'fbtrace_id': 'AplIiboeQ4mnT3w5zCuJK1C'}
2026-06-18 15:45:13,794 [ERROR] ❌ All retries failed for [funny_meme]
2026-06-18 15:45:13,795 [INFO] Publishing [self_improvement] | image: none
2026-06-18 15:45:13,795 [INFO] Caption preview: 📈 You are always... different life.

Share this with someone who needs it today! 💛

#PersonalGrowth #SelfImprovement #Be...
2026-06-18 15:45:13,795 [WARNING] No image found — posting text only.
2026-06-18 15:45:13,868 [WARNING] Attempt 1/3 failed: {'message': 'API access blocked.', 'type': 'OAuthException', 'code': 200, 'fbtrace_id': 'ARZtOPkZ2nPmOZFXQE1A22J'}
2026-06-18 15:45:13,869 [INFO] Retrying in 30s...
2026-06-18 15:45:43,869 [WARNING] No image found — posting text only.
2026-06-18 15:45:43,944 [WARNING] Attempt 2/3 failed: {'message': 'API access blocked.', 'type': 'OAuthException', 'code': 200, 'fbtrace_id': 'A2F5Av-lslbaoRNff7eNAUk'}
2026-06-18 15:45:43,944 [INFO] Retrying in 30s...
2026-06-18 15:46:13,944 [WARNING] No image found — posting text only.
2026-06-18 15:46:14,054 [WARNING] Attempt 3/3 failed: {'message': 'API access blocked.', 'type': 'OAuthException', 'code': 200, 'fbtrace_id': 'AgEmtB6vr1COwrXrrH8f1by'}
2026-06-18 15:46:14,054 [ERROR] ❌ All retries failed for [self_improvement]
2026-06-18 15:46:14,055 [INFO] Publishing [morning_motivation] | image: none
2026-06-18 15:46:14,055 [INFO] Caption preview: ☀️ Truth: if you set your goals ridiculously high and it's a failure, you will fail above everyone else's success.

Shar...
2026-06-18 15:46:14,055 [WARNING] No image found — posting text only.
2026-06-18 15:46:14,164 [WARNING] Attempt 1/3 failed: {'message': 'API access blocked.', 'type': 'OAuthException', 'code': 200, 'fbtrace_id': 'A_fwC0myT45Ig8MBEzgjmkr'}
2026-06-18 15:46:14,164 [INFO] Retrying in 30s...
2026-06-18 15:46:44,165 [WARNING] No image found — posting text only.
2026-06-18 15:46:44,288 [WARNING] Attempt 2/3 failed: {'message': 'API access blocked.', 'type': 'OAuthException', 'code': 200, 'fbtrace_id': 'AYwNIOUMqU5M8i0HGM2rHTE'}
2026-06-18 15:46:44,288 [INFO] Retrying in 30s...
2026-06-18 15:47:14,288 [WARNING] No image found — posting text only.
2026-06-18 15:47:14,405 [WARNING] Attempt 3/3 failed: {'message': 'API access blocked.', 'type': 'OAuthException', 'code': 200, 'fbtrace_id': 'AJqJwncyiSfszGSu5N48ywd'}
2026-06-18 15:47:14,405 [ERROR] ❌ All retries failed for [morning_motivation]
2026-06-18 15:47:14,406 [INFO] Publishing [morning_motivation] | image: none
2026-06-18 15:47:14,406 [INFO] Caption preview: ☀️ Start where you are. Use what you have. Do what you can. — share this!

Share this with someone who needs it today! 💛...
2026-06-18 15:47:14,406 [WARNING] No image found — posting text only.
2026-06-18 15:47:14,516 [WARNING] Attempt 1/3 failed: {'message': 'API access blocked.', 'type': 'OAuthException', 'code': 200, 'fbtrace_id': 'Agag6O1aLYHv7tmEbGj1WDL'}
2026-06-18 15:47:14,517 [INFO] Retrying in 30s...
2026-06-18 15:47:44,517 [WARNING] No image found — posting text only.
2026-06-18 15:47:44,600 [WARNING] Attempt 2/3 failed: {'message': 'API access blocked.', 'type': 'OAuthException', 'code': 200, 'fbtrace_id': 'AOXmRF_ropyYi30iw8eQHis'}
2026-06-18 15:47:44,600 [INFO] Retrying in 30s...
2026-06-18 15:48:14,600 [WARNING] No image found — posting text only.
2026-06-18 15:48:15,437 [WARNING] Attempt 3/3 failed: {'message': 'API access blocked.', 'type': 'OAuthException', 'code': 200, 'fbtrace_id': 'AoYRcD1ez2do-OtYhwtGD5-'}
2026-06-18 15:48:15,437 [ERROR] ❌ All retries failed for [morning_motivation]
2026-06-18 15:48:15,439 [INFO] Retry complete. 7 still failing.
2026-06-18 15:48:15,596 [INFO] ──────────────────────────────────────────────────
2026-06-18 15:48:15,596 [INFO] ▶  Running slot: morning_motivation
2026-06-18 15:48:15,596 [INFO] ──────────────────────────────────────────────────
2026-06-18 15:48:15,597 [INFO] 📝 Content selected: It does not matter how slowly you go as long as you do not stop. — share this!...
2026-06-18 15:48:15,708 [INFO] Publishing [morning_motivation] | image: /home/runner/work/bright-side-daily/bright-side-daily/images/output/morning_motivation_20260618_154815.png
2026-06-18 15:48:15,708 [INFO] Caption preview: ☀️ It does not matter how slowly you go as long as you do not stop. — share this!

Share this with someone who needs it ...
2026-06-18 15:48:17,153 [WARNING] Attempt 1/3 failed: {'message': 'API access blocked.', 'type': 'OAuthException', 'code': 200, 'fbtrace_id': 'AMqf41_4wSaEadiMJBl9uBT'}
2026-06-18 15:48:17,153 [INFO] Retrying in 30s...
2026-06-18 15:48:47,333 [WARNING] Attempt 2/3 failed: {'message': 'API access blocked.', 'type': 'OAuthException', 'code': 200, 'fbtrace_id': 'Akl6iaV_VuJCR23s_FK1YlA'}
2026-06-18 15:48:47,333 [INFO] Retrying in 30s...
2026-06-18 15:49:17,509 [WARNING] Attempt 3/3 failed: {'message': 'API access blocked.', 'type': 'OAuthException', 'code': 200, 'fbtrace_id': 'AOKn06nSupx2Tc5AU_9YB-A'}
2026-06-18 15:49:17,509 [ERROR] ❌ All retries failed for [morning_motivation]
2026-06-18 15:49:17,510 [ERROR] ❌ Slot [morning_motivation] failed to publish.
2026-06-18 15:51:28,355 [INFO] Retrying 8 failed posts...
2026-06-18 15:51:28,356 [INFO] Publishing [evening_reflection] | image: none
2026-06-18 15:51:28,356 [INFO] Caption preview: 🌙 Remember: enjoy the little things in life, because one day you'll look back and realize they were the big things.

Sha...
2026-06-18 15:51:28,356 [WARNING] No image found — posting text only.
2026-06-18 15:51:28,661 [WARNING] Attempt 1/3 failed: {'message': '(#200) If posting to a group, requires app being installed in the group, and \\\n          either publish_to_groups permission with user token, or both pages_read_engagement \\\n          and pages_manage_posts permission with page token; If posting to a page, \\\n          requires both pages_read_engagement and pages_manage_posts as an admin with \\\n          sufficient administrative permission', 'type': 'OAuthException', 'code': 200, 'fbtrace_id': 'ACkS-ahVBlssBrA6huO6OZ6'}
2026-06-18 15:51:28,661 [INFO] Retrying in 30s...
2026-06-18 15:51:58,661 [WARNING] No image found — posting text only.
2026-06-18 15:51:59,489 [WARNING] Attempt 2/3 failed: {'message': '(#200) If posting to a group, requires app being installed in the group, and \\\n          either publish_to_groups permission with user token, or both pages_read_engagement \\\n          and pages_manage_posts permission with page token; If posting to a page, \\\n          requires both pages_read_engagement and pages_manage_posts as an admin with \\\n          sufficient administrative permission', 'type': 'OAuthException', 'code': 200, 'fbtrace_id': 'Ae1s6s7yoLxLLKxoH1GECyG'}
2026-06-18 15:51:59,490 [INFO] Retrying in 30s...
2026-06-18 15:52:29,490 [WARNING] No image found — posting text only.
2026-06-18 15:52:29,630 [WARNING] Attempt 3/3 failed: {'message': '(#200) If posting to a group, requires app being installed in the group, and \\\n          either publish_to_groups permission with user token, or both pages_read_engagement \\\n          and pages_manage_posts permission with page token; If posting to a page, \\\n          requires both pages_read_engagement and pages_manage_posts as an admin with \\\n          sufficient administrative permission', 'type': 'OAuthException', 'code': 200, 'fbtrace_id': 'Affxol2UitNa86FkbunlmFK'}
2026-06-18 15:52:29,630 [ERROR] ❌ All retries failed for [evening_reflection]
2026-06-18 15:52:29,631 [INFO] Publishing [engagement_question] | image: none
2026-06-18 15:52:29,631 [INFO] Caption preview: 💬 What's the kindest thing someone has done for you recently? — keep going.

Drop your answer in the comments below 👇

#...
2026-06-18 15:52:29,631 [WARNING] No image found — posting text only.
2026-06-18 15:52:29,779 [WARNING] Attempt 1/3 failed: {'message': '(#200) If posting to a group, requires app being installed in the group, and \\\n          either publish_to_groups permission with user token, or both pages_read_engagement \\\n          and pages_manage_posts permission with page token; If posting to a page, \\\n          requires both pages_read_engagement and pages_manage_posts as an admin with \\\n          sufficient administrative permission', 'type': 'OAuthException', 'code': 200, 'fbtrace_id': 'ABO_ujpySyUhoQ342XT7vk1'}
2026-06-18 15:52:29,779 [INFO] Retrying in 30s...
2026-06-18 15:52:59,779 [WARNING] No image found — posting text only.
2026-06-18 15:52:59,976 [WARNING] Attempt 2/3 failed: {'message': '(#200) If posting to a group, requires app being installed in the group, and \\\n          either publish_to_groups permission with user token, or both pages_read_engagement \\\n          and pages_manage_posts permission with page token; If posting to a page, \\\n          requires both pages_read_engagement and pages_manage_posts as an admin with \\\n          sufficient administrative permission', 'type': 'OAuthException', 'code': 200, 'fbtrace_id': 'AECAH0CC96He7KUrrHjI4PW'}
2026-06-18 15:52:59,976 [INFO] Retrying in 30s...
2026-06-18 15:53:29,976 [WARNING] No image found — posting text only.
2026-06-18 15:53:30,116 [WARNING] Attempt 3/3 failed: {'message': '(#200) If posting to a group, requires app being installed in the group, and \\\n          either publish_to_groups permission with user token, or both pages_read_engagement \\\n          and pages_manage_posts permission with page token; If posting to a page, \\\n          requires both pages_read_engagement and pages_manage_posts as an admin with \\\n          sufficient administrative permission', 'type': 'OAuthException', 'code': 200, 'fbtrace_id': 'AtRsvE8lKAm1fmiCefM26Z1'}
2026-06-18 15:53:30,116 [ERROR] ❌ All retries failed for [engagement_question]
2026-06-18 15:53:30,117 [INFO] Publishing [morning_motivation] | image: none
2026-06-18 15:53:30,117 [INFO] Caption preview: ☀️ Don't limit your challenges. Challenge your limits. — start today.

Share this with someone who needs it today! 💛

#M...
2026-06-18 15:53:30,117 [WARNING] No image found — posting text only.
2026-06-18 15:53:30,252 [WARNING] Attempt 1/3 failed: {'message': '(#200) If posting to a group, requires app being installed in the group, and \\\n          either publish_to_groups permission with user token, or both pages_read_engagement \\\n          and pages_manage_posts permission with page token; If posting to a page, \\\n          requires both pages_read_engagement and pages_manage_posts as an admin with \\\n          sufficient administrative permission', 'type': 'OAuthException', 'code': 200, 'fbtrace_id': 'ASRuJ802omatVPECMyrmCpJ'}
2026-06-18 15:53:30,252 [INFO] Retrying in 30s...
2026-06-18 15:54:00,252 [WARNING] No image found — posting text only.
2026-06-18 15:54:00,379 [WARNING] Attempt 2/3 failed: {'message': '(#200) If posting to a group, requires app being installed in the group, and \\\n          either publish_to_groups permission with user token, or both pages_read_engagement \\\n          and pages_manage_posts permission with page token; If posting to a page, \\\n          requires both pages_read_engagement and pages_manage_posts as an admin with \\\n          sufficient administrative permission', 'type': 'OAuthException', 'code': 200, 'fbtrace_id': 'AiDM90gs1U_EbhNEtcsT5uE'}
2026-06-18 15:54:00,380 [INFO] Retrying in 30s...
2026-06-18 15:54:30,380 [WARNING] No image found — posting text only.
2026-06-18 15:54:30,552 [WARNING] Attempt 3/3 failed: {'message': '(#200) If posting to a group, requires app being installed in the group, and \\\n          either publish_to_groups permission with user token, or both pages_read_engagement \\\n          and pages_manage_posts permission with page token; If posting to a page, \\\n          requires both pages_read_engagement and pages_manage_posts as an admin with \\\n          sufficient administrative permission', 'type': 'OAuthException', 'code': 200, 'fbtrace_id': 'Aov9BkIWJY1W_9AgrM-X3hp'}
2026-06-18 15:54:30,553 [ERROR] ❌ All retries failed for [morning_motivation]
2026-06-18 15:54:30,553 [INFO] Publishing [funny_meme] | image: none
2026-06-18 15:54:30,554 [INFO] Caption preview: 😄 Worth repeating: adulting is mostly just googling things and hoping for the best.

Tag someone who can relate! 😂

#Rel...
2026-06-18 15:54:30,554 [WARNING] No image found — posting text only.
2026-06-18 15:54:30,743 [WARNING] Attempt 1/3 failed: {'message': '(#200) If posting to a group, requires app being installed in the group, and \\\n          either publish_to_groups permission with user token, or both pages_read_engagement \\\n          and pages_manage_posts permission with page token; If posting to a page, \\\n          requires both pages_read_engagement and pages_manage_posts as an admin with \\\n          sufficient administrative permission', 'type': 'OAuthException', 'code': 200, 'fbtrace_id': 'AUNXFAPU6FO1qKZybMcEOnp'}
2026-06-18 15:54:30,744 [INFO] Retrying in 30s...
2026-06-18 15:55:00,744 [WARNING] No image found — posting text only.
2026-06-18 15:55:00,924 [WARNING] Attempt 2/3 failed: {'message': '(#200) If posting to a group, requires app being installed in the group, and \\\n          either publish_to_groups permission with user token, or both pages_read_engagement \\\n          and pages_manage_posts permission with page token; If posting to a page, \\\n          requires both pages_read_engagement and pages_manage_posts as an admin with \\\n          sufficient administrative permission', 'type': 'OAuthException', 'code': 200, 'fbtrace_id': 'A8uSuGjmc7JDC8pOIVAgg98'}
2026-06-18 15:55:00,924 [INFO] Retrying in 30s...
2026-06-18 15:55:30,924 [WARNING] No image found — posting text only.
2026-06-18 15:55:31,086 [WARNING] Attempt 3/3 failed: {'message': '(#200) If posting to a group, requires app being installed in the group, and \\\n          either publish_to_groups permission with user token, or both pages_read_engagement \\\n          and pages_manage_posts permission with page token; If posting to a page, \\\n          requires both pages_read_engagement and pages_manage_posts as an admin with \\\n          sufficient administrative permission', 'type': 'OAuthException', 'code': 200, 'fbtrace_id': 'AWP-IjksN5R6KQ8PlQh8P_I'}
2026-06-18 15:55:31,086 [ERROR] ❌ All retries failed for [funny_meme]
2026-06-18 15:55:31,087 [INFO] Publishing [self_improvement] | image: none
2026-06-18 15:55:31,087 [INFO] Caption preview: 📈 You are always... different life.

Share this with someone who needs it today! 💛

#PersonalGrowth #SelfImprovement #Be...
2026-06-18 15:55:31,087 [WARNING] No image found — posting text only.
2026-06-18 15:55:31,235 [WARNING] Attempt 1/3 failed: {'message': '(#200) If posting to a group, requires app being installed in the group, and \\\n          either publish_to_groups permission with user token, or both pages_read_engagement \\\n          and pages_manage_posts permission with page token; If posting to a page, \\\n          requires both pages_read_engagement and pages_manage_posts as an admin with \\\n          sufficient administrative permission', 'type': 'OAuthException', 'code': 200, 'fbtrace_id': 'A0RnKQLD2WIVOKzvgviAbhn'}
2026-06-18 15:55:31,236 [INFO] Retrying in 30s...
2026-06-18 15:56:01,236 [WARNING] No image found — posting text only.
2026-06-18 15:56:01,374 [WARNING] Attempt 2/3 failed: {'message': '(#200) If posting to a group, requires app being installed in the group, and \\\n          either publish_to_groups permission with user token, or both pages_read_engagement \\\n          and pages_manage_posts permission with page token; If posting to a page, \\\n          requires both pages_read_engagement and pages_manage_posts as an admin with \\\n          sufficient administrative permission', 'type': 'OAuthException', 'code': 200, 'fbtrace_id': 'AgbPYU9F3MTnAXP9W8wkuQx'}
2026-06-18 15:56:01,374 [INFO] Retrying in 30s...
2026-06-18 15:56:31,374 [WARNING] No image found — posting text only.
2026-06-18 15:56:31,533 [WARNING] Attempt 3/3 failed: {'message': '(#200) If posting to a group, requires app being installed in the group, and \\\n          either publish_to_groups permission with user token, or both pages_read_engagement \\\n          and pages_manage_posts permission with page token; If posting to a page, \\\n          requires both pages_read_engagement and pages_manage_posts as an admin with \\\n          sufficient administrative permission', 'type': 'OAuthException', 'code': 200, 'fbtrace_id': 'At6W0tLqQRhc8IHaT7Yf74-'}
2026-06-18 15:56:31,533 [ERROR] ❌ All retries failed for [self_improvement]
2026-06-18 15:56:31,534 [INFO] Publishing [morning_motivation] | image: none
2026-06-18 15:56:31,534 [INFO] Caption preview: ☀️ Truth: if you set your goals ridiculously high and it's a failure, you will fail above everyone else's success.

Shar...
2026-06-18 15:56:31,534 [WARNING] No image found — posting text only.
2026-06-18 15:56:31,676 [WARNING] Attempt 1/3 failed: {'message': '(#200) If posting to a group, requires app being installed in the group, and \\\n          either publish_to_groups permission with user token, or both pages_read_engagement \\\n          and pages_manage_posts permission with page token; If posting to a page, \\\n          requires both pages_read_engagement and pages_manage_posts as an admin with \\\n          sufficient administrative permission', 'type': 'OAuthException', 'code': 200, 'fbtrace_id': 'A4w-0nMLKol4mqEayYSxUUq'}
2026-06-18 15:56:31,676 [INFO] Retrying in 30s...
2026-06-18 15:57:01,676 [WARNING] No image found — posting text only.
2026-06-18 15:57:01,880 [WARNING] Attempt 2/3 failed: {'message': '(#200) If posting to a group, requires app being installed in the group, and \\\n          either publish_to_groups permission with user token, or both pages_read_engagement \\\n          and pages_manage_posts permission with page token; If posting to a page, \\\n          requires both pages_read_engagement and pages_manage_posts as an admin with \\\n          sufficient administrative permission', 'type': 'OAuthException', 'code': 200, 'fbtrace_id': 'A-N4AboZA__MFO3bGT_AwRH'}
2026-06-18 15:57:01,880 [INFO] Retrying in 30s...
2026-06-18 15:57:31,880 [WARNING] No image found — posting text only.
2026-06-18 15:57:32,015 [WARNING] Attempt 3/3 failed: {'message': '(#200) If posting to a group, requires app being installed in the group, and \\\n          either publish_to_groups permission with user token, or both pages_read_engagement \\\n          and pages_manage_posts permission with page token; If posting to a page, \\\n          requires both pages_read_engagement and pages_manage_posts as an admin with \\\n          sufficient administrative permission', 'type': 'OAuthException', 'code': 200, 'fbtrace_id': 'AVOY_tPC4sHHNl6SbnNZ-Js'}
2026-06-18 15:57:32,015 [ERROR] ❌ All retries failed for [morning_motivation]
2026-06-18 15:57:32,016 [INFO] Publishing [morning_motivation] | image: none
2026-06-18 15:57:32,016 [INFO] Caption preview: ☀️ Start where you are. Use what you have. Do what you can. — share this!

Share this with someone who needs it today! 💛...
2026-06-18 15:57:32,016 [WARNING] No image found — posting text only.
2026-06-18 15:57:32,152 [WARNING] Attempt 1/3 failed: {'message': '(#200) If posting to a group, requires app being installed in the group, and \\\n          either publish_to_groups permission with user token, or both pages_read_engagement \\\n          and pages_manage_posts permission with page token; If posting to a page, \\\n          requires both pages_read_engagement and pages_manage_posts as an admin with \\\n          sufficient administrative permission', 'type': 'OAuthException', 'code': 200, 'fbtrace_id': 'AIpTm1JqHpa7CgmFQsiHbR-'}
2026-06-18 15:57:32,152 [INFO] Retrying in 30s...
2026-06-18 15:58:02,153 [WARNING] No image found — posting text only.
2026-06-18 15:58:02,293 [WARNING] Attempt 2/3 failed: {'message': '(#200) If posting to a group, requires app being installed in the group, and \\\n          either publish_to_groups permission with user token, or both pages_read_engagement \\\n          and pages_manage_posts permission with page token; If posting to a page, \\\n          requires both pages_read_engagement and pages_manage_posts as an admin with \\\n          sufficient administrative permission', 'type': 'OAuthException', 'code': 200, 'fbtrace_id': 'A0iyMOgcqTksvGRXwrZsLuo'}
2026-06-18 15:58:02,293 [INFO] Retrying in 30s...
2026-06-18 15:58:32,293 [WARNING] No image found — posting text only.
2026-06-18 15:58:32,428 [WARNING] Attempt 3/3 failed: {'message': '(#200) If posting to a group, requires app being installed in the group, and \\\n          either publish_to_groups permission with user token, or both pages_read_engagement \\\n          and pages_manage_posts permission with page token; If posting to a page, \\\n          requires both pages_read_engagement and pages_manage_posts as an admin with \\\n          sufficient administrative permission', 'type': 'OAuthException', 'code': 200, 'fbtrace_id': 'AFIpVwxlMBEHCMm033AzYuu'}
2026-06-18 15:58:32,428 [ERROR] ❌ All retries failed for [morning_motivation]
2026-06-18 15:58:32,429 [INFO] Publishing [morning_motivation] | image: none
2026-06-18 15:58:32,429 [INFO] Caption preview: ☀️ It does not matter how slowly you go as long as you do not stop. — share this!

Share this with someone who needs it ...
2026-06-18 15:58:32,429 [WARNING] No image found — posting text only.
2026-06-18 15:58:32,539 [WARNING] Attempt 1/3 failed: {'message': '(#200) If posting to a group, requires app being installed in the group, and \\\n          either publish_to_groups permission with user token, or both pages_read_engagement \\\n          and pages_manage_posts permission with page token; If posting to a page, \\\n          requires both pages_read_engagement and pages_manage_posts as an admin with \\\n          sufficient administrative permission', 'type': 'OAuthException', 'code': 200, 'fbtrace_id': 'AiZ7q2oegqo_CCooUiZmfbF'}
2026-06-18 15:58:32,540 [INFO] Retrying in 30s...
2026-06-18 15:59:02,540 [WARNING] No image found — posting text only.
2026-06-18 15:59:02,709 [WARNING] Attempt 2/3 failed: {'message': '(#200) If posting to a group, requires app being installed in the group, and \\\n          either publish_to_groups permission with user token, or both pages_read_engagement \\\n          and pages_manage_posts permission with page token; If posting to a page, \\\n          requires both pages_read_engagement and pages_manage_posts as an admin with \\\n          sufficient administrative permission', 'type': 'OAuthException', 'code': 200, 'fbtrace_id': 'AZ_mh_WzYhdr1D2Zswc8rba'}
2026-06-18 15:59:02,709 [INFO] Retrying in 30s...
2026-06-18 15:59:32,709 [WARNING] No image found — posting text only.
2026-06-18 15:59:32,838 [WARNING] Attempt 3/3 failed: {'message': '(#200) If posting to a group, requires app being installed in the group, and \\\n          either publish_to_groups permission with user token, or both pages_read_engagement \\\n          and pages_manage_posts permission with page token; If posting to a page, \\\n          requires both pages_read_engagement and pages_manage_posts as an admin with \\\n          sufficient administrative permission', 'type': 'OAuthException', 'code': 200, 'fbtrace_id': 'AC6VhbGzv66h9IE0FXxdrY3'}
2026-06-18 15:59:32,839 [ERROR] ❌ All retries failed for [morning_motivation]
2026-06-18 15:59:32,840 [INFO] Retry complete. 8 still failing.
2026-06-18 15:59:32,999 [INFO] ──────────────────────────────────────────────────
2026-06-18 15:59:33,000 [INFO] ▶  Running slot: morning_motivation
2026-06-18 15:59:33,000 [INFO] ──────────────────────────────────────────────────
2026-06-18 15:59:33,001 [INFO] 📝 Content selected: Always know that don't stop when you're tired. stop when you're done....
2026-06-18 15:59:33,113 [INFO] Publishing [morning_motivation] | image: /home/runner/work/bright-side-daily/bright-side-daily/images/output/morning_motivation_20260618_155933.png
2026-06-18 15:59:33,114 [INFO] Caption preview: ☀️ Always know that don't stop when you're tired. stop when you're done.

Share this with someone who needs it today! 💛
...
2026-06-18 15:59:33,261 [WARNING] Attempt 1/3 failed: {'message': '(#200) The permission(s) publish_actions are not available. It has been deprecated. If you want to provide a way for your app users to share content to Facebook, we encourage you to use our Sharing products instead.', 'type': 'OAuthException', 'code': 200, 'fbtrace_id': 'AI0AhMa8rMMh-hpdp__NwXP'}
2026-06-18 15:59:33,261 [INFO] Retrying in 30s...
2026-06-18 16:00:03,391 [WARNING] Attempt 2/3 failed: {'message': '(#200) The permission(s) publish_actions are not available. It has been deprecated. If you want to provide a way for your app users to share content to Facebook, we encourage you to use our Sharing products instead.', 'type': 'OAuthException', 'code': 200, 'fbtrace_id': 'AOYaOiy5e0nG6VtDEMEpnIZ'}
2026-06-18 16:00:03,391 [INFO] Retrying in 30s...
2026-06-18 16:00:33,515 [WARNING] Attempt 3/3 failed: {'message': '(#200) The permission(s) publish_actions are not available. It has been deprecated. If you want to provide a way for your app users to share content to Facebook, we encourage you to use our Sharing products instead.', 'type': 'OAuthException', 'code': 200, 'fbtrace_id': 'AbdYTrU2j1oTulWRWnaYGm6'}
2026-06-18 16:00:33,515 [ERROR] ❌ All retries failed for [morning_motivation]
2026-06-18 16:00:33,515 [ERROR] ❌ Slot [morning_motivation] failed to publish.
2026-06-18 16:04:20,493 [INFO] Retrying 9 failed posts...
2026-06-18 16:04:20,493 [INFO] Publishing [evening_reflection] | image: none
2026-06-18 16:04:20,493 [INFO] Caption preview: 🌙 Remember: enjoy the little things in life, because one day you'll look back and realize they were the big things.

Sha...
2026-06-18 16:04:20,493 [WARNING] No image found — posting text only.
2026-06-18 16:04:23,728 [INFO] ✅ Posted successfully [evening_reflection]
2026-06-18 16:04:23,729 [INFO] Publishing [engagement_question] | image: none
2026-06-18 16:04:23,729 [INFO] Caption preview: 💬 What's the kindest thing someone has done for you recently? — keep going.

Drop your answer in the comments below 👇

#...
2026-06-18 16:04:23,729 [WARNING] No image found — posting text only.
2026-06-18 16:04:26,359 [INFO] ✅ Posted successfully [engagement_question]
2026-06-18 16:04:26,360 [INFO] Publishing [morning_motivation] | image: none
2026-06-18 16:04:26,360 [INFO] Caption preview: ☀️ Don't limit your challenges. Challenge your limits. — start today.

Share this with someone who needs it today! 💛

#M...
2026-06-18 16:04:26,360 [WARNING] No image found — posting text only.
2026-06-18 16:04:28,640 [INFO] ✅ Posted successfully [morning_motivation]
2026-06-18 16:04:28,641 [INFO] Publishing [funny_meme] | image: none
2026-06-18 16:04:28,641 [INFO] Caption preview: 😄 Worth repeating: adulting is mostly just googling things and hoping for the best.

Tag someone who can relate! 😂

#Rel...
2026-06-18 16:04:28,641 [WARNING] No image found — posting text only.
2026-06-18 16:04:30,559 [INFO] ✅ Posted successfully [funny_meme]
2026-06-18 16:04:30,560 [INFO] Publishing [self_improvement] | image: none
2026-06-18 16:04:30,561 [INFO] Caption preview: 📈 You are always... different life.

Share this with someone who needs it today! 💛

#PersonalGrowth #SelfImprovement #Be...
2026-06-18 16:04:30,561 [WARNING] No image found — posting text only.
2026-06-18 16:04:33,513 [INFO] ✅ Posted successfully [self_improvement]
2026-06-18 16:04:33,514 [INFO] Publishing [morning_motivation] | image: none
2026-06-18 16:04:33,514 [INFO] Caption preview: ☀️ Truth: if you set your goals ridiculously high and it's a failure, you will fail above everyone else's success.

Shar...
2026-06-18 16:04:33,514 [WARNING] No image found — posting text only.
2026-06-18 16:04:38,398 [INFO] ✅ Posted successfully [morning_motivation]
2026-06-18 16:04:38,399 [INFO] Publishing [morning_motivation] | image: none
2026-06-18 16:04:38,399 [INFO] Caption preview: ☀️ Start where you are. Use what you have. Do what you can. — share this!

Share this with someone who needs it today! 💛...
2026-06-18 16:04:38,400 [WARNING] No image found — posting text only.
2026-06-18 16:04:40,392 [INFO] ✅ Posted successfully [morning_motivation]
2026-06-18 16:04:40,393 [INFO] Publishing [morning_motivation] | image: none
2026-06-18 16:04:40,393 [INFO] Caption preview: ☀️ It does not matter how slowly you go as long as you do not stop. — share this!

Share this with someone who needs it ...
2026-06-18 16:04:40,393 [WARNING] No image found — posting text only.
2026-06-18 16:04:42,941 [INFO] ✅ Posted successfully [morning_motivation]
2026-06-18 16:04:42,942 [INFO] Publishing [morning_motivation] | image: none
2026-06-18 16:04:42,942 [INFO] Caption preview: ☀️ Always know that don't stop when you're tired. stop when you're done.

Share this with someone who needs it today! 💛
...
2026-06-18 16:04:42,942 [WARNING] No image found — posting text only.
2026-06-18 16:04:48,572 [INFO] ✅ Posted successfully [morning_motivation]
2026-06-18 16:04:48,573 [INFO] Retry complete. 0 still failing.
2026-06-18 16:04:48,729 [INFO] ──────────────────────────────────────────────────
2026-06-18 16:04:48,729 [INFO] ▶  Running slot: evening_reflection
2026-06-18 16:04:48,729 [INFO] ──────────────────────────────────────────────────
2026-06-18 16:04:48,730 [INFO] 📝 Content selected: The roots of all goodness lie in the soil of appreciation for goodness. — share ...
2026-06-18 16:04:48,845 [INFO] Publishing [evening_reflection] | image: /home/runner/work/bright-side-daily/bright-side-daily/images/output/evening_reflection_20260618_160448.png
2026-06-18 16:04:48,845 [INFO] Caption preview: 🌙 The roots of all goodness lie in the soil of appreciation for goodness. — share this!

Share this with someone who nee...
2026-06-18 16:04:52,814 [INFO] ✅ Posted successfully [evening_reflection]
2026-06-18 16:04:52,815 [INFO] ✅ Slot [evening_reflection] published successfully!
2026-06-18 16:38:12,430 [INFO] Failed posts list is empty.
2026-06-18 16:38:12,585 [INFO] ──────────────────────────────────────────────────
2026-06-18 16:38:12,585 [INFO] ▶  Running slot: evening_reflection
2026-06-18 16:38:12,585 [INFO] ──────────────────────────────────────────────────
2026-06-18 16:38:12,587 [INFO] 📝 Content selected: Count your blessings, not your problems. — start today....
2026-06-18 16:38:12,817 [INFO] Publishing [evening_reflection] | image: /home/runner/work/bright-side-daily/bright-side-daily/images/output/evening_reflection_20260618_163812.png
2026-06-18 16:38:12,817 [INFO] Caption preview: 🌙 Count your blessings, not your problems. — start today.

Share this with someone who needs it today! 💛

#Gratitude #Th...
2026-06-18 16:38:16,832 [INFO] ✅ Posted successfully [evening_reflection]
2026-06-18 16:38:16,833 [INFO] ✅ Slot [evening_reflection] published successfully!
2026-06-18 18:18:57,526 [INFO] Failed posts list is empty.
2026-06-18 18:18:57,683 [INFO] ──────────────────────────────────────────────────
2026-06-18 18:18:57,683 [INFO] ▶  Running slot: engagement_question
2026-06-18 18:18:57,683 [INFO] ──────────────────────────────────────────────────
2026-06-18 18:18:57,685 [INFO] 📝 Content selected: Today's reminder: what book has most influenced your thinking?...
2026-06-18 18:18:57,916 [INFO] Publishing [engagement_question] | image: /home/runner/work/bright-side-daily/bright-side-daily/images/output/engagement_question_20260618_181857.png
2026-06-18 18:18:57,916 [INFO] Caption preview: 💬 Today's reminder: what book has most influenced your thinking?

Drop your answer in the comments below 👇

#Community #...
2026-06-18 18:19:04,614 [INFO] ✅ Posted successfully [engagement_question]
2026-06-18 18:19:04,615 [INFO] ✅ Slot [engagement_question] published successfully!
2026-06-18 20:16:43,674 [INFO] Failed posts list is empty.
2026-06-18 20:16:43,830 [INFO] ──────────────────────────────────────────────────
2026-06-18 20:16:43,830 [INFO] ▶  Running slot: morning_motivation
2026-06-18 20:16:43,830 [INFO] ──────────────────────────────────────────────────
2026-06-18 20:16:43,832 [INFO] 📝 Content selected: [Motivational] Push yourself because no one else will do it for you....
2026-06-18 20:16:43,940 [INFO] Publishing [morning_motivation] | image: /home/runner/work/bright-side-daily/bright-side-daily/images/output/morning_motivation_20260618_201643.png
2026-06-18 20:16:43,940 [INFO] Caption preview: ☀️ [Motivational] Push yourself because no one else will do it for you.

Share this with someone who needs it today! 💛

...
2026-06-18 20:16:55,228 [INFO] ✅ Posted successfully [morning_motivation]
2026-06-18 20:16:55,229 [INFO] ✅ Slot [morning_motivation] published successfully!
2026-06-19 09:28:24,504 [INFO] Failed posts list is empty.
2026-06-19 09:28:24,662 [INFO] ──────────────────────────────────────────────────
2026-06-19 09:28:24,662 [INFO] ▶  Running slot: funny_meme
2026-06-19 09:28:24,662 [INFO] ──────────────────────────────────────────────────
2026-06-19 09:28:24,664 [INFO] 📝 Content selected: Always know that life hack: always carry a book so people think you're busy and ...
2026-06-19 09:28:24,783 [INFO] Publishing [funny_meme] | image: /home/runner/work/bright-side-daily/bright-side-daily/images/output/funny_meme_20260619_092824.png
2026-06-19 09:28:24,783 [INFO] Caption preview: 😄 Always know that life hack: always carry a book so people think you're busy and don't talk to you.

Tag someone who ca...
2026-06-19 09:28:29,887 [INFO] ✅ Posted successfully [funny_meme]
2026-06-19 09:28:29,888 [INFO] ✅ Slot [funny_meme] published successfully!
2026-06-19 11:25:59,265 [INFO] Failed posts list is empty.
2026-06-19 11:25:59,422 [INFO] ──────────────────────────────────────────────────
2026-06-19 11:25:59,422 [INFO] ▶  Running slot: self_improvement
2026-06-19 11:25:59,422 [INFO] ──────────────────────────────────────────────────
2026-06-19 11:25:59,424 [INFO] 📝 Content selected: Truth: growth begins at the end of your comfort zone....
2026-06-19 11:25:59,530 [INFO] Publishing [self_improvement] | image: /home/runner/work/bright-side-daily/bright-side-daily/images/output/self_improvement_20260619_112559.png
2026-06-19 11:25:59,530 [INFO] Caption preview: 📈 Truth: growth begins at the end of your comfort zone.

Share this with someone who needs it today! 💛

#PersonalGrowth ...
2026-06-19 11:26:08,961 [INFO] ✅ Posted successfully [self_improvement]
2026-06-19 11:26:08,962 [INFO] ✅ Slot [self_improvement] published successfully!
2026-06-19 12:44:10,761 [INFO] Failed posts list is empty.
2026-06-19 12:44:10,916 [INFO] ──────────────────────────────────────────────────
2026-06-19 12:44:10,916 [INFO] ▶  Running slot: morning_motivation
2026-06-19 12:44:10,917 [INFO] ──────────────────────────────────────────────────
2026-06-19 12:44:10,918 [INFO] 📝 Content selected: Energy and persistence conquer all things. — start today....
2026-06-19 12:44:10,980 [INFO] Publishing [morning_motivation] | image: /home/runner/work/bright-side-daily/bright-side-daily/images/output/morning_motivation_20260619_124410.png
2026-06-19 12:44:10,980 [INFO] Caption preview: ☀️ Energy and persistence conquer all things. — start today.

Share this with someone who needs it today! 💛

#Motivation...
2026-06-19 12:44:17,215 [INFO] ✅ Posted successfully [morning_motivation]
2026-06-19 12:44:17,217 [INFO] ✅ Slot [morning_motivation] published successfully!
2026-06-19 14:12:42,244 [INFO] Failed posts list is empty.
2026-06-19 14:12:42,405 [INFO] ──────────────────────────────────────────────────
2026-06-19 14:12:42,405 [INFO] ▶  Running slot: morning_motivation
2026-06-19 14:12:42,405 [INFO] ──────────────────────────────────────────────────
2026-06-19 14:12:42,407 [INFO] 📝 Content selected: Always know that keep going. everything you need will come to you at the perfect...
2026-06-19 14:12:42,549 [INFO] Publishing [morning_motivation] | image: /home/runner/work/bright-side-daily/bright-side-daily/images/output/morning_motivation_20260619_141242.png
2026-06-19 14:12:42,550 [INFO] Caption preview: ☀️ Always know that keep going. everything you need will come to you at the perfect time.

Share this with someone who n...
2026-06-19 14:12:46,066 [INFO] ✅ Posted successfully [morning_motivation]
2026-06-19 14:12:46,068 [INFO] ✅ Slot [morning_motivation] published successfully!
2026-06-19 16:10:33,500 [INFO] Failed posts list is empty.
2026-06-19 16:10:33,677 [INFO] ──────────────────────────────────────────────────
2026-06-19 16:10:33,677 [INFO] ▶  Running slot: evening_reflection
2026-06-19 16:10:33,677 [INFO] ──────────────────────────────────────────────────
2026-06-19 16:10:33,678 [INFO] 📝 Content selected: [Gratitude] The purpose of our lives is to be happy....
2026-06-19 16:10:33,788 [INFO] Publishing [evening_reflection] | image: /home/runner/work/bright-side-daily/bright-side-daily/images/output/evening_reflection_20260619_161033.png
2026-06-19 16:10:33,788 [INFO] Caption preview: 🌙 [Gratitude] The purpose of our lives is to be happy.

Share this with someone who needs it today! 💛

#Gratitude #Thank...
2026-06-19 16:10:38,400 [INFO] ✅ Posted successfully [evening_reflection]
2026-06-19 16:10:38,402 [INFO] ✅ Slot [evening_reflection] published successfully!
2026-06-19 17:45:12,734 [INFO] Failed posts list is empty.
2026-06-19 17:45:12,900 [INFO] ──────────────────────────────────────────────────
2026-06-19 17:45:12,900 [INFO] ▶  Running slot: morning_motivation
2026-06-19 17:45:12,900 [INFO] ──────────────────────────────────────────────────
2026-06-19 17:45:12,902 [INFO] 📝 Content selected: Today's reminder: the only way to do great work is to love what you do....
2026-06-19 17:45:13,008 [INFO] Publishing [morning_motivation] | image: /home/runner/work/bright-side-daily/bright-side-daily/images/output/morning_motivation_20260619_174512.png
2026-06-19 17:45:13,009 [INFO] Caption preview: ☀️ Today's reminder: the only way to do great work is to love what you do.

Share this with someone who needs it today! ...
2026-06-19 17:45:20,343 [INFO] ✅ Posted successfully [morning_motivation]
2026-06-19 17:45:20,345 [INFO] ✅ Slot [morning_motivation] published successfully!
2026-06-19 19:41:39,377 [INFO] Failed posts list is empty.
2026-06-19 19:41:39,521 [INFO] ──────────────────────────────────────────────────
2026-06-19 19:41:39,522 [INFO] ▶  Running slot: morning_motivation
2026-06-19 19:41:39,522 [INFO] ──────────────────────────────────────────────────
2026-06-19 19:41:39,523 [INFO] 📝 Content selected: Dream it. Believe it. Build it. — pass it on....
2026-06-19 19:41:39,692 [INFO] Publishing [morning_motivation] | image: /home/runner/work/bright-side-daily/bright-side-daily/images/output/morning_motivation_20260619_194139.png
2026-06-19 19:41:39,692 [INFO] Caption preview: ☀️ Dream it. Believe it. Build it. — pass it on.

Share this with someone who needs it today! 💛

#Motivation #Success #M...
2026-06-19 19:41:48,985 [INFO] ✅ Posted successfully [morning_motivation]
2026-06-19 19:41:48,986 [INFO] ✅ Slot [morning_motivation] published successfully!
2026-06-20 08:22:01,096 [INFO] Failed posts list is empty.
2026-06-20 08:22:01,262 [INFO] ──────────────────────────────────────────────────
2026-06-20 08:22:01,262 [INFO] ▶  Running slot: morning_motivation
2026-06-20 08:22:01,262 [INFO] ──────────────────────────────────────────────────
2026-06-20 08:22:01,264 [INFO] 📝 Content selected: Truth: never let the fear of striking out keep you from playing the game....
2026-06-20 08:22:01,375 [INFO] Publishing [morning_motivation] | image: /home/runner/work/bright-side-daily/bright-side-daily/images/output/morning_motivation_20260620_082201.png
2026-06-20 08:22:01,375 [INFO] Caption preview: ☀️ Truth: never let the fear of striking out keep you from playing the game.

Share this with someone who needs it today...
2026-06-20 08:22:05,438 [INFO] ✅ Posted successfully [morning_motivation]
2026-06-20 08:22:05,439 [INFO] ✅ Slot [morning_motivation] published successfully!
2026-06-20 10:10:01,618 [INFO] Failed posts list is empty.
2026-06-20 10:10:01,786 [INFO] ──────────────────────────────────────────────────
2026-06-20 10:10:01,787 [INFO] ▶  Running slot: morning_motivation
2026-06-20 10:10:01,787 [INFO] ──────────────────────────────────────────────────
2026-06-20 10:10:01,788 [INFO] 📝 Content selected: Never forget: in the middle of every difficulty lies opportunity....
2026-06-20 10:10:01,901 [INFO] Publishing [morning_motivation] | image: /home/runner/work/bright-side-daily/bright-side-daily/images/output/morning_motivation_20260620_101001.png
2026-06-20 10:10:01,901 [INFO] Caption preview: ☀️ Never forget: in the middle of every difficulty lies opportunity.

Share this with someone who needs it today! 💛

#Mo...
2026-06-20 10:10:06,431 [INFO] ✅ Posted successfully [morning_motivation]
2026-06-20 10:10:06,433 [INFO] ✅ Slot [morning_motivation] published successfully!
2026-06-20 11:16:00,185 [INFO] Failed posts list is empty.
2026-06-20 11:16:00,341 [INFO] ──────────────────────────────────────────────────
2026-06-20 11:16:00,341 [INFO] ▶  Running slot: self_improvement
2026-06-20 11:16:00,341 [INFO] ──────────────────────────────────────────────────
2026-06-20 11:16:00,343 [INFO] 📝 Content selected: The beautiful thing about learning is that no one can take it away from you. — b...
2026-06-20 11:16:00,520 [INFO] Publishing [self_improvement] | image: /home/runner/work/bright-side-daily/bright-side-daily/images/output/self_improvement_20260620_111600.png
2026-06-20 11:16:00,520 [INFO] Caption preview: 📈 The beautiful thing about learning is that no one can take it away from you. — believe it.

Share this with someone wh...
2026-06-20 11:16:04,764 [INFO] ✅ Posted successfully [self_improvement]
2026-06-20 11:16:04,765 [INFO] ✅ Slot [self_improvement] published successfully!
2026-06-20 12:25:57,751 [INFO] Failed posts list is empty.
2026-06-20 12:25:57,907 [INFO] ──────────────────────────────────────────────────
2026-06-20 12:25:57,907 [INFO] ▶  Running slot: morning_motivation
2026-06-20 12:25:57,907 [INFO] ──────────────────────────────────────────────────
2026-06-20 12:25:57,909 [INFO] 📝 Content selected: Don't limit your challenges. Challenge your limits. — share this!...
2026-06-20 12:25:58,037 [INFO] Publishing [morning_motivation] | image: /home/runner/work/bright-side-daily/bright-side-daily/images/output/morning_motivation_20260620_122557.png
2026-06-20 12:25:58,037 [INFO] Caption preview: ☀️ Don't limit your challenges. Challenge your limits. — share this!

Share this with someone who needs it today! 💛

#Mo...
2026-06-20 12:26:05,389 [INFO] ✅ Posted successfully [morning_motivation]
2026-06-20 12:26:05,391 [INFO] ✅ Slot [morning_motivation] published successfully!
2026-06-20 15:06:17,931 [INFO] Failed posts list is empty.
2026-06-20 15:06:18,101 [INFO] ──────────────────────────────────────────────────
2026-06-20 15:06:18,101 [INFO] ▶  Running slot: morning_motivation
2026-06-20 15:06:18,101 [INFO] ──────────────────────────────────────────────────
2026-06-20 15:06:18,103 [INFO] 📝 Content selected: Worth repeating: believe you can and you're halfway there....
2026-06-20 15:06:18,216 [INFO] Publishing [morning_motivation] | image: /home/runner/work/bright-side-daily/bright-side-daily/images/output/morning_motivation_20260620_150618.png
2026-06-20 15:06:18,216 [INFO] Caption preview: ☀️ Worth repeating: believe you can and you're halfway there.

Share this with someone who needs it today! 💛

#Motivatio...
2026-06-20 15:06:23,557 [INFO] ✅ Posted successfully [morning_motivation]
2026-06-20 15:06:23,558 [INFO] ✅ Slot [morning_motivation] published successfully!
2026-06-20 17:10:53,816 [INFO] Failed posts list is empty.
2026-06-20 17:10:53,973 [INFO] ──────────────────────────────────────────────────
2026-06-20 17:10:53,974 [INFO] ▶  Running slot: morning_motivation
2026-06-20 17:10:53,974 [INFO] ──────────────────────────────────────────────────
2026-06-20 17:10:53,976 [INFO] 📝 Content selected: Always know that if you set your goals ridiculously high and it's a failure, you...
2026-06-20 17:10:54,092 [INFO] Publishing [morning_motivation] | image: /home/runner/work/bright-side-daily/bright-side-daily/images/output/morning_motivation_20260620_171054.png
2026-06-20 17:10:54,092 [INFO] Caption preview: ☀️ Always know that if you set your goals ridiculously high and it's a failure, you will fail above everyone else's succ...
2026-06-20 17:11:00,012 [INFO] ✅ Posted successfully [morning_motivation]
2026-06-20 17:11:00,013 [INFO] ✅ Slot [morning_motivation] published successfully!
2026-06-20 19:16:33,803 [INFO] Failed posts list is empty.
2026-06-20 19:16:33,900 [INFO] ──────────────────────────────────────────────────
2026-06-20 19:16:33,900 [INFO] ▶  Running slot: morning_motivation
2026-06-20 19:16:33,900 [INFO] ──────────────────────────────────────────────────
2026-06-20 19:16:33,901 [INFO] 📝 Content selected: If life were... without flavor....
2026-06-20 19:16:34,026 [INFO] Publishing [morning_motivation] | image: /home/runner/work/bright-side-daily/bright-side-daily/images/output/morning_motivation_20260620_191634.png
2026-06-20 19:16:34,026 [INFO] Caption preview: ☀️ If life were... without flavor.

Share this with someone who needs it today! 💛

#Motivation #Success #MindsetMatters ...
2026-06-20 19:16:44,295 [INFO] ✅ Posted successfully [morning_motivation]
2026-06-20 19:16:44,296 [INFO] ✅ Slot [morning_motivation] published successfully!
2026-06-21 08:57:41,213 [INFO] Failed posts list is empty.
2026-06-21 08:57:41,375 [INFO] ──────────────────────────────────────────────────
2026-06-21 08:57:41,375 [INFO] ▶  Running slot: morning_motivation
2026-06-21 08:57:41,375 [INFO] ──────────────────────────────────────────────────
2026-06-21 08:57:41,377 [INFO] 📝 Content selected: Truth: always remember that you are absolutely unique....
2026-06-21 08:57:41,442 [INFO] Publishing [morning_motivation] | image: /home/runner/work/bright-side-daily/bright-side-daily/images/output/morning_motivation_20260621_085741.png
2026-06-21 08:57:41,442 [INFO] Caption preview: ☀️ Truth: always remember that you are absolutely unique.

Share this with someone who needs it today! 💛

#Motivation #S...
2026-06-21 08:57:46,600 [INFO] ✅ Posted successfully [morning_motivation]
2026-06-21 08:57:46,602 [INFO] ✅ Slot [morning_motivation] published successfully!
2026-06-21 10:32:24,888 [INFO] Failed posts list is empty.
2026-06-21 10:32:25,045 [INFO] ──────────────────────────────────────────────────
2026-06-21 10:32:25,045 [INFO] ▶  Running slot: morning_motivation
2026-06-21 10:32:25,045 [INFO] ──────────────────────────────────────────────────
2026-06-21 10:32:25,047 [INFO] 📝 Content selected: Believe this: the only way to do great work is to love what you do....
2026-06-21 10:32:25,155 [INFO] Publishing [morning_motivation] | image: /home/runner/work/bright-side-daily/bright-side-daily/images/output/morning_motivation_20260621_103225.png
2026-06-21 10:32:25,155 [INFO] Caption preview: ☀️ Believe this: the only way to do great work is to love what you do.

Share this with someone who needs it today! 💛

#...
2026-06-21 10:32:28,644 [INFO] ✅ Posted successfully [morning_motivation]
2026-06-21 10:32:28,646 [INFO] ✅ Slot [morning_motivation] published successfully!
2026-06-21 11:44:09,594 [INFO] Failed posts list is empty.
2026-06-21 11:44:09,760 [INFO] ──────────────────────────────────────────────────
2026-06-21 11:44:09,760 [INFO] ▶  Running slot: self_improvement
2026-06-21 11:44:09,760 [INFO] ──────────────────────────────────────────────────
2026-06-21 11:44:09,762 [INFO] 📝 Content selected: Always know that your life does not get better by chance. it gets better by chan...
2026-06-21 11:44:09,908 [INFO] Publishing [self_improvement] | image: /home/runner/work/bright-side-daily/bright-side-daily/images/output/self_improvement_20260621_114409.png
2026-06-21 11:44:09,908 [INFO] Caption preview: 📈 Always know that your life does not get better by chance. it gets better by change.

Share this with someone who needs...
2026-06-21 11:44:15,337 [INFO] ✅ Posted successfully [self_improvement]
2026-06-21 11:44:15,339 [INFO] ✅ Slot [self_improvement] published successfully!
2026-06-21 13:03:38,947 [INFO] Failed posts list is empty.
2026-06-21 13:03:39,072 [INFO] ──────────────────────────────────────────────────
2026-06-21 13:03:39,072 [INFO] ▶  Running slot: midday_encouragement
2026-06-21 13:03:39,072 [INFO] ──────────────────────────────────────────────────
2026-06-21 13:03:39,073 [INFO] 📝 Content selected: Be gentle with... in progress....
2026-06-21 13:03:39,162 [INFO] Publishing [midday_encouragement] | image: /home/runner/work/bright-side-daily/bright-side-daily/images/output/midday_encouragement_20260621_130339.png
2026-06-21 13:03:39,162 [INFO] Caption preview: 💪 Be gentle with... in progress.

Share this with someone who needs it today! 💛

#YouGotThis #KeepGoing #NeverGiveUp #St...
2026-06-21 13:03:43,834 [INFO] ✅ Posted successfully [midday_encouragement]
2026-06-21 13:03:43,835 [INFO] ✅ Slot [midday_encouragement] published successfully!
2026-06-21 15:12:59,254 [INFO] Failed posts list is empty.
2026-06-21 15:12:59,411 [INFO] ──────────────────────────────────────────────────
2026-06-21 15:12:59,411 [INFO] ▶  Running slot: morning_motivation
2026-06-21 15:12:59,411 [INFO] ──────────────────────────────────────────────────
2026-06-21 15:12:59,415 [INFO] 📝 Content selected: The greatest glory in living lies not in never falling, but in rising every time...
2026-06-21 15:12:59,677 [INFO] Publishing [morning_motivation] | image: /home/runner/work/bright-side-daily/bright-side-daily/images/output/morning_motivation_20260621_151259.png
2026-06-21 15:12:59,677 [INFO] Caption preview: ☀️ The greatest glory in living lies not in never falling, but in rising every time we fall. — start today.

Share this ...
2026-06-21 15:13:03,507 [INFO] ✅ Posted successfully [morning_motivation]
2026-06-21 15:13:03,509 [INFO] ✅ Slot [morning_motivation] published successfully!
2026-06-21 17:13:48,122 [INFO] Failed posts list is empty.
2026-06-21 17:13:48,281 [INFO] ──────────────────────────────────────────────────
2026-06-21 17:13:48,281 [INFO] ▶  Running slot: morning_motivation
2026-06-21 17:13:48,281 [INFO] ──────────────────────────────────────────────────
2026-06-21 17:13:48,283 [INFO] 📝 Content selected: Truth: great things never come from comfort zones....
2026-06-21 17:13:48,390 [INFO] Publishing [morning_motivation] | image: /home/runner/work/bright-side-daily/bright-side-daily/images/output/morning_motivation_20260621_171348.png
2026-06-21 17:13:48,390 [INFO] Caption preview: ☀️ Truth: great things never come from comfort zones.

Share this with someone who needs it today! 💛

#Motivation #Succe...
2026-06-21 17:13:54,404 [INFO] ✅ Posted successfully [morning_motivation]
2026-06-21 17:13:54,406 [INFO] ✅ Slot [morning_motivation] published successfully!
2026-06-21 19:22:15,491 [INFO] Failed posts list is empty.
2026-06-21 19:22:15,652 [INFO] ──────────────────────────────────────────────────
2026-06-21 19:22:15,652 [INFO] ▶  Running slot: morning_motivation
2026-06-21 19:22:15,652 [INFO] ──────────────────────────────────────────────────
2026-06-21 19:22:15,655 [INFO] 📝 Content selected: The best time to plant a tree was 20 years ago. The second best time is now....
2026-06-21 19:22:15,764 [INFO] Publishing [morning_motivation] | image: /home/runner/work/bright-side-daily/bright-side-daily/images/output/morning_motivation_20260621_192215.png
2026-06-21 19:22:15,765 [INFO] Caption preview: ☀️ The best time to plant a tree was 20 years ago. The second best time is now.

Share this with someone who needs it to...
2026-06-21 19:22:20,596 [INFO] ✅ Posted successfully [morning_motivation]
2026-06-21 19:22:20,597 [INFO] ✅ Slot [morning_motivation] published successfully!
2026-06-22 10:38:34,799 [INFO] Failed posts list is empty.
2026-06-22 10:38:34,936 [INFO] ──────────────────────────────────────────────────
2026-06-22 10:38:34,936 [INFO] ▶  Running slot: morning_motivation
2026-06-22 10:38:34,936 [INFO] ──────────────────────────────────────────────────
2026-06-22 10:38:34,938 [INFO] 📝 Content selected: Spread love everywhere you go. — believe it....
2026-06-22 10:38:35,040 [INFO] Publishing [morning_motivation] | image: /home/runner/work/bright-side-daily/bright-side-daily/images/output/morning_motivation_20260622_103834.png
2026-06-22 10:38:35,040 [INFO] Caption preview: ☀️ Spread love everywhere you go. — believe it.

Share this with someone who needs it today! 💛

#Motivation #Success #Mi...
2026-06-22 10:38:40,133 [INFO] ✅ Posted successfully [morning_motivation]
2026-06-22 10:38:40,134 [INFO] ✅ Slot [morning_motivation] published successfully!
2026-06-22 12:51:39,293 [INFO] Failed posts list is empty.
2026-06-22 12:51:39,434 [INFO] ──────────────────────────────────────────────────
2026-06-22 12:51:39,434 [INFO] ▶  Running slot: morning_motivation
2026-06-22 12:51:39,434 [INFO] ──────────────────────────────────────────────────
2026-06-22 12:51:39,437 [INFO] 📝 Content selected: [Motivational] Don't limit your challenges. Challenge your limits....
2026-06-22 12:51:39,603 [INFO] Publishing [morning_motivation] | image: /home/runner/work/bright-side-daily/bright-side-daily/images/output/morning_motivation_20260622_125139.png
2026-06-22 12:51:39,603 [INFO] Caption preview: ☀️ [Motivational] Don't limit your challenges. Challenge your limits.

Share this with someone who needs it today! 💛

#M...
2026-06-22 12:51:44,519 [INFO] ✅ Posted successfully [morning_motivation]
2026-06-22 12:51:44,520 [INFO] ✅ Slot [morning_motivation] published successfully!
2026-06-22 14:36:29,620 [INFO] Failed posts list is empty.
2026-06-22 14:36:29,757 [INFO] ──────────────────────────────────────────────────
2026-06-22 14:36:29,757 [INFO] ▶  Running slot: morning_motivation
2026-06-22 14:36:29,757 [INFO] ──────────────────────────────────────────────────
2026-06-22 14:36:29,760 [INFO] 📝 Content selected: [Motivational] The harder you work for something, the greater you'll feel when y...
2026-06-22 14:36:29,886 [INFO] Publishing [morning_motivation] | image: /home/runner/work/bright-side-daily/bright-side-daily/images/output/morning_motivation_20260622_143629.png
2026-06-22 14:36:29,886 [INFO] Caption preview: ☀️ [Motivational] The harder you work for something, the greater you'll feel when you achieve it.

Share this with someo...
2026-06-22 14:36:36,320 [INFO] ✅ Posted successfully [morning_motivation]
2026-06-22 14:36:36,322 [INFO] ✅ Slot [morning_motivation] published successfully!
2026-06-22 15:49:56,381 [INFO] Failed posts list is empty.
2026-06-22 15:49:56,546 [INFO] ──────────────────────────────────────────────────
2026-06-22 15:49:56,546 [INFO] ▶  Running slot: morning_motivation
2026-06-22 15:49:56,546 [INFO] ──────────────────────────────────────────────────
2026-06-22 15:49:56,549 [INFO] 📝 Content selected: Dream it. Wish it. Do it. — keep going....
2026-06-22 15:49:56,663 [INFO] Publishing [morning_motivation] | image: /home/runner/work/bright-side-daily/bright-side-daily/images/output/morning_motivation_20260622_154956.png
2026-06-22 15:49:56,663 [INFO] Caption preview: ☀️ Dream it. Wish it. Do it. — keep going.

Share this with someone who needs it today! 💛

#Motivation #Success #Mindset...
2026-06-22 15:49:59,925 [INFO] ✅ Posted successfully [morning_motivation]
2026-06-22 15:49:59,928 [INFO] ✅ Slot [morning_motivation] published successfully!
2026-06-22 17:43:17,878 [INFO] Failed posts list is empty.
2026-06-22 17:43:18,044 [INFO] ──────────────────────────────────────────────────
2026-06-22 17:43:18,044 [INFO] ▶  Running slot: morning_motivation
2026-06-22 17:43:18,044 [INFO] ──────────────────────────────────────────────────
2026-06-22 17:43:18,047 [INFO] 📝 Content selected: Never forget: life is either a daring adventure or nothing at all....
2026-06-22 17:43:18,214 [INFO] Publishing [morning_motivation] | image: /home/runner/work/bright-side-daily/bright-side-daily/images/output/morning_motivation_20260622_174318.png
2026-06-22 17:43:18,214 [INFO] Caption preview: ☀️ Never forget: life is either a daring adventure or nothing at all.

Share this with someone who needs it today! 💛

#M...
2026-06-22 17:43:23,140 [INFO] ✅ Posted successfully [morning_motivation]
2026-06-22 17:43:23,141 [INFO] ✅ Slot [morning_motivation] published successfully!
2026-06-22 19:01:11,234 [INFO] Failed posts list is empty.
2026-06-22 19:01:11,391 [INFO] ──────────────────────────────────────────────────
2026-06-22 19:01:11,391 [INFO] ▶  Running slot: morning_motivation
2026-06-22 19:01:11,391 [INFO] ──────────────────────────────────────────────────
2026-06-22 19:01:11,394 [INFO] 📝 Content selected: Remember: when one door of happiness closes, another opens....
2026-06-22 19:01:11,573 [INFO] Publishing [morning_motivation] | image: /home/runner/work/bright-side-daily/bright-side-daily/images/output/morning_motivation_20260622_190111.png
2026-06-22 19:01:11,573 [INFO] Caption preview: ☀️ Remember: when one door of happiness closes, another opens.

Share this with someone who needs it today! 💛

#Motivati...
2026-06-22 19:01:16,028 [INFO] ✅ Posted successfully [morning_motivation]
2026-06-22 19:01:16,030 [INFO] ✅ Slot [morning_motivation] published successfully!
2026-06-22 20:38:01,252 [INFO] Failed posts list is empty.
2026-06-22 20:38:01,406 [INFO] ──────────────────────────────────────────────────
2026-06-22 20:38:01,406 [INFO] ▶  Running slot: morning_motivation
2026-06-22 20:38:01,406 [INFO] ──────────────────────────────────────────────────
2026-06-22 20:38:01,409 [INFO] 📝 Content selected: If you look at what you have in life, you'll always have more. — you've got this...
2026-06-22 20:38:01,620 [INFO] Publishing [morning_motivation] | image: /home/runner/work/bright-side-daily/bright-side-daily/images/output/morning_motivation_20260622_203801.png
2026-06-22 20:38:01,620 [INFO] Caption preview: ☀️ If you look at what you have in life, you'll always have more. — you've got this.

Share this with someone who needs ...
2026-06-22 20:38:06,562 [INFO] ✅ Posted successfully [morning_motivation]
2026-06-22 20:38:06,564 [INFO] ✅ Slot [morning_motivation] published successfully!
2026-06-23 08:29:30,767 [INFO] Failed posts list is empty.
2026-06-23 08:29:30,927 [INFO] ──────────────────────────────────────────────────
2026-06-23 08:29:30,927 [INFO] ▶  Running slot: morning_motivation
2026-06-23 08:29:30,927 [INFO] ──────────────────────────────────────────────────
2026-06-23 08:29:30,931 [INFO] 📝 Content selected: Worth repeating: the future belongs to those who believe in the beauty of their ...
2026-06-23 08:29:31,044 [INFO] Publishing [morning_motivation] | image: /home/runner/work/bright-side-daily/bright-side-daily/images/output/morning_motivation_20260623_082930.png
2026-06-23 08:29:31,044 [INFO] Caption preview: ☀️ Worth repeating: the future belongs to those who believe in the beauty of their dreams.

Share this with someone who ...
2026-06-23 08:29:34,253 [INFO] ✅ Posted successfully [morning_motivation]
2026-06-23 08:29:34,255 [INFO] ✅ Slot [morning_motivation] published successfully!
2026-06-23 10:37:49,700 [INFO] Failed posts list is empty.
2026-06-23 10:37:49,858 [INFO] ──────────────────────────────────────────────────
2026-06-23 10:37:49,858 [INFO] ▶  Running slot: morning_motivation
2026-06-23 10:37:49,858 [INFO] ──────────────────────────────────────────────────
2026-06-23 10:37:49,861 [INFO] 📝 Content selected: Energy and persistence... all things....
2026-06-23 10:37:49,994 [INFO] Publishing [morning_motivation] | image: /home/runner/work/bright-side-daily/bright-side-daily/images/output/morning_motivation_20260623_103749.png
2026-06-23 10:37:49,994 [INFO] Caption preview: ☀️ Energy and persistence... all things.

Share this with someone who needs it today! 💛

#Motivation #Success #MindsetMa...
2026-06-23 10:38:01,404 [INFO] ✅ Posted successfully [morning_motivation]
2026-06-23 10:38:01,406 [INFO] ✅ Slot [morning_motivation] published successfully!
2026-06-23 11:58:49,750 [INFO] Failed posts list is empty.
2026-06-23 11:58:49,908 [INFO] ──────────────────────────────────────────────────
2026-06-23 11:58:49,908 [INFO] ▶  Running slot: self_improvement
2026-06-23 11:58:49,908 [INFO] ──────────────────────────────────────────────────
2026-06-23 11:58:49,911 [INFO] 📝 Content selected: Be yourself, but always your better self. — believe it....
2026-06-23 11:58:50,022 [INFO] Publishing [self_improvement] | image: /home/runner/work/bright-side-daily/bright-side-daily/images/output/self_improvement_20260623_115849.png
2026-06-23 11:58:50,022 [INFO] Caption preview: 📈 Be yourself, but always your better self. — believe it.

Share this with someone who needs it today! 💛

#PersonalGrowt...
2026-06-23 11:58:54,507 [INFO] ✅ Posted successfully [self_improvement]
2026-06-23 11:58:54,509 [INFO] ✅ Slot [self_improvement] published successfully!
2026-06-23 13:42:44,432 [INFO] Failed posts list is empty.
2026-06-23 13:42:44,597 [INFO] ──────────────────────────────────────────────────
2026-06-23 13:42:44,598 [INFO] ▶  Running slot: midday_encouragement
2026-06-23 13:42:44,598 [INFO] ──────────────────────────────────────────────────
2026-06-23 13:42:44,601 [INFO] 📝 Content selected: You matter more than you know....
2026-06-23 13:42:44,770 [INFO] Publishing [midday_encouragement] | image: /home/runner/work/bright-side-daily/bright-side-daily/images/output/midday_encouragement_20260623_134244.png
2026-06-23 13:42:44,770 [INFO] Caption preview: 💪 You matter more than you know.

Share this with someone who needs it today! 💛

#YouGotThis #KeepGoing #NeverGiveUp #St...
2026-06-23 13:42:49,575 [INFO] ✅ Posted successfully [midday_encouragement]
2026-06-23 13:42:49,577 [INFO] ✅ Slot [midday_encouragement] published successfully!
2026-06-23 15:55:26,141 [INFO] Failed posts list is empty.
2026-06-23 15:55:26,296 [INFO] ──────────────────────────────────────────────────
2026-06-23 15:55:26,296 [INFO] ▶  Running slot: morning_motivation
2026-06-23 15:55:26,297 [INFO] ──────────────────────────────────────────────────
2026-06-23 15:55:26,300 [INFO] 📝 Content selected: [Motivational] Life is either a daring adventure or nothing at all....
2026-06-23 15:55:26,465 [INFO] Publishing [morning_motivation] | image: /home/runner/work/bright-side-daily/bright-side-daily/images/output/morning_motivation_20260623_155526.png
2026-06-23 15:55:26,465 [INFO] Caption preview: ☀️ [Motivational] Life is either a daring adventure or nothing at all.

Share this with someone who needs it today! 💛

#...
2026-06-23 15:55:31,560 [INFO] ✅ Posted successfully [morning_motivation]
2026-06-23 15:55:31,562 [INFO] ✅ Slot [morning_motivation] published successfully!
2026-06-23 17:42:50,999 [INFO] Failed posts list is empty.
2026-06-23 17:42:51,167 [INFO] ──────────────────────────────────────────────────
2026-06-23 17:42:51,168 [INFO] ▶  Running slot: morning_motivation
2026-06-23 17:42:51,168 [INFO] ──────────────────────────────────────────────────
2026-06-23 17:42:51,171 [INFO] 📝 Content selected: [Motivational] If you set your goals ridiculously high and it's a failure, you w...
2026-06-23 17:42:51,341 [INFO] Publishing [morning_motivation] | image: /home/runner/work/bright-side-daily/bright-side-daily/images/output/morning_motivation_20260623_174251.png
2026-06-23 17:42:51,341 [INFO] Caption preview: ☀️ [Motivational] If you set your goals ridiculously high and it's a failure, you will fail above everyone else's succes...
2026-06-23 17:42:57,151 [INFO] ✅ Posted successfully [morning_motivation]
2026-06-23 17:42:57,153 [INFO] ✅ Slot [morning_motivation] published successfully!
2026-06-23 19:53:54,767 [INFO] Failed posts list is empty.
2026-06-23 19:53:54,924 [INFO] ──────────────────────────────────────────────────
2026-06-23 19:53:54,924 [INFO] ▶  Running slot: morning_motivation
2026-06-23 19:53:54,924 [INFO] ──────────────────────────────────────────────────
2026-06-23 19:53:54,928 [INFO] 📝 Content selected: Great things never come from comfort zones. — keep going....
2026-06-23 19:53:55,083 [INFO] Publishing [morning_motivation] | image: /home/runner/work/bright-side-daily/bright-side-daily/images/output/morning_motivation_20260623_195355.png
2026-06-23 19:53:55,083 [INFO] Caption preview: ☀️ Great things never come from comfort zones. — keep going.

Share this with someone who needs it today! 💛

#Motivation...
2026-06-23 19:54:02,217 [INFO] ✅ Posted successfully [morning_motivation]
2026-06-23 19:54:02,219 [INFO] ✅ Slot [morning_motivation] published successfully!
2026-06-24 08:22:09,704 [INFO] Failed posts list is empty.
2026-06-24 08:22:09,864 [INFO] ──────────────────────────────────────────────────
2026-06-24 08:22:09,864 [INFO] ▶  Running slot: morning_motivation
2026-06-24 08:22:09,864 [INFO] ──────────────────────────────────────────────────
2026-06-24 08:22:09,868 [INFO] 📝 Content selected: Today's reminder: in the end, it's not the years in your life that count. it's t...
2026-06-24 08:22:09,961 [INFO] Publishing [morning_motivation] | image: /home/runner/work/bright-side-daily/bright-side-daily/images/output/morning_motivation_20260624_082209.png
2026-06-24 08:22:09,961 [INFO] Caption preview: ☀️ Today's reminder: in the end, it's not the years in your life that count. it's the life in your years.

Share this wi...
2026-06-24 08:22:13,980 [INFO] ✅ Posted successfully [morning_motivation]
2026-06-24 08:22:13,983 [INFO] ✅ Slot [morning_motivation] published successfully!
2026-06-24 10:24:03,303 [INFO] Failed posts list is empty.
2026-06-24 10:24:03,475 [INFO] ──────────────────────────────────────────────────
2026-06-24 10:24:03,475 [INFO] ▶  Running slot: morning_motivation
2026-06-24 10:24:03,475 [INFO] ──────────────────────────────────────────────────
2026-06-24 10:24:03,479 [INFO] 📝 Content selected: If you look at what you have in life, you'll always have more....
2026-06-24 10:24:03,612 [INFO] Publishing [morning_motivation] | image: /home/runner/work/bright-side-daily/bright-side-daily/images/output/morning_motivation_20260624_102403.png
2026-06-24 10:24:03,612 [INFO] Caption preview: ☀️ If you look at what you have in life, you'll always have more.

Share this with someone who needs it today! 💛

#Motiv...
2026-06-24 10:24:07,298 [INFO] ✅ Posted successfully [morning_motivation]
2026-06-24 10:24:07,301 [INFO] ✅ Slot [morning_motivation] published successfully!
2026-06-24 11:43:40,500 [INFO] Failed posts list is empty.
2026-06-24 11:43:40,654 [INFO] ──────────────────────────────────────────────────
2026-06-24 11:43:40,654 [INFO] ▶  Running slot: self_improvement
2026-06-24 11:43:40,654 [INFO] ──────────────────────────────────────────────────
2026-06-24 11:43:40,658 [INFO] 📝 Content selected: [SelfImprovement] The capacity to learn is a gift; the ability to learn is a ski...
2026-06-24 11:43:40,791 [INFO] Publishing [self_improvement] | image: /home/runner/work/bright-side-daily/bright-side-daily/images/output/self_improvement_20260624_114340.png
2026-06-24 11:43:40,791 [INFO] Caption preview: 📈 [SelfImprovement] The capacity to learn is a gift; the ability to learn is a skill; the willingness to learn is a choi...
2026-06-24 11:43:46,245 [INFO] ✅ Posted successfully [self_improvement]
2026-06-24 11:43:46,247 [INFO] ✅ Slot [self_improvement] published successfully!
2026-06-24 13:19:07,359 [INFO] Failed posts list is empty.
2026-06-24 13:19:07,514 [INFO] ──────────────────────────────────────────────────
2026-06-24 13:19:07,514 [INFO] ▶  Running slot: midday_encouragement
2026-06-24 13:19:07,514 [INFO] ──────────────────────────────────────────────────
2026-06-24 13:19:07,518 [INFO] 📝 Content selected: [Encouragement] You are exactly where you need to be....
2026-06-24 13:19:07,662 [INFO] Publishing [midday_encouragement] | image: /home/runner/work/bright-side-daily/bright-side-daily/images/output/midday_encouragement_20260624_131907.png
2026-06-24 13:19:07,662 [INFO] Caption preview: 💪 [Encouragement] You are exactly where you need to be.

Share this with someone who needs it today! 💛

#YouGotThis #Kee...
2026-06-24 13:19:16,580 [INFO] ✅ Posted successfully [midday_encouragement]
2026-06-24 13:19:16,582 [INFO] ✅ Slot [midday_encouragement] published successfully!
2026-06-24 15:35:37,410 [INFO] Failed posts list is empty.
2026-06-24 15:35:37,569 [INFO] ──────────────────────────────────────────────────
2026-06-24 15:35:37,569 [INFO] ▶  Running slot: morning_motivation
2026-06-24 15:35:37,569 [INFO] ──────────────────────────────────────────────────
2026-06-24 15:35:37,573 [INFO] 📝 Content selected: It's going to be hard, but hard is not impossible. — share this!...
2026-06-24 15:35:37,677 [INFO] Publishing [morning_motivation] | image: /home/runner/work/bright-side-daily/bright-side-daily/images/output/morning_motivation_20260624_153537.png
2026-06-24 15:35:37,677 [INFO] Caption preview: ☀️ It's going to be hard, but hard is not impossible. — share this!

Share this with someone who needs it today! 💛

#Mot...
2026-06-24 15:35:42,479 [INFO] ✅ Posted successfully [morning_motivation]
2026-06-24 15:35:42,481 [INFO] ✅ Slot [morning_motivation] published successfully!
2026-06-24 17:44:59,974 [INFO] Failed posts list is empty.
2026-06-24 17:45:00,096 [INFO] ──────────────────────────────────────────────────
2026-06-24 17:45:00,096 [INFO] ▶  Running slot: morning_motivation
2026-06-24 17:45:00,096 [INFO] ──────────────────────────────────────────────────
2026-06-24 17:45:00,099 [INFO] 📝 Content selected: Dream it. Believe it. Build it....
2026-06-24 17:45:00,182 [INFO] Publishing [morning_motivation] | image: /home/runner/work/bright-side-daily/bright-side-daily/images/output/morning_motivation_20260624_174500.png
2026-06-24 17:45:00,182 [INFO] Caption preview: ☀️ Dream it. Believe it. Build it.

Share this with someone who needs it today! 💛

#Motivation #Success #MindsetMatters ...
2026-06-24 17:45:08,027 [INFO] ✅ Posted successfully [morning_motivation]
2026-06-24 17:45:08,029 [INFO] ✅ Slot [morning_motivation] published successfully!
2026-06-24 19:38:40,051 [INFO] Failed posts list is empty.
2026-06-24 19:38:40,195 [INFO] ──────────────────────────────────────────────────
2026-06-24 19:38:40,196 [INFO] ▶  Running slot: morning_motivation
2026-06-24 19:38:40,196 [INFO] ──────────────────────────────────────────────────
2026-06-24 19:38:40,200 [INFO] 📝 Content selected: If you look at what you have in life, you'll always have more. — spread this....
2026-06-24 19:38:40,307 [INFO] Publishing [morning_motivation] | image: /home/runner/work/bright-side-daily/bright-side-daily/images/output/morning_motivation_20260624_193840.png
2026-06-24 19:38:40,307 [INFO] Caption preview: ☀️ If you look at what you have in life, you'll always have more. — spread this.

Share this with someone who needs it t...
2026-06-24 19:38:49,179 [INFO] ✅ Posted successfully [morning_motivation]
2026-06-24 19:38:49,181 [INFO] ✅ Slot [morning_motivation] published successfully!
2026-06-25 08:23:16,503 [INFO] Failed posts list is empty.
2026-06-25 08:23:16,691 [INFO] ──────────────────────────────────────────────────
2026-06-25 08:23:16,691 [INFO] ▶  Running slot: morning_motivation
2026-06-25 08:23:16,691 [INFO] ──────────────────────────────────────────────────
2026-06-25 08:23:16,698 [INFO] 📝 Content selected: Truth: the secret of getting ahead is getting started....
2026-06-25 08:23:16,896 [INFO] Publishing [morning_motivation] | image: /home/runner/work/bright-side-daily/bright-side-daily/images/output/morning_motivation_20260625_082316.png
2026-06-25 08:23:16,896 [INFO] Caption preview: ☀️ Truth: the secret of getting ahead is getting started.

Share this with someone who needs it today! 💛

#Motivation #S...
2026-06-25 08:23:21,793 [INFO] ✅ Posted successfully [morning_motivation]
2026-06-25 08:23:21,795 [INFO] ✅ Slot [morning_motivation] published successfully!
2026-06-25 10:16:41,706 [INFO] Failed posts list is empty.
2026-06-25 10:16:41,868 [INFO] ──────────────────────────────────────────────────
2026-06-25 10:16:41,868 [INFO] ▶  Running slot: morning_motivation
2026-06-25 10:16:41,868 [INFO] ──────────────────────────────────────────────────
2026-06-25 10:16:41,873 [INFO] 📝 Content selected: Today's reminder: it's going to be hard, but hard is not impossible....
2026-06-25 10:16:41,982 [INFO] Publishing [morning_motivation] | image: /home/runner/work/bright-side-daily/bright-side-daily/images/output/morning_motivation_20260625_101641.png
2026-06-25 10:16:41,982 [INFO] Caption preview: ☀️ Today's reminder: it's going to be hard, but hard is not impossible.

Share this with someone who needs it today! 💛

...
2026-06-25 10:16:47,744 [INFO] ✅ Posted successfully [morning_motivation]
2026-06-25 10:16:47,747 [INFO] ✅ Slot [morning_motivation] published successfully!
2026-06-25 11:38:55,145 [INFO] Failed posts list is empty.
2026-06-25 11:38:55,306 [INFO] ──────────────────────────────────────────────────
2026-06-25 11:38:55,306 [INFO] ▶  Running slot: self_improvement
2026-06-25 11:38:55,306 [INFO] ──────────────────────────────────────────────────
2026-06-25 11:38:55,311 [INFO] 📝 Content selected: Never forget: an investment in knowledge pays the best dividends....
2026-06-25 11:38:55,415 [INFO] Publishing [self_improvement] | image: /home/runner/work/bright-side-daily/bright-side-daily/images/output/self_improvement_20260625_113855.png
2026-06-25 11:38:55,416 [INFO] Caption preview: 📈 Never forget: an investment in knowledge pays the best dividends.

Share this with someone who needs it today! 💛

#Per...
2026-06-25 11:39:00,791 [INFO] ✅ Posted successfully [self_improvement]
2026-06-25 11:39:00,793 [INFO] ✅ Slot [self_improvement] published successfully!
2026-06-25 13:14:19,504 [INFO] Failed posts list is empty.
2026-06-25 13:14:19,661 [INFO] ──────────────────────────────────────────────────
2026-06-25 13:14:19,661 [INFO] ▶  Running slot: midday_encouragement
2026-06-25 13:14:19,661 [INFO] ──────────────────────────────────────────────────
2026-06-25 13:14:19,665 [INFO] 📝 Content selected: Your story isn't over yet. — spread this....
2026-06-25 13:14:19,995 [INFO] Publishing [midday_encouragement] | image: /home/runner/work/bright-side-daily/bright-side-daily/images/output/midday_encouragement_20260625_131419.png
2026-06-25 13:14:19,995 [INFO] Caption preview: 💪 Your story isn't over yet. — spread this.

Share this with someone who needs it today! 💛

#YouGotThis #KeepGoing #Neve...
2026-06-25 13:14:25,088 [INFO] ✅ Posted successfully [midday_encouragement]
2026-06-25 13:14:25,090 [INFO] ✅ Slot [midday_encouragement] published successfully!
2026-06-25 15:43:14,993 [INFO] Failed posts list is empty.
2026-06-25 15:43:15,149 [INFO] ──────────────────────────────────────────────────
2026-06-25 15:43:15,149 [INFO] ▶  Running slot: morning_motivation
2026-06-25 15:43:15,149 [INFO] ──────────────────────────────────────────────────
2026-06-25 15:43:15,154 [INFO] 📝 Content selected: Worth repeating: it's going to be hard, but hard is not impossible....
2026-06-25 15:43:15,372 [INFO] Publishing [morning_motivation] | image: /home/runner/work/bright-side-daily/bright-side-daily/images/output/morning_motivation_20260625_154315.png
2026-06-25 15:43:15,372 [INFO] Caption preview: ☀️ Worth repeating: it's going to be hard, but hard is not impossible.

Share this with someone who needs it today! 💛

#...
2026-06-25 15:43:20,841 [INFO] ✅ Posted successfully [morning_motivation]
2026-06-25 15:43:20,843 [INFO] ✅ Slot [morning_motivation] published successfully!
2026-06-25 17:58:46,362 [INFO] Failed posts list is empty.
2026-06-25 17:58:46,518 [INFO] ──────────────────────────────────────────────────
2026-06-25 17:58:46,518 [INFO] ▶  Running slot: morning_motivation
2026-06-25 17:58:46,519 [INFO] ──────────────────────────────────────────────────
2026-06-25 17:58:46,523 [INFO] 📝 Content selected: Believe this: success begins when excuses end....
2026-06-25 17:58:46,831 [INFO] Publishing [morning_motivation] | image: /home/runner/work/bright-side-daily/bright-side-daily/images/output/morning_motivation_20260625_175846.png
2026-06-25 17:58:46,831 [INFO] Caption preview: ☀️ Believe this: success begins when excuses end.

Share this with someone who needs it today! 💛

#Motivation #Success #...
2026-06-25 17:58:52,278 [INFO] ✅ Posted successfully [morning_motivation]
2026-06-25 17:58:52,280 [INFO] ✅ Slot [morning_motivation] published successfully!
2026-06-25 19:50:55,276 [INFO] Failed posts list is empty.
2026-06-25 19:50:55,440 [INFO] ──────────────────────────────────────────────────
2026-06-25 19:50:55,440 [INFO] ▶  Running slot: morning_motivation
2026-06-25 19:50:55,440 [INFO] ──────────────────────────────────────────────────
2026-06-25 19:50:55,445 [INFO] 📝 Content selected: Truth: you don't have to be great to start, but you have to start to be great....
2026-06-25 19:50:55,607 [INFO] Publishing [morning_motivation] | image: /home/runner/work/bright-side-daily/bright-side-daily/images/output/morning_motivation_20260625_195055.png
2026-06-25 19:50:55,607 [INFO] Caption preview: ☀️ Truth: you don't have to be great to start, but you have to start to be great.

Share this with someone who needs it ...
2026-06-25 19:51:02,499 [INFO] ✅ Posted successfully [morning_motivation]
2026-06-25 19:51:02,502 [INFO] ✅ Slot [morning_motivation] published successfully!
2026-06-26 08:29:59,686 [INFO] Failed posts list is empty.
2026-06-26 08:29:59,841 [INFO] ──────────────────────────────────────────────────
2026-06-26 08:29:59,841 [INFO] ▶  Running slot: morning_motivation
2026-06-26 08:29:59,841 [INFO] ──────────────────────────────────────────────────
2026-06-26 08:29:59,846 [INFO] 📝 Content selected: Worth repeating: if life were predictable it would cease to be life and be witho...
2026-06-26 08:29:59,958 [INFO] Publishing [morning_motivation] | image: /home/runner/work/bright-side-daily/bright-side-daily/images/output/morning_motivation_20260626_082959.png
2026-06-26 08:29:59,958 [INFO] Caption preview: ☀️ Worth repeating: if life were predictable it would cease to be life and be without flavor.

Share this with someone w...
2026-06-26 08:30:05,991 [INFO] ✅ Posted successfully [morning_motivation]
2026-06-26 08:30:05,993 [INFO] ✅ Slot [morning_motivation] published successfully!
2026-06-26 10:24:24,937 [INFO] Failed posts list is empty.
2026-06-26 10:24:25,091 [INFO] ──────────────────────────────────────────────────
2026-06-26 10:24:25,091 [INFO] ▶  Running slot: morning_motivation
2026-06-26 10:24:25,091 [INFO] ──────────────────────────────────────────────────
2026-06-26 10:24:25,096 [INFO] 📝 Content selected: If you look at what you have in life, you'll always have more. — start today....
2026-06-26 10:24:25,209 [INFO] Publishing [morning_motivation] | image: /home/runner/work/bright-side-daily/bright-side-daily/images/output/morning_motivation_20260626_102425.png
2026-06-26 10:24:25,210 [INFO] Caption preview: ☀️ If you look at what you have in life, you'll always have more. — start today.

Share this with someone who needs it t...
2026-06-26 10:24:31,290 [INFO] ✅ Posted successfully [morning_motivation]
2026-06-26 10:24:31,293 [INFO] ✅ Slot [morning_motivation] published successfully!
2026-06-26 11:43:30,080 [INFO] Failed posts list is empty.
2026-06-26 11:43:30,245 [INFO] ──────────────────────────────────────────────────
2026-06-26 11:43:30,245 [INFO] ▶  Running slot: self_improvement
2026-06-26 11:43:30,245 [INFO] ──────────────────────────────────────────────────
2026-06-26 11:43:30,250 [INFO] 📝 Content selected: [SelfImprovement] Small daily improvements over time lead to stunning results....
2026-06-26 11:43:30,368 [INFO] Publishing [self_improvement] | image: /home/runner/work/bright-side-daily/bright-side-daily/images/output/self_improvement_20260626_114330.png
2026-06-26 11:43:30,368 [INFO] Caption preview: 📈 [SelfImprovement] Small daily improvements over time lead to stunning results.

Share this with someone who needs it t...
2026-06-26 11:43:37,317 [INFO] ✅ Posted successfully [self_improvement]
2026-06-26 11:43:37,319 [INFO] ✅ Slot [self_improvement] published successfully!
2026-06-26 13:08:35,469 [INFO] Failed posts list is empty.
2026-06-26 13:08:35,624 [INFO] ──────────────────────────────────────────────────
2026-06-26 13:08:35,624 [INFO] ▶  Running slot: midday_encouragement
2026-06-26 13:08:35,624 [INFO] ──────────────────────────────────────────────────
2026-06-26 13:08:35,629 [INFO] 📝 Content selected: [Encouragement] When things get hard, remember why you started....
2026-06-26 13:08:35,798 [INFO] Publishing [midday_encouragement] | image: /home/runner/work/bright-side-daily/bright-side-daily/images/output/midday_encouragement_20260626_130835.png
2026-06-26 13:08:35,798 [INFO] Caption preview: 💪 [Encouragement] When things get hard, remember why you started.

Share this with someone who needs it today! 💛

#YouGo...
2026-06-26 13:08:42,532 [INFO] ✅ Posted successfully [midday_encouragement]
2026-06-26 13:08:42,534 [INFO] ✅ Slot [midday_encouragement] published successfully!
2026-06-26 15:27:02,763 [INFO] Failed posts list is empty.
2026-06-26 15:27:02,935 [INFO] ──────────────────────────────────────────────────
2026-06-26 15:27:02,935 [INFO] ▶  Running slot: morning_motivation
2026-06-26 15:27:02,935 [INFO] ──────────────────────────────────────────────────
2026-06-26 15:27:02,940 [INFO] 📝 Content selected: If you set your goals ridiculously high and it's a failure, you will fail above ...
2026-06-26 15:27:03,053 [INFO] Publishing [morning_motivation] | image: /home/runner/work/bright-side-daily/bright-side-daily/images/output/morning_motivation_20260626_152702.png
2026-06-26 15:27:03,053 [INFO] Caption preview: ☀️ If you set your goals ridiculously high and it's a failure, you will fail above everyone else's success.

Share this ...
2026-06-26 15:27:06,663 [INFO] ✅ Posted successfully [morning_motivation]
2026-06-26 15:27:06,666 [INFO] ✅ Slot [morning_motivation] published successfully!
2026-06-26 17:26:28,516 [INFO] Failed posts list is empty.
2026-06-26 17:26:28,671 [INFO] ──────────────────────────────────────────────────
2026-06-26 17:26:28,671 [INFO] ▶  Running slot: morning_motivation
2026-06-26 17:26:28,671 [INFO] ──────────────────────────────────────────────────
2026-06-26 17:26:28,676 [INFO] 📝 Content selected: Dream it. Wish... Do it....
2026-06-26 17:26:28,915 [INFO] Publishing [morning_motivation] | image: /home/runner/work/bright-side-daily/bright-side-daily/images/output/morning_motivation_20260626_172628.png
2026-06-26 17:26:28,915 [INFO] Caption preview: ☀️ Dream it. Wish... Do it.

Share this with someone who needs it today! 💛

#Motivation #Success #MindsetMatters #DailyM...
2026-06-26 17:26:36,242 [INFO] ✅ Posted successfully [morning_motivation]
2026-06-26 17:26:36,244 [INFO] ✅ Slot [morning_motivation] published successfully!
2026-06-26 19:40:10,378 [INFO] Failed posts list is empty.
2026-06-26 19:40:10,533 [INFO] ──────────────────────────────────────────────────
2026-06-26 19:40:10,533 [INFO] ▶  Running slot: morning_motivation
2026-06-26 19:40:10,533 [INFO] ──────────────────────────────────────────────────
2026-06-26 19:40:10,539 [INFO] 📝 Content selected: When you reach the end of your rope, tie a knot in it and hang on....
2026-06-26 19:40:10,633 [INFO] Publishing [morning_motivation] | image: /home/runner/work/bright-side-daily/bright-side-daily/images/output/morning_motivation_20260626_194010.png
2026-06-26 19:40:10,633 [INFO] Caption preview: ☀️ When you reach the end of your rope, tie a knot in it and hang on.

Share this with someone who needs it today! 💛

#M...
2026-06-26 19:40:19,760 [INFO] ✅ Posted successfully [morning_motivation]
2026-06-26 19:40:19,763 [INFO] ✅ Slot [morning_motivation] published successfully!
2026-06-27 07:49:25,965 [INFO] Failed posts list is empty.
2026-06-27 07:49:26,106 [INFO] ──────────────────────────────────────────────────
2026-06-27 07:49:26,106 [INFO] ▶  Running slot: positive_quote
2026-06-27 07:49:26,106 [INFO] ──────────────────────────────────────────────────
2026-06-27 07:49:26,111 [INFO] 📝 Content selected: Fact: if you're not positive energy, you're negative energy....
2026-06-27 07:49:26,214 [INFO] Publishing [positive_quote] | image: /home/runner/work/bright-side-daily/bright-side-daily/images/output/positive_quote_20260627_074926.png
2026-06-27 07:49:26,214 [INFO] Caption preview: 🌟 Fact: if you're not positive energy, you're negative energy.

Share this with someone who needs it today! 💛

#Positive...
2026-06-27 07:49:37,170 [INFO] ✅ Posted successfully [positive_quote]
2026-06-27 07:49:37,174 [INFO] ✅ Slot [positive_quote] published successfully!
2026-06-27 09:30:02,609 [INFO] Failed posts list is empty.
2026-06-27 09:30:02,762 [INFO] ──────────────────────────────────────────────────
2026-06-27 09:30:02,762 [INFO] ▶  Running slot: funny_meme
2026-06-27 09:30:02,762 [INFO] ──────────────────────────────────────────────────
2026-06-27 09:30:02,768 [INFO] 📝 Content selected: I don't have a bucket list but my worry list is pages long. — start today....
2026-06-27 09:30:02,926 [INFO] Publishing [funny_meme] | image: /home/runner/work/bright-side-daily/bright-side-daily/images/output/funny_meme_20260627_093002.png
2026-06-27 09:30:02,926 [INFO] Caption preview: 😄 I don't have a bucket list but my worry list is pages long. — start today.

Tag someone who can relate! 😂

#RelatableL...
2026-06-27 09:30:07,938 [INFO] ✅ Posted successfully [funny_meme]
2026-06-27 09:30:07,941 [INFO] ✅ Slot [funny_meme] published successfully!
2026-06-27 10:56:04,274 [INFO] Failed posts list is empty.
2026-06-27 10:56:04,418 [INFO] ──────────────────────────────────────────────────
2026-06-27 10:56:04,418 [INFO] ▶  Running slot: morning_motivation
2026-06-27 10:56:04,418 [INFO] ──────────────────────────────────────────────────
2026-06-27 10:56:04,424 [INFO] 📝 Content selected: Don't limit your challenges. Challenge your limits. — spread this....
2026-06-27 10:56:04,528 [INFO] Publishing [morning_motivation] | image: /home/runner/work/bright-side-daily/bright-side-daily/images/output/morning_motivation_20260627_105604.png
2026-06-27 10:56:04,528 [INFO] Caption preview: ☀️ Don't limit your challenges. Challenge your limits. — spread this.

Share this with someone who needs it today! 💛

#M...
2026-06-27 10:56:09,918 [INFO] ✅ Posted successfully [morning_motivation]
2026-06-27 10:56:09,921 [INFO] ✅ Slot [morning_motivation] published successfully!
2026-06-27 12:07:08,456 [INFO] Failed posts list is empty.
2026-06-27 12:07:08,617 [INFO] ──────────────────────────────────────────────────
2026-06-27 12:07:08,617 [INFO] ▶  Running slot: morning_motivation
2026-06-27 12:07:08,617 [INFO] ──────────────────────────────────────────────────
2026-06-27 12:07:08,623 [INFO] 📝 Content selected: Fact: it always seems impossible until it's done....
2026-06-27 12:07:08,752 [INFO] Publishing [morning_motivation] | image: /home/runner/work/bright-side-daily/bright-side-daily/images/output/morning_motivation_20260627_120708.png
2026-06-27 12:07:08,752 [INFO] Caption preview: ☀️ Fact: it always seems impossible until it's done.

Share this with someone who needs it today! 💛

#Motivation #Succes...
2026-06-27 12:07:15,945 [INFO] ✅ Posted successfully [morning_motivation]
2026-06-27 12:07:15,948 [INFO] ✅ Slot [morning_motivation] published successfully!
2026-06-27 14:47:03,284 [INFO] Failed posts list is empty.
2026-06-27 14:47:03,453 [INFO] ──────────────────────────────────────────────────
2026-06-27 14:47:03,453 [INFO] ▶  Running slot: morning_motivation
2026-06-27 14:47:03,453 [INFO] ──────────────────────────────────────────────────
2026-06-27 14:47:03,459 [INFO] 📝 Content selected: Life is either... at all....
2026-06-27 14:47:03,800 [INFO] Publishing [morning_motivation] | image: /home/runner/work/bright-side-daily/bright-side-daily/images/output/morning_motivation_20260627_144703.png
2026-06-27 14:47:03,800 [INFO] Caption preview: ☀️ Life is either... at all.

Share this with someone who needs it today! 💛

#Motivation #Success #MindsetMatters #Daily...
2026-06-27 14:47:09,467 [INFO] ✅ Posted successfully [morning_motivation]
2026-06-27 14:47:09,470 [INFO] ✅ Slot [morning_motivation] published successfully!
2026-06-27 16:52:13,094 [INFO] Failed posts list is empty.
2026-06-27 16:52:13,256 [INFO] ──────────────────────────────────────────────────
2026-06-27 16:52:13,256 [INFO] ▶  Running slot: evening_reflection
2026-06-27 16:52:13,256 [INFO] ──────────────────────────────────────────────────
2026-06-27 16:52:13,262 [INFO] 📝 Content selected: This is a wonderful day. I've never seen this one before. — start today....
2026-06-27 16:52:13,401 [INFO] Publishing [evening_reflection] | image: /home/runner/work/bright-side-daily/bright-side-daily/images/output/evening_reflection_20260627_165213.png
2026-06-27 16:52:13,401 [INFO] Caption preview: 🌙 This is a wonderful day. I've never seen this one before. — start today.

Share this with someone who needs it today! ...
2026-06-27 16:52:20,237 [INFO] ✅ Posted successfully [evening_reflection]
2026-06-27 16:52:20,240 [INFO] ✅ Slot [evening_reflection] published successfully!
2026-06-27 19:11:38,004 [INFO] Failed posts list is empty.
2026-06-27 19:11:38,163 [INFO] ──────────────────────────────────────────────────
2026-06-27 19:11:38,163 [INFO] ▶  Running slot: morning_motivation
2026-06-27 19:11:38,163 [INFO] ──────────────────────────────────────────────────
2026-06-27 19:11:38,169 [INFO] 📝 Content selected: An unexamined life... worth living....
2026-06-27 19:11:38,304 [INFO] Publishing [morning_motivation] | image: /home/runner/work/bright-side-daily/bright-side-daily/images/output/morning_motivation_20260627_191138.png
2026-06-27 19:11:38,304 [INFO] Caption preview: ☀️ An unexamined life... worth living.

Share this with someone who needs it today! 💛

#Motivation #Success #MindsetMatt...
2026-06-27 19:11:47,320 [INFO] ✅ Posted successfully [morning_motivation]
2026-06-27 19:11:47,323 [INFO] ✅ Slot [morning_motivation] published successfully!
2026-06-28 08:21:38,051 [INFO] Failed posts list is empty.
2026-06-28 08:21:38,205 [INFO] ──────────────────────────────────────────────────
2026-06-28 08:21:38,206 [INFO] ▶  Running slot: morning_motivation
2026-06-28 08:21:38,206 [INFO] ──────────────────────────────────────────────────
2026-06-28 08:21:38,212 [INFO] 📝 Content selected: Don't judge each day by the harvest you reap but by the seeds that you plant....
2026-06-28 08:21:38,376 [INFO] Publishing [morning_motivation] | image: /home/runner/work/bright-side-daily/bright-side-daily/images/output/morning_motivation_20260628_082138.png
2026-06-28 08:21:38,377 [INFO] Caption preview: ☀️ Don't judge each day by the harvest you reap but by the seeds that you plant.

Share this with someone who needs it t...
2026-06-28 08:21:42,664 [INFO] ✅ Posted successfully [morning_motivation]
2026-06-28 08:21:42,666 [INFO] ✅ Slot [morning_motivation] published successfully!
2026-06-28 09:59:59,691 [INFO] Failed posts list is empty.
2026-06-28 09:59:59,852 [INFO] ──────────────────────────────────────────────────
2026-06-28 09:59:59,852 [INFO] ▶  Running slot: funny_meme
2026-06-28 09:59:59,852 [INFO] ──────────────────────────────────────────────────
2026-06-28 09:59:59,859 [INFO] 📝 Content selected: I don't always go the extra mile, but when I do, I took the wrong exit. — believ...
2026-06-28 10:00:00,027 [INFO] Publishing [funny_meme] | image: /home/runner/work/bright-side-daily/bright-side-daily/images/output/funny_meme_20260628_095959.png
2026-06-28 10:00:00,028 [INFO] Caption preview: 😄 I don't always go the extra mile, but when I do, I took the wrong exit. — believe it.

Tag someone who can relate! 😂

...
2026-06-28 10:00:08,187 [INFO] ✅ Posted successfully [funny_meme]
2026-06-28 10:00:08,190 [INFO] ✅ Slot [funny_meme] published successfully!
2026-06-28 11:05:05,844 [INFO] Failed posts list is empty.
2026-06-28 11:05:06,004 [INFO] ──────────────────────────────────────────────────
2026-06-28 11:05:06,004 [INFO] ▶  Running slot: self_improvement
2026-06-28 11:05:06,004 [INFO] ──────────────────────────────────────────────────
2026-06-28 11:05:06,011 [INFO] 📝 Content selected: Don't count the days; make the days count. — spread this....
2026-06-28 11:05:06,211 [INFO] Publishing [self_improvement] | image: /home/runner/work/bright-side-daily/bright-side-daily/images/output/self_improvement_20260628_110506.png
2026-06-28 11:05:06,211 [INFO] Caption preview: 📈 Don't count the days; make the days count. — spread this.

Share this with someone who needs it today! 💛

#PersonalGro...
2026-06-28 11:05:10,834 [INFO] ✅ Posted successfully [self_improvement]
2026-06-28 11:05:10,838 [INFO] ✅ Slot [self_improvement] published successfully!
2026-06-28 12:14:46,697 [INFO] Failed posts list is empty.
2026-06-28 12:14:46,819 [INFO] ──────────────────────────────────────────────────
2026-06-28 12:14:46,819 [INFO] ▶  Running slot: morning_motivation
2026-06-28 12:14:46,819 [INFO] ──────────────────────────────────────────────────
2026-06-28 12:14:46,825 [INFO] 📝 Content selected: Keep going. Everything you need will come to you at the perfect time....
2026-06-28 12:14:46,930 [INFO] Publishing [morning_motivation] | image: /home/runner/work/bright-side-daily/bright-side-daily/images/output/morning_motivation_20260628_121446.png
2026-06-28 12:14:46,930 [INFO] Caption preview: ☀️ Keep going. Everything you need will come to you at the perfect time.

Share this with someone who needs it today! 💛
...
2026-06-28 12:14:50,468 [INFO] ✅ Posted successfully [morning_motivation]
2026-06-28 12:14:50,470 [INFO] ✅ Slot [morning_motivation] published successfully!
2026-06-28 14:50:54,508 [INFO] Failed posts list is empty.
2026-06-28 14:50:54,650 [INFO] ──────────────────────────────────────────────────
2026-06-28 14:50:54,650 [INFO] ▶  Running slot: morning_motivation
2026-06-28 14:50:54,650 [INFO] ──────────────────────────────────────────────────
2026-06-28 14:50:54,657 [INFO] 📝 Content selected: Today's reminder: do not go where the path may lead, go instead where there is n...
2026-06-28 14:50:54,785 [INFO] Publishing [morning_motivation] | image: /home/runner/work/bright-side-daily/bright-side-daily/images/output/morning_motivation_20260628_145054.png
2026-06-28 14:50:54,786 [INFO] Caption preview: ☀️ Today's reminder: do not go where the path may lead, go instead where there is no path and leave a trail.

Share this...
2026-06-28 14:51:00,623 [INFO] ✅ Posted successfully [morning_motivation]
2026-06-28 14:51:00,625 [INFO] ✅ Slot [morning_motivation] published successfully!
2026-06-28 16:53:20,409 [INFO] Failed posts list is empty.
2026-06-28 16:53:20,568 [INFO] ──────────────────────────────────────────────────
2026-06-28 16:53:20,568 [INFO] ▶  Running slot: evening_reflection
2026-06-28 16:53:20,568 [INFO] ──────────────────────────────────────────────────
2026-06-28 16:53:20,575 [INFO] 📝 Content selected: Happiness is when... in harmony....
2026-06-28 16:53:20,717 [INFO] Publishing [evening_reflection] | image: /home/runner/work/bright-side-daily/bright-side-daily/images/output/evening_reflection_20260628_165320.png
2026-06-28 16:53:20,717 [INFO] Caption preview: 🌙 Happiness is when... in harmony.

Share this with someone who needs it today! 💛

#Gratitude #Thankful #CountYourBlessi...
2026-06-28 16:53:27,209 [INFO] ✅ Posted successfully [evening_reflection]
2026-06-28 16:53:27,212 [INFO] ✅ Slot [evening_reflection] published successfully!
2026-06-28 19:10:25,988 [INFO] Failed posts list is empty.
2026-06-28 19:10:26,160 [INFO] ──────────────────────────────────────────────────
2026-06-28 19:10:26,160 [INFO] ▶  Running slot: morning_motivation
2026-06-28 19:10:26,160 [INFO] ──────────────────────────────────────────────────
2026-06-28 19:10:26,168 [INFO] 📝 Content selected: Don't judge each... you plant....
2026-06-28 19:10:26,278 [INFO] Publishing [morning_motivation] | image: /home/runner/work/bright-side-daily/bright-side-daily/images/output/morning_motivation_20260628_191026.png
2026-06-28 19:10:26,278 [INFO] Caption preview: ☀️ Don't judge each... you plant.

Share this with someone who needs it today! 💛

#Motivation #Success #MindsetMatters #...
2026-06-28 19:10:38,223 [INFO] ✅ Posted successfully [morning_motivation]
2026-06-28 19:10:38,226 [INFO] ✅ Slot [morning_motivation] published successfully!
2026-06-29 09:26:12,656 [INFO] Failed posts list is empty.
2026-06-29 09:26:12,809 [INFO] ──────────────────────────────────────────────────
2026-06-29 09:26:12,809 [INFO] ▶  Running slot: funny_meme
2026-06-29 09:26:12,809 [INFO] ──────────────────────────────────────────────────
2026-06-29 09:26:12,816 [INFO] 📝 Content selected: Never forget: the bags under my eyes are designer, i'll have you know....
2026-06-29 09:26:12,967 [INFO] Publishing [funny_meme] | image: /home/runner/work/bright-side-daily/bright-side-daily/images/output/funny_meme_20260629_092612.png
2026-06-29 09:26:12,967 [INFO] Caption preview: 😄 Never forget: the bags under my eyes are designer, i'll have you know.

Tag someone who can relate! 😂

#RelatableLife ...
2026-06-29 09:26:24,330 [INFO] ✅ Posted successfully [funny_meme]
2026-06-29 09:26:24,332 [INFO] ✅ Slot [funny_meme] published successfully!
2026-06-29 12:01:27,217 [INFO] Failed posts list is empty.
2026-06-29 12:01:27,374 [INFO] ──────────────────────────────────────────────────
2026-06-29 12:01:27,374 [INFO] ▶  Running slot: morning_motivation
2026-06-29 12:01:27,374 [INFO] ──────────────────────────────────────────────────
2026-06-29 12:01:27,382 [INFO] 📝 Content selected: Never forget: great things never come from comfort zones....
2026-06-29 12:01:27,555 [INFO] Publishing [morning_motivation] | image: /home/runner/work/bright-side-daily/bright-side-daily/images/output/morning_motivation_20260629_120127.png
2026-06-29 12:01:27,555 [INFO] Caption preview: ☀️ Never forget: great things never come from comfort zones.

Share this with someone who needs it today! 💛

#Motivation...
2026-06-29 12:01:32,703 [INFO] ✅ Posted successfully [morning_motivation]
2026-06-29 12:01:32,706 [INFO] ✅ Slot [morning_motivation] published successfully!
2026-06-29 13:04:49,931 [INFO] Failed posts list is empty.
2026-06-29 13:04:50,091 [INFO] ──────────────────────────────────────────────────
2026-06-29 13:04:50,091 [INFO] ▶  Running slot: midday_encouragement
2026-06-29 13:04:50,091 [INFO] ──────────────────────────────────────────────────
2026-06-29 13:04:50,098 [INFO] 📝 Content selected: Your best days are still ahead of you. — you've got this....
2026-06-29 13:04:50,267 [INFO] Publishing [midday_encouragement] | image: /home/runner/work/bright-side-daily/bright-side-daily/images/output/midday_encouragement_20260629_130450.png
2026-06-29 13:04:50,267 [INFO] Caption preview: 💪 Your best days are still ahead of you. — you've got this.

Share this with someone who needs it today! 💛

#YouGotThis ...
2026-06-29 13:04:55,772 [INFO] ✅ Posted successfully [midday_encouragement]
2026-06-29 13:04:55,775 [INFO] ✅ Slot [midday_encouragement] published successfully!
2026-06-29 14:46:18,149 [INFO] Failed posts list is empty.
2026-06-29 14:46:18,310 [INFO] ──────────────────────────────────────────────────
2026-06-29 14:46:18,310 [INFO] ▶  Running slot: morning_motivation
2026-06-29 14:46:18,310 [INFO] ──────────────────────────────────────────────────
2026-06-29 14:46:18,318 [INFO] 📝 Content selected: Believe this: energy and persistence conquer all things....
2026-06-29 14:46:18,500 [INFO] Publishing [morning_motivation] | image: /home/runner/work/bright-side-daily/bright-side-daily/images/output/morning_motivation_20260629_144618.png
2026-06-29 14:46:18,500 [INFO] Caption preview: ☀️ Believe this: energy and persistence conquer all things.

Share this with someone who needs it today! 💛

#Motivation ...
2026-06-29 14:46:24,068 [INFO] ✅ Posted successfully [morning_motivation]
2026-06-29 14:46:24,071 [INFO] ✅ Slot [morning_motivation] published successfully!
2026-06-29 16:40:00,403 [INFO] Failed posts list is empty.
2026-06-29 16:40:00,565 [INFO] ──────────────────────────────────────────────────
2026-06-29 16:40:00,565 [INFO] ▶  Running slot: evening_reflection
2026-06-29 16:40:00,565 [INFO] ──────────────────────────────────────────────────
2026-06-29 16:40:00,573 [INFO] 📝 Content selected: Never forget: let us rise up and be thankful....
2026-06-29 16:40:00,693 [INFO] Publishing [evening_reflection] | image: /home/runner/work/bright-side-daily/bright-side-daily/images/output/evening_reflection_20260629_164000.png
2026-06-29 16:40:00,694 [INFO] Caption preview: 🌙 Never forget: let us rise up and be thankful.

Share this with someone who needs it today! 💛

#Gratitude #Thankful #Co...
2026-06-29 16:40:06,107 [INFO] ✅ Posted successfully [evening_reflection]
2026-06-29 16:40:06,110 [INFO] ✅ Slot [evening_reflection] published successfully!
2026-06-29 18:01:21,734 [INFO] Failed posts list is empty.
2026-06-29 18:01:21,899 [INFO] ──────────────────────────────────────────────────
2026-06-29 18:01:21,899 [INFO] ▶  Running slot: engagement_question
2026-06-29 18:01:21,899 [INFO] ──────────────────────────────────────────────────
2026-06-29 18:01:21,907 [INFO] 📝 Content selected: Fact: if you could send a message to your younger self, what would you say?...
2026-06-29 18:01:22,019 [INFO] Publishing [engagement_question] | image: /home/runner/work/bright-side-daily/bright-side-daily/images/output/engagement_question_20260629_180121.png
2026-06-29 18:01:22,019 [INFO] Caption preview: 💬 Fact: if you could send a message to your younger self, what would you say?

Drop your answer in the comments below 👇
...
2026-06-29 18:01:26,553 [INFO] ✅ Posted successfully [engagement_question]
2026-06-29 18:01:26,556 [INFO] ✅ Slot [engagement_question] published successfully!
2026-06-29 19:49:29,189 [INFO] Failed posts list is empty.
2026-06-29 19:49:29,326 [INFO] ──────────────────────────────────────────────────
2026-06-29 19:49:29,326 [INFO] ▶  Running slot: morning_motivation
2026-06-29 19:49:29,326 [INFO] ──────────────────────────────────────────────────
2026-06-29 19:49:29,334 [INFO] 📝 Content selected: [Motivational] When you reach the end of your rope, tie a knot in it and hang on...
2026-06-29 19:49:29,403 [INFO] Publishing [morning_motivation] | image: /home/runner/work/bright-side-daily/bright-side-daily/images/output/morning_motivation_20260629_194929.png
2026-06-29 19:49:29,403 [INFO] Caption preview: ☀️ [Motivational] When you reach the end of your rope, tie a knot in it and hang on.

Share this with someone who needs ...
2026-06-29 19:49:34,272 [INFO] ✅ Posted successfully [morning_motivation]
2026-06-29 19:49:34,276 [INFO] ✅ Slot [morning_motivation] published successfully!
2026-06-30 08:30:34,771 [INFO] Failed posts list is empty.
2026-06-30 08:30:34,935 [INFO] ──────────────────────────────────────────────────
2026-06-30 08:30:34,935 [INFO] ▶  Running slot: morning_motivation
2026-06-30 08:30:34,935 [INFO] ──────────────────────────────────────────────────
2026-06-30 08:30:34,944 [INFO] 📝 Content selected: Remember: if life were predictable it would cease to be life and be without flav...
2026-06-30 08:30:35,104 [INFO] Publishing [morning_motivation] | image: /home/runner/work/bright-side-daily/bright-side-daily/images/output/morning_motivation_20260630_083035.png
2026-06-30 08:30:35,104 [INFO] Caption preview: ☀️ Remember: if life were predictable it would cease to be life and be without flavor.

Share this with someone who need...
2026-06-30 08:30:39,923 [INFO] ✅ Posted successfully [morning_motivation]
2026-06-30 08:30:39,926 [INFO] ✅ Slot [morning_motivation] published successfully!
2026-06-30 10:32:56,514 [INFO] Failed posts list is empty.
2026-06-30 10:32:56,675 [INFO] ──────────────────────────────────────────────────
2026-06-30 10:32:56,676 [INFO] ▶  Running slot: morning_motivation
2026-06-30 10:32:56,676 [INFO] ──────────────────────────────────────────────────
2026-06-30 10:32:56,685 [INFO] 📝 Content selected: Energy and persistence conquer all things. — you've got this....
2026-06-30 10:32:56,798 [INFO] Publishing [morning_motivation] | image: /home/runner/work/bright-side-daily/bright-side-daily/images/output/morning_motivation_20260630_103256.png
2026-06-30 10:32:56,799 [INFO] Caption preview: ☀️ Energy and persistence conquer all things. — you've got this.

Share this with someone who needs it today! 💛

#Motiva...
2026-06-30 10:33:01,696 [INFO] ✅ Posted successfully [morning_motivation]
2026-06-30 10:33:01,699 [INFO] ✅ Slot [morning_motivation] published successfully!
2026-06-30 11:43:50,293 [INFO] Failed posts list is empty.
2026-06-30 11:43:50,453 [INFO] ──────────────────────────────────────────────────
2026-06-30 11:43:50,453 [INFO] ▶  Running slot: self_improvement
2026-06-30 11:43:50,453 [INFO] ──────────────────────────────────────────────────
2026-06-30 11:43:50,462 [INFO] 📝 Content selected: Always know that the expert in anything was once a beginner....
2026-06-30 11:43:50,605 [INFO] Publishing [self_improvement] | image: /home/runner/work/bright-side-daily/bright-side-daily/images/output/self_improvement_20260630_114350.png
2026-06-30 11:43:50,605 [INFO] Caption preview: 📈 Always know that the expert in anything was once a beginner.

Share this with someone who needs it today! 💛

#Personal...
2026-06-30 11:43:55,812 [INFO] ✅ Posted successfully [self_improvement]
2026-06-30 11:43:55,815 [INFO] ✅ Slot [self_improvement] published successfully!
2026-06-30 13:08:27,598 [INFO] Failed posts list is empty.
2026-06-30 13:08:27,760 [INFO] ──────────────────────────────────────────────────
2026-06-30 13:08:27,761 [INFO] ▶  Running slot: midday_encouragement
2026-06-30 13:08:27,761 [INFO] ──────────────────────────────────────────────────
2026-06-30 13:08:27,769 [INFO] 📝 Content selected: You don't have to have it all figured out to move forward. — start today....
2026-06-30 13:08:27,884 [INFO] Publishing [midday_encouragement] | image: /home/runner/work/bright-side-daily/bright-side-daily/images/output/midday_encouragement_20260630_130827.png
2026-06-30 13:08:27,884 [INFO] Caption preview: 💪 You don't have to have it all figured out to move forward. — start today.

Share this with someone who needs it today!...
2026-06-30 13:08:32,703 [INFO] ✅ Posted successfully [midday_encouragement]
2026-06-30 13:08:32,706 [INFO] ✅ Slot [midday_encouragement] published successfully!
2026-06-30 15:35:32,048 [INFO] Failed posts list is empty.
2026-06-30 15:35:32,171 [INFO] ──────────────────────────────────────────────────
2026-06-30 15:35:32,171 [INFO] ▶  Running slot: morning_motivation
2026-06-30 15:35:32,171 [INFO] ──────────────────────────────────────────────────
2026-06-30 15:35:32,179 [INFO] 📝 Content selected: An unexamined life is not worth living. — you've got this....
2026-06-30 15:35:32,264 [INFO] Publishing [morning_motivation] | image: /home/runner/work/bright-side-daily/bright-side-daily/images/output/morning_motivation_20260630_153532.png
2026-06-30 15:35:32,264 [INFO] Caption preview: ☀️ An unexamined life is not worth living. — you've got this.

Share this with someone who needs it today! 💛

#Motivatio...
2026-06-30 15:35:37,057 [INFO] ✅ Posted successfully [morning_motivation]
2026-06-30 15:35:37,060 [INFO] ✅ Slot [morning_motivation] published successfully!
2026-06-30 17:44:07,508 [INFO] Failed posts list is empty.
2026-06-30 17:44:07,666 [INFO] ──────────────────────────────────────────────────
2026-06-30 17:44:07,666 [INFO] ▶  Running slot: morning_motivation
2026-06-30 17:44:07,666 [INFO] ──────────────────────────────────────────────────
2026-06-30 17:44:07,675 [INFO] 📝 Content selected: Success is the sum of small efforts repeated day in and day out. — pass it on....
2026-06-30 17:44:07,804 [INFO] Publishing [morning_motivation] | image: /home/runner/work/bright-side-daily/bright-side-daily/images/output/morning_motivation_20260630_174407.png
2026-06-30 17:44:07,804 [INFO] Caption preview: ☀️ Success is the sum of small efforts repeated day in and day out. — pass it on.

Share this with someone who needs it ...
2026-06-30 17:44:14,201 [INFO] ✅ Posted successfully [morning_motivation]
2026-06-30 17:44:14,204 [INFO] ✅ Slot [morning_motivation] published successfully!
2026-06-30 19:46:56,629 [INFO] Failed posts list is empty.
2026-06-30 19:46:56,790 [INFO] ──────────────────────────────────────────────────
2026-06-30 19:46:56,791 [INFO] ▶  Running slot: morning_motivation
2026-06-30 19:46:56,791 [INFO] ──────────────────────────────────────────────────
2026-06-30 19:46:56,800 [INFO] 📝 Content selected: Always know that great things never come from comfort zones....
2026-06-30 19:46:56,904 [INFO] Publishing [morning_motivation] | image: /home/runner/work/bright-side-daily/bright-side-daily/images/output/morning_motivation_20260630_194656.png
2026-06-30 19:46:56,904 [INFO] Caption preview: ☀️ Always know that great things never come from comfort zones.

Share this with someone who needs it today! 💛

#Motivat...
2026-06-30 19:47:00,914 [INFO] ✅ Posted successfully [morning_motivation]
2026-06-30 19:47:00,917 [INFO] ✅ Slot [morning_motivation] published successfully!
2026-07-01 08:49:49,842 [INFO] Failed posts list is empty.
2026-07-01 08:49:50,012 [INFO] ──────────────────────────────────────────────────
2026-07-01 08:49:50,012 [INFO] ▶  Running slot: morning_motivation
2026-07-01 08:49:50,012 [INFO] ──────────────────────────────────────────────────
2026-07-01 08:49:50,022 [INFO] 📝 Content selected: You will face many defeats in life, but never let yourself be defeated....
2026-07-01 08:49:50,136 [INFO] Publishing [morning_motivation] | image: /home/runner/work/bright-side-daily/bright-side-daily/images/output/morning_motivation_20260701_084950.png
2026-07-01 08:49:50,136 [INFO] Caption preview: ☀️ You will face many defeats in life, but never let yourself be defeated.

Share this with someone who needs it today! ...
2026-07-01 08:49:55,557 [INFO] ✅ Posted successfully [morning_motivation]
2026-07-01 08:49:55,560 [INFO] ✅ Slot [morning_motivation] published successfully!
2026-07-01 10:43:51,361 [INFO] Failed posts list is empty.
2026-07-01 10:43:51,521 [INFO] ──────────────────────────────────────────────────
2026-07-01 10:43:51,521 [INFO] ▶  Running slot: morning_motivation
2026-07-01 10:43:51,521 [INFO] ──────────────────────────────────────────────────
2026-07-01 10:43:51,530 [INFO] 📝 Content selected: Never forget: energy and persistence conquer all things....
2026-07-01 10:43:51,636 [INFO] Publishing [morning_motivation] | image: /home/runner/work/bright-side-daily/bright-side-daily/images/output/morning_motivation_20260701_104351.png
2026-07-01 10:43:51,636 [INFO] Caption preview: ☀️ Never forget: energy and persistence conquer all things.

Share this with someone who needs it today! 💛

#Motivation ...
2026-07-01 10:43:59,093 [INFO] ✅ Posted successfully [morning_motivation]
2026-07-01 10:43:59,096 [INFO] ✅ Slot [morning_motivation] published successfully!
2026-07-01 11:59:15,212 [INFO] Failed posts list is empty.
2026-07-01 11:59:15,367 [INFO] ──────────────────────────────────────────────────
2026-07-01 11:59:15,367 [INFO] ▶  Running slot: self_improvement
2026-07-01 11:59:15,367 [INFO] ──────────────────────────────────────────────────
2026-07-01 11:59:15,376 [INFO] 📝 Content selected: Your life does not get better by chance. It gets better by change....
2026-07-01 11:59:15,480 [INFO] Publishing [self_improvement] | image: /home/runner/work/bright-side-daily/bright-side-daily/images/output/self_improvement_20260701_115915.png
2026-07-01 11:59:15,480 [INFO] Caption preview: 📈 Your life does not get better by chance. It gets better by change.

Share this with someone who needs it today! 💛

#Pe...
2026-07-01 11:59:21,248 [INFO] ✅ Posted successfully [self_improvement]
2026-07-01 11:59:21,251 [INFO] ✅ Slot [self_improvement] published successfully!
2026-07-01 13:32:44,779 [INFO] Failed posts list is empty.
2026-07-01 13:32:44,923 [INFO] ──────────────────────────────────────────────────
2026-07-01 13:32:44,923 [INFO] ▶  Running slot: midday_encouragement
2026-07-01 13:32:44,923 [INFO] ──────────────────────────────────────────────────
2026-07-01 13:32:44,932 [INFO] 📝 Content selected: Not every day... every day....
2026-07-01 13:32:45,038 [INFO] Publishing [midday_encouragement] | image: /home/runner/work/bright-side-daily/bright-side-daily/images/output/midday_encouragement_20260701_133244.png
2026-07-01 13:32:45,038 [INFO] Caption preview: 💪 Not every day... every day.

Share this with someone who needs it today! 💛

#YouGotThis #KeepGoing #NeverGiveUp #StayS...
2026-07-01 13:32:48,577 [INFO] ✅ Posted successfully [midday_encouragement]
2026-07-01 13:32:48,580 [INFO] ✅ Slot [midday_encouragement] published successfully!
2026-07-01 15:47:16,079 [INFO] Failed posts list is empty.
2026-07-01 15:47:16,236 [INFO] ──────────────────────────────────────────────────
2026-07-01 15:47:16,236 [INFO] ▶  Running slot: morning_motivation
2026-07-01 15:47:16,236 [INFO] ──────────────────────────────────────────────────
2026-07-01 15:47:16,246 [INFO] 📝 Content selected: You will face many defeats in life, but never let yourself be defeated. — believ...
2026-07-01 15:47:16,313 [INFO] Publishing [morning_motivation] | image: /home/runner/work/bright-side-daily/bright-side-daily/images/output/morning_motivation_20260701_154716.png
2026-07-01 15:47:16,314 [INFO] Caption preview: ☀️ You will face many defeats in life, but never let yourself be defeated. — believe it.

Share this with someone who ne...
2026-07-01 15:47:21,710 [INFO] ✅ Posted successfully [morning_motivation]
2026-07-01 15:47:21,714 [INFO] ✅ Slot [morning_motivation] published successfully!
2026-07-01 17:43:50,467 [INFO] Failed posts list is empty.
2026-07-01 17:43:50,628 [INFO] ──────────────────────────────────────────────────
2026-07-01 17:43:50,628 [INFO] ▶  Running slot: morning_motivation
2026-07-01 17:43:50,628 [INFO] ──────────────────────────────────────────────────
2026-07-01 17:43:50,638 [INFO] 📝 Content selected: Do something today that your future self will thank you for. — start today....
2026-07-01 17:43:50,702 [INFO] Publishing [morning_motivation] | image: /home/runner/work/bright-side-daily/bright-side-daily/images/output/morning_motivation_20260701_174350.png
2026-07-01 17:43:50,702 [INFO] Caption preview: ☀️ Do something today that your future self will thank you for. — start today.

Share this with someone who needs it tod...
2026-07-01 17:43:55,316 [INFO] ✅ Posted successfully [morning_motivation]
2026-07-01 17:43:55,320 [INFO] ✅ Slot [morning_motivation] published successfully!
2026-07-01 19:45:07,398 [INFO] Failed posts list is empty.
2026-07-01 19:45:07,555 [INFO] ──────────────────────────────────────────────────
2026-07-01 19:45:07,555 [INFO] ▶  Running slot: morning_motivation
2026-07-01 19:45:07,555 [INFO] ──────────────────────────────────────────────────
2026-07-01 19:45:07,565 [INFO] 📝 Content selected: Never let the fear of striking out keep you from playing the game. — share this!...
2026-07-01 19:45:07,676 [INFO] Publishing [morning_motivation] | image: /home/runner/work/bright-side-daily/bright-side-daily/images/output/morning_motivation_20260701_194507.png
2026-07-01 19:45:07,676 [INFO] Caption preview: ☀️ Never let the fear of striking out keep you from playing the game. — share this!

Share this with someone who needs i...
2026-07-01 19:45:12,257 [INFO] ✅ Posted successfully [morning_motivation]
2026-07-01 19:45:12,261 [INFO] ✅ Slot [morning_motivation] published successfully!
2026-07-02 08:11:37,247 [INFO] Failed posts list is empty.
2026-07-02 08:11:37,405 [INFO] ──────────────────────────────────────────────────
2026-07-02 08:11:37,405 [INFO] ▶  Running slot: morning_motivation
2026-07-02 08:11:37,405 [INFO] ──────────────────────────────────────────────────
2026-07-02 08:11:37,415 [INFO] 📝 Content selected: The harder you... achieve it....
2026-07-02 08:11:37,521 [INFO] Publishing [morning_motivation] | image: /home/runner/work/bright-side-daily/bright-side-daily/images/output/morning_motivation_20260702_081137.png
2026-07-02 08:11:37,521 [INFO] Caption preview: ☀️ The harder you... achieve it.

Share this with someone who needs it today! 💛

#Motivation #Success #MindsetMatters #D...
2026-07-02 08:11:42,382 [INFO] ✅ Posted successfully [morning_motivation]
2026-07-02 08:11:42,386 [INFO] ✅ Slot [morning_motivation] published successfully!
2026-07-02 10:11:39,273 [INFO] Failed posts list is empty.
2026-07-02 10:11:39,444 [INFO] ──────────────────────────────────────────────────
2026-07-02 10:11:39,444 [INFO] ▶  Running slot: morning_motivation
2026-07-02 10:11:39,444 [INFO] ──────────────────────────────────────────────────
2026-07-02 10:11:39,454 [INFO] 📝 Content selected: Believe this: you have brains in your head. you have feet in your shoes. you can...
2026-07-02 10:11:39,585 [INFO] Publishing [morning_motivation] | image: /home/runner/work/bright-side-daily/bright-side-daily/images/output/morning_motivation_20260702_101139.png
2026-07-02 10:11:39,585 [INFO] Caption preview: ☀️ Believe this: you have brains in your head. you have feet in your shoes. you can steer yourself any direction you cho...
2026-07-02 10:11:46,588 [INFO] ✅ Posted successfully [morning_motivation]
2026-07-02 10:11:46,592 [INFO] ✅ Slot [morning_motivation] published successfully!
2026-07-02 11:31:53,978 [INFO] Failed posts list is empty.
2026-07-02 11:31:54,137 [INFO] ──────────────────────────────────────────────────
2026-07-02 11:31:54,137 [INFO] ▶  Running slot: self_improvement
2026-07-02 11:31:54,137 [INFO] ──────────────────────────────────────────────────
2026-07-02 11:31:54,148 [INFO] 📝 Content selected: The only person... were yesterday....
2026-07-02 11:31:54,205 [INFO] Publishing [self_improvement] | image: /home/runner/work/bright-side-daily/bright-side-daily/images/output/self_improvement_20260702_113154.png
2026-07-02 11:31:54,205 [INFO] Caption preview: 📈 The only person... were yesterday.

Share this with someone who needs it today! 💛

#PersonalGrowth #SelfImprovement #B...
2026-07-02 11:32:00,589 [INFO] ✅ Posted successfully [self_improvement]
2026-07-02 11:32:00,592 [INFO] ✅ Slot [self_improvement] published successfully!
2026-07-02 12:55:00,409 [INFO] Failed posts list is empty.
2026-07-02 12:55:00,576 [INFO] ──────────────────────────────────────────────────
2026-07-02 12:55:00,576 [INFO] ▶  Running slot: morning_motivation
2026-07-02 12:55:00,576 [INFO] ──────────────────────────────────────────────────
2026-07-02 12:55:00,588 [INFO] 📝 Content selected: [Motivational] Believe you can and you're halfway there....
2026-07-02 12:55:00,703 [INFO] Publishing [morning_motivation] | image: /home/runner/work/bright-side-daily/bright-side-daily/images/output/morning_motivation_20260702_125500.png
2026-07-02 12:55:00,703 [INFO] Caption preview: ☀️ [Motivational] Believe you can and you're halfway there.

Share this with someone who needs it today! 💛

#Motivation ...
2026-07-02 12:55:06,119 [INFO] ✅ Posted successfully [morning_motivation]
2026-07-02 12:55:06,122 [INFO] ✅ Slot [morning_motivation] published successfully!
2026-07-02 15:22:06,413 [INFO] Failed posts list is empty.
2026-07-02 15:22:06,570 [INFO] ──────────────────────────────────────────────────
2026-07-02 15:22:06,570 [INFO] ▶  Running slot: morning_motivation
2026-07-02 15:22:06,570 [INFO] ──────────────────────────────────────────────────
2026-07-02 15:22:06,581 [INFO] 📝 Content selected: [Motivational] Many of life's failures are people who did not realize how close ...
2026-07-02 15:22:06,691 [INFO] Publishing [morning_motivation] | image: /home/runner/work/bright-side-daily/bright-side-daily/images/output/morning_motivation_20260702_152206.png
2026-07-02 15:22:06,691 [INFO] Caption preview: ☀️ [Motivational] Many of life's failures are people who did not realize how close they were to success when they gave u...
2026-07-02 15:22:11,109 [INFO] ✅ Posted successfully [morning_motivation]
2026-07-02 15:22:11,112 [INFO] ✅ Slot [morning_motivation] published successfully!
2026-07-02 17:22:14,906 [INFO] Failed posts list is empty.
2026-07-02 17:22:15,061 [INFO] ──────────────────────────────────────────────────
2026-07-02 17:22:15,061 [INFO] ▶  Running slot: morning_motivation
2026-07-02 17:22:15,061 [INFO] ──────────────────────────────────────────────────
2026-07-02 17:22:15,072 [INFO] 📝 Content selected: Never forget: the future belongs to those who believe in the beauty of their dre...
2026-07-02 17:22:15,272 [INFO] Publishing [morning_motivation] | image: /home/runner/work/bright-side-daily/bright-side-daily/images/output/morning_motivation_20260702_172215.png
2026-07-02 17:22:15,272 [INFO] Caption preview: ☀️ Never forget: the future belongs to those who believe in the beauty of their dreams.

Share this with someone who nee...
2026-07-02 17:22:22,684 [INFO] ✅ Posted successfully [morning_motivation]
2026-07-02 17:22:22,687 [INFO] ✅ Slot [morning_motivation] published successfully!
2026-07-02 19:15:54,222 [INFO] Failed posts list is empty.
2026-07-02 19:15:54,381 [INFO] ──────────────────────────────────────────────────
2026-07-02 19:15:54,381 [INFO] ▶  Running slot: morning_motivation
2026-07-02 19:15:54,381 [INFO] ──────────────────────────────────────────────────
2026-07-02 19:15:54,393 [INFO] 📝 Content selected: Never forget: start where you are. use what you have. do what you can....
2026-07-02 19:15:54,583 [INFO] Publishing [morning_motivation] | image: /home/runner/work/bright-side-daily/bright-side-daily/images/output/morning_motivation_20260702_191554.png
2026-07-02 19:15:54,583 [INFO] Caption preview: ☀️ Never forget: start where you are. use what you have. do what you can.

Share this with someone who needs it today! 💛...
2026-07-02 19:16:00,847 [INFO] ✅ Posted successfully [morning_motivation]
2026-07-02 19:16:00,850 [INFO] ✅ Slot [morning_motivation] published successfully!
2026-07-03 08:08:54,823 [INFO] Failed posts list is empty.
2026-07-03 08:08:54,982 [INFO] ──────────────────────────────────────────────────
2026-07-03 08:08:54,982 [INFO] ▶  Running slot: morning_motivation
2026-07-03 08:08:54,982 [INFO] ──────────────────────────────────────────────────
2026-07-03 08:08:54,994 [INFO] 📝 Content selected: Do something today... you for....
2026-07-03 08:08:55,106 [INFO] Publishing [morning_motivation] | image: /home/runner/work/bright-side-daily/bright-side-daily/images/output/morning_motivation_20260703_080855.png
2026-07-03 08:08:55,107 [INFO] Caption preview: ☀️ Do something today... you for.

Share this with someone who needs it today! 💛

#Motivation #Success #MindsetMatters #...
2026-07-03 08:08:59,975 [INFO] ✅ Posted successfully [morning_motivation]
2026-07-03 08:08:59,978 [INFO] ✅ Slot [morning_motivation] published successfully!
2026-07-03 10:06:47,116 [INFO] Failed posts list is empty.
2026-07-03 10:06:47,282 [INFO] ──────────────────────────────────────────────────
2026-07-03 10:06:47,282 [INFO] ▶  Running slot: morning_motivation
2026-07-03 10:06:47,282 [INFO] ──────────────────────────────────────────────────
2026-07-03 10:06:47,294 [INFO] 📝 Content selected: The only way to do great work is to love what you do. — keep going....
2026-07-03 10:06:47,406 [INFO] Publishing [morning_motivation] | image: /home/runner/work/bright-side-daily/bright-side-daily/images/output/morning_motivation_20260703_100647.png
2026-07-03 10:06:47,406 [INFO] Caption preview: ☀️ The only way to do great work is to love what you do. — keep going.

Share this with someone who needs it today! 💛

#...
2026-07-03 10:06:58,211 [INFO] ✅ Posted successfully [morning_motivation]
2026-07-03 10:06:58,215 [INFO] ✅ Slot [morning_motivation] published successfully!
2026-07-03 11:30:09,733 [INFO] Failed posts list is empty.
2026-07-03 11:30:09,896 [INFO] ──────────────────────────────────────────────────
2026-07-03 11:30:09,896 [INFO] ▶  Running slot: self_improvement
2026-07-03 11:30:09,896 [INFO] ──────────────────────────────────────────────────
2026-07-03 11:30:09,907 [INFO] 📝 Content selected: Invest in yourself. It pays the best interest. — you've got this....
2026-07-03 11:30:09,967 [INFO] Publishing [self_improvement] | image: /home/runner/work/bright-side-daily/bright-side-daily/images/output/self_improvement_20260703_113009.png
2026-07-03 11:30:09,967 [INFO] Caption preview: 📈 Invest in yourself. It pays the best interest. — you've got this.

Share this with someone who needs it today! 💛

#Per...
2026-07-03 11:30:20,522 [INFO] ✅ Posted successfully [self_improvement]
2026-07-03 11:30:20,525 [INFO] ✅ Slot [self_improvement] published successfully!
2026-07-03 12:54:41,037 [INFO] Failed posts list is empty.
2026-07-03 12:54:41,196 [INFO] ──────────────────────────────────────────────────
2026-07-03 12:54:41,196 [INFO] ▶  Running slot: morning_motivation
2026-07-03 12:54:41,197 [INFO] ──────────────────────────────────────────────────
2026-07-03 12:54:41,208 [INFO] 📝 Content selected: Always know that do something today that your future self will thank you for....
2026-07-03 12:54:41,320 [INFO] Publishing [morning_motivation] | image: /home/runner/work/bright-side-daily/bright-side-daily/images/output/morning_motivation_20260703_125441.png
2026-07-03 12:54:41,321 [INFO] Caption preview: ☀️ Always know that do something today that your future self will thank you for.

Share this with someone who needs it t...
2026-07-03 12:54:45,699 [INFO] ✅ Posted successfully [morning_motivation]
2026-07-03 12:54:45,703 [INFO] ✅ Slot [morning_motivation] published successfully!
2026-07-03 15:14:53,730 [INFO] Failed posts list is empty.
2026-07-03 15:14:53,886 [INFO] ──────────────────────────────────────────────────
2026-07-03 15:14:53,887 [INFO] ▶  Running slot: morning_motivation
2026-07-03 15:14:53,887 [INFO] ──────────────────────────────────────────────────
2026-07-03 15:14:53,898 [INFO] 📝 Content selected: Little things make... big days....
2026-07-03 15:14:54,003 [INFO] Publishing [morning_motivation] | image: /home/runner/work/bright-side-daily/bright-side-daily/images/output/morning_motivation_20260703_151453.png
2026-07-03 15:14:54,003 [INFO] Caption preview: ☀️ Little things make... big days.

Share this with someone who needs it today! 💛

#Motivation #Success #MindsetMatters ...
2026-07-03 15:15:01,632 [INFO] ✅ Posted successfully [morning_motivation]
2026-07-03 15:15:01,636 [INFO] ✅ Slot [morning_motivation] published successfully!
2026-07-03 17:07:02,374 [INFO] Failed posts list is empty.
2026-07-03 17:07:02,533 [INFO] ──────────────────────────────────────────────────
2026-07-03 17:07:02,533 [INFO] ▶  Running slot: morning_motivation
2026-07-03 17:07:02,534 [INFO] ──────────────────────────────────────────────────
2026-07-03 17:07:02,547 [INFO] 📝 Content selected: [Motivational] If life were predictable it would cease to be life and be without...
2026-07-03 17:07:02,783 [INFO] Publishing [morning_motivation] | image: /home/runner/work/bright-side-daily/bright-side-daily/images/output/morning_motivation_20260703_170702.png
2026-07-03 17:07:02,783 [INFO] Caption preview: ☀️ [Motivational] If life were predictable it would cease to be life and be without flavor.

Share this with someone who...
2026-07-03 17:07:12,380 [INFO] ✅ Posted successfully [morning_motivation]
2026-07-03 17:07:12,385 [INFO] ✅ Slot [morning_motivation] published successfully!
2026-07-03 19:10:12,071 [INFO] Failed posts list is empty.
2026-07-03 19:10:12,236 [INFO] ──────────────────────────────────────────────────
2026-07-03 19:10:12,236 [INFO] ▶  Running slot: morning_motivation
2026-07-03 19:10:12,236 [INFO] ──────────────────────────────────────────────────
2026-07-03 19:10:12,248 [INFO] 📝 Content selected: Don't limit your challenges. Challenge your limits. — believe it....
2026-07-03 19:10:12,366 [INFO] Publishing [morning_motivation] | image: /home/runner/work/bright-side-daily/bright-side-daily/images/output/morning_motivation_20260703_191012.png
2026-07-03 19:10:12,366 [INFO] Caption preview: ☀️ Don't limit your challenges. Challenge your limits. — believe it.

Share this with someone who needs it today! 💛

#Mo...
2026-07-03 19:10:19,980 [INFO] ✅ Posted successfully [morning_motivation]
2026-07-03 19:10:19,984 [INFO] ✅ Slot [morning_motivation] published successfully!
2026-07-04 07:46:17,935 [INFO] Failed posts list is empty.
2026-07-04 07:46:18,099 [INFO] ──────────────────────────────────────────────────
2026-07-04 07:46:18,099 [INFO] ▶  Running slot: positive_quote
2026-07-04 07:46:18,099 [INFO] ──────────────────────────────────────────────────
2026-07-04 07:46:18,118 [INFO] 📝 Content selected: Always know that life isn't about finding yourself. life is about creating yours...
2026-07-04 07:46:18,259 [INFO] Publishing [positive_quote] | image: /home/runner/work/bright-side-daily/bright-side-daily/images/output/positive_quote_20260704_074618.png
2026-07-04 07:46:18,259 [INFO] Caption preview: 🌟 Always know that life isn't about finding yourself. life is about creating yourself.

Share this with someone who need...
2026-07-04 07:46:24,739 [INFO] ✅ Posted successfully [positive_quote]
2026-07-04 07:46:24,743 [INFO] ✅ Slot [positive_quote] published successfully!
2026-07-04 09:24:57,401 [INFO] Failed posts list is empty.
2026-07-04 09:24:57,562 [INFO] ──────────────────────────────────────────────────
2026-07-04 09:24:57,562 [INFO] ▶  Running slot: funny_meme
2026-07-04 09:24:57,562 [INFO] ──────────────────────────────────────────────────
2026-07-04 09:24:57,575 [INFO] 📝 Content selected: Truth: woke up this morning feeling great... then i remembered i have to adult....
2026-07-04 09:24:57,689 [INFO] Publishing [funny_meme] | image: /home/runner/work/bright-side-daily/bright-side-daily/images/output/funny_meme_20260704_092457.png
2026-07-04 09:24:57,689 [INFO] Caption preview: 😄 Truth: woke up this morning feeling great... then i remembered i have to adult.

Tag someone who can relate! 😂

#Relat...
2026-07-04 09:25:02,529 [INFO] ✅ Posted successfully [funny_meme]
2026-07-04 09:25:02,533 [INFO] ✅ Slot [funny_meme] published successfully!
2026-07-04 10:52:20,422 [INFO] Failed posts list is empty.
2026-07-04 10:52:20,586 [INFO] ──────────────────────────────────────────────────
2026-07-04 10:52:20,586 [INFO] ▶  Running slot: morning_motivation
2026-07-04 10:52:20,586 [INFO] ──────────────────────────────────────────────────
2026-07-04 10:52:20,599 [INFO] 📝 Content selected: An unexamined life is not worth living. — spread this....
2026-07-04 10:52:20,706 [INFO] Publishing [morning_motivation] | image: /home/runner/work/bright-side-daily/bright-side-daily/images/output/morning_motivation_20260704_105220.png
2026-07-04 10:52:20,706 [INFO] Caption preview: ☀️ An unexamined life is not worth living. — spread this.

Share this with someone who needs it today! 💛

#Motivation #S...
2026-07-04 10:52:25,143 [INFO] ✅ Posted successfully [morning_motivation]
2026-07-04 10:52:25,147 [INFO] ✅ Slot [morning_motivation] published successfully!
2026-07-04 12:04:39,920 [INFO] Failed posts list is empty.
2026-07-04 12:04:40,088 [INFO] ──────────────────────────────────────────────────
2026-07-04 12:04:40,088 [INFO] ▶  Running slot: morning_motivation
2026-07-04 12:04:40,088 [INFO] ──────────────────────────────────────────────────
2026-07-04 12:04:40,102 [INFO] 📝 Content selected: Tell me and I forget. Teach me and I remember. Involve me and I learn. — share t...
2026-07-04 12:04:40,211 [INFO] Publishing [morning_motivation] | image: /home/runner/work/bright-side-daily/bright-side-daily/images/output/morning_motivation_20260704_120440.png
2026-07-04 12:04:40,211 [INFO] Caption preview: ☀️ Tell me and I forget. Teach me and I remember. Involve me and I learn. — share this!

Share this with someone who nee...
2026-07-04 12:04:45,040 [INFO] ✅ Posted successfully [morning_motivation]
2026-07-04 12:04:45,043 [INFO] ✅ Slot [morning_motivation] published successfully!
2026-07-04 14:41:07,013 [INFO] Failed posts list is empty.
2026-07-04 14:41:07,177 [INFO] ──────────────────────────────────────────────────
2026-07-04 14:41:07,177 [INFO] ▶  Running slot: morning_motivation
2026-07-04 14:41:07,177 [INFO] ──────────────────────────────────────────────────
2026-07-04 14:41:07,190 [INFO] 📝 Content selected: Success doesn't just find you. You have to go out and get it....
2026-07-04 14:41:07,363 [INFO] Publishing [morning_motivation] | image: /home/runner/work/bright-side-daily/bright-side-daily/images/output/morning_motivation_20260704_144107.png
2026-07-04 14:41:07,363 [INFO] Caption preview: ☀️ Success doesn't just find you. You have to go out and get it.

Share this with someone who needs it today! 💛

#Motiva...
2026-07-04 14:41:15,627 [INFO] ✅ Posted successfully [morning_motivation]
2026-07-04 14:41:15,630 [INFO] ✅ Slot [morning_motivation] published successfully!
2026-07-04 16:46:13,315 [INFO] Failed posts list is empty.
2026-07-04 16:46:13,486 [INFO] ──────────────────────────────────────────────────
2026-07-04 16:46:13,486 [INFO] ▶  Running slot: evening_reflection
2026-07-04 16:46:13,486 [INFO] ──────────────────────────────────────────────────
2026-07-04 16:46:13,500 [INFO] 📝 Content selected: [Gratitude] Happiness cannot be traveled to, owned, earned, worn, or consumed....
2026-07-04 16:46:13,618 [INFO] Publishing [evening_reflection] | image: /home/runner/work/bright-side-daily/bright-side-daily/images/output/evening_reflection_20260704_164613.png
2026-07-04 16:46:13,619 [INFO] Caption preview: 🌙 [Gratitude] Happiness cannot be traveled to, owned, earned, worn, or consumed.

Share this with someone who needs it t...
2026-07-04 16:46:21,495 [INFO] ✅ Posted successfully [evening_reflection]
2026-07-04 16:46:21,499 [INFO] ✅ Slot [evening_reflection] published successfully!
2026-07-04 19:01:33,852 [INFO] Failed posts list is empty.
2026-07-04 19:01:34,018 [INFO] ──────────────────────────────────────────────────
2026-07-04 19:01:34,018 [INFO] ▶  Running slot: morning_motivation
2026-07-04 19:01:34,019 [INFO] ──────────────────────────────────────────────────
2026-07-04 19:01:34,033 [INFO] 📝 Content selected: Sometimes we're tested not to show our weaknesses, but to discover our strengths...
2026-07-04 19:01:34,197 [INFO] Publishing [morning_motivation] | image: /home/runner/work/bright-side-daily/bright-side-daily/images/output/morning_motivation_20260704_190134.png
2026-07-04 19:01:34,197 [INFO] Caption preview: ☀️ Sometimes we're tested not to show our weaknesses, but to discover our strengths. — start today.

Share this with som...
2026-07-04 19:01:48,215 [INFO] ✅ Posted successfully [morning_motivation]
2026-07-04 19:01:48,219 [INFO] ✅ Slot [morning_motivation] published successfully!
2026-07-05 07:56:42,848 [INFO] Failed posts list is empty.
2026-07-05 07:56:43,016 [INFO] ──────────────────────────────────────────────────
2026-07-05 07:56:43,016 [INFO] ▶  Running slot: positive_quote
2026-07-05 07:56:43,016 [INFO] ──────────────────────────────────────────────────
2026-07-05 07:56:43,030 [INFO] 📝 Content selected: Whether you think you can, or you think you can't — you're right. — believe it....
2026-07-05 07:56:43,190 [INFO] Publishing [positive_quote] | image: /home/runner/work/bright-side-daily/bright-side-daily/images/output/positive_quote_20260705_075643.png
2026-07-05 07:56:43,190 [INFO] Caption preview: 🌟 Whether you think you can, or you think you can't — you're right. — believe it.

Share this with someone who needs it ...
2026-07-05 07:56:47,810 [INFO] ✅ Posted successfully [positive_quote]
2026-07-05 07:56:47,813 [INFO] ✅ Slot [positive_quote] published successfully!
2026-07-05 09:43:40,221 [INFO] Failed posts list is empty.
2026-07-05 09:43:40,383 [INFO] ──────────────────────────────────────────────────
2026-07-05 09:43:40,383 [INFO] ▶  Running slot: funny_meme
2026-07-05 09:43:40,383 [INFO] ──────────────────────────────────────────────────
2026-07-05 09:43:40,397 [INFO] 📝 Content selected: Truth: current status: holding it together with coffee and optimism....
2026-07-05 09:43:40,508 [INFO] Publishing [funny_meme] | image: /home/runner/work/bright-side-daily/bright-side-daily/images/output/funny_meme_20260705_094340.png
2026-07-05 09:43:40,509 [INFO] Caption preview: 😄 Truth: current status: holding it together with coffee and optimism.

Tag someone who can relate! 😂

#RelatableLife #F...
2026-07-05 09:43:47,103 [INFO] ✅ Posted successfully [funny_meme]
2026-07-05 09:43:47,107 [INFO] ✅ Slot [funny_meme] published successfully!
2026-07-05 11:02:35,130 [INFO] Failed posts list is empty.
2026-07-05 11:02:35,288 [INFO] ──────────────────────────────────────────────────
2026-07-05 11:02:35,288 [INFO] ▶  Running slot: self_improvement
2026-07-05 11:02:35,288 [INFO] ──────────────────────────────────────────────────
2026-07-05 11:02:35,302 [INFO] 📝 Content selected: Remember: anyone who stops learning is old, whether at twenty or eighty....
2026-07-05 11:02:35,449 [INFO] Publishing [self_improvement] | image: /home/runner/work/bright-side-daily/bright-side-daily/images/output/self_improvement_20260705_110235.png
2026-07-05 11:02:35,449 [INFO] Caption preview: 📈 Remember: anyone who stops learning is old, whether at twenty or eighty.

Share this with someone who needs it today! ...
2026-07-05 11:02:47,881 [INFO] ✅ Posted successfully [self_improvement]
2026-07-05 11:02:47,884 [INFO] ✅ Slot [self_improvement] published successfully!
2026-07-05 12:13:35,485 [INFO] Failed posts list is empty.
2026-07-05 12:13:35,645 [INFO] ──────────────────────────────────────────────────
2026-07-05 12:13:35,645 [INFO] ▶  Running slot: morning_motivation
2026-07-05 12:13:35,645 [INFO] ──────────────────────────────────────────────────
2026-07-05 12:13:35,659 [INFO] 📝 Content selected: You have brains in your head. You have feet in your shoes. You can steer yoursel...
2026-07-05 12:13:35,827 [INFO] Publishing [morning_motivation] | image: /home/runner/work/bright-side-daily/bright-side-daily/images/output/morning_motivation_20260705_121335.png
2026-07-05 12:13:35,827 [INFO] Caption preview: ☀️ You have brains in your head. You have feet in your shoes. You can steer yourself any direction you choose.

Share th...
2026-07-05 12:13:43,385 [INFO] ✅ Posted successfully [morning_motivation]
2026-07-05 12:13:43,389 [INFO] ✅ Slot [morning_motivation] published successfully!
2026-07-05 14:48:34,082 [INFO] Failed posts list is empty.
2026-07-05 14:48:34,245 [INFO] ──────────────────────────────────────────────────
2026-07-05 14:48:34,245 [INFO] ▶  Running slot: morning_motivation
2026-07-05 14:48:34,245 [INFO] ──────────────────────────────────────────────────
2026-07-05 14:48:34,259 [INFO] 📝 Content selected: Don't wait for opportunity. Create it. — you've got this....
2026-07-05 14:48:34,322 [INFO] Publishing [morning_motivation] | image: /home/runner/work/bright-side-daily/bright-side-daily/images/output/morning_motivation_20260705_144834.png
2026-07-05 14:48:34,322 [INFO] Caption preview: ☀️ Don't wait for opportunity. Create it. — you've got this.

Share this with someone who needs it today! 💛

#Motivation...
2026-07-05 14:48:47,014 [INFO] ✅ Posted successfully [morning_motivation]
2026-07-05 14:48:47,018 [INFO] ✅ Slot [morning_motivation] published successfully!
2026-07-05 16:50:03,067 [INFO] Failed posts list is empty.
2026-07-05 16:50:03,191 [INFO] ──────────────────────────────────────────────────
2026-07-05 16:50:03,191 [INFO] ▶  Running slot: evening_reflection
2026-07-05 16:50:03,191 [INFO] ──────────────────────────────────────────────────
2026-07-05 16:50:03,202 [INFO] 📝 Content selected: Never forget: enjoy the little things in life, because one day you'll look back ...
2026-07-05 16:50:03,322 [INFO] Publishing [evening_reflection] | image: /home/runner/work/bright-side-daily/bright-side-daily/images/output/evening_reflection_20260705_165003.png
2026-07-05 16:50:03,322 [INFO] Caption preview: 🌙 Never forget: enjoy the little things in life, because one day you'll look back and realize they were the big things.
...
2026-07-05 16:50:07,537 [INFO] ✅ Posted successfully [evening_reflection]
2026-07-05 16:50:07,540 [INFO] ✅ Slot [evening_reflection] published successfully!
2026-07-05 19:07:30,042 [INFO] Failed posts list is empty.
2026-07-05 19:07:30,204 [INFO] ──────────────────────────────────────────────────
2026-07-05 19:07:30,204 [INFO] ▶  Running slot: morning_motivation
2026-07-05 19:07:30,204 [INFO] ──────────────────────────────────────────────────
2026-07-05 19:07:30,219 [INFO] 📝 Content selected: Worth repeating: act as if what you do makes a difference. it does....
2026-07-05 19:07:30,326 [INFO] Publishing [morning_motivation] | image: /home/runner/work/bright-side-daily/bright-side-daily/images/output/morning_motivation_20260705_190730.png
2026-07-05 19:07:30,326 [INFO] Caption preview: ☀️ Worth repeating: act as if what you do makes a difference. it does.

Share this with someone who needs it today! 💛

#...
2026-07-05 19:07:34,680 [INFO] ✅ Posted successfully [morning_motivation]
2026-07-05 19:07:34,684 [INFO] ✅ Slot [morning_motivation] published successfully!
2026-07-06 09:00:06,017 [INFO] Failed posts list is empty.
2026-07-06 09:00:06,187 [INFO] ──────────────────────────────────────────────────
2026-07-06 09:00:06,187 [INFO] ▶  Running slot: funny_meme
2026-07-06 09:00:06,187 [INFO] ──────────────────────────────────────────────────
2026-07-06 09:00:06,202 [INFO] 📝 Content selected: [Meme] Life hack: Always carry a book so people think you're busy and don't talk...
2026-07-06 09:00:06,299 [INFO] Publishing [funny_meme] | image: /home/runner/work/bright-side-daily/bright-side-daily/images/output/funny_meme_20260706_090006.png
2026-07-06 09:00:06,299 [INFO] Caption preview: 😄 [Meme] Life hack: Always carry a book so people think you're busy and don't talk to you.

Tag someone who can relate! ...
2026-07-06 09:00:13,256 [INFO] ✅ Posted successfully [funny_meme]
2026-07-06 09:00:13,262 [INFO] ✅ Slot [funny_meme] published successfully!
2026-07-06 11:39:01,841 [INFO] Failed posts list is empty.
2026-07-06 11:39:02,024 [INFO] ──────────────────────────────────────────────────
2026-07-06 11:39:02,024 [INFO] ▶  Running slot: self_improvement
2026-07-06 11:39:02,024 [INFO] ──────────────────────────────────────────────────
2026-07-06 11:39:02,040 [INFO] 📝 Content selected: Truth: small daily improvements over time lead to stunning results....
2026-07-06 11:39:02,151 [INFO] Publishing [self_improvement] | image: /home/runner/work/bright-side-daily/bright-side-daily/images/output/self_improvement_20260706_113902.png
2026-07-06 11:39:02,152 [INFO] Caption preview: 📈 Truth: small daily improvements over time lead to stunning results.

Share this with someone who needs it today! 💛

#P...
2026-07-06 11:39:09,483 [INFO] ✅ Posted successfully [self_improvement]
2026-07-06 11:39:09,488 [INFO] ✅ Slot [self_improvement] published successfully!
2026-07-06 12:43:53,638 [INFO] Failed posts list is empty.
2026-07-06 12:43:53,793 [INFO] ──────────────────────────────────────────────────
2026-07-06 12:43:53,793 [INFO] ▶  Running slot: morning_motivation
2026-07-06 12:43:53,793 [INFO] ──────────────────────────────────────────────────
2026-07-06 12:43:53,809 [INFO] 📝 Content selected: When one door of happiness closes, another opens. — spread this....
2026-07-06 12:43:53,968 [INFO] Publishing [morning_motivation] | image: /home/runner/work/bright-side-daily/bright-side-daily/images/output/morning_motivation_20260706_124353.png
2026-07-06 12:43:53,968 [INFO] Caption preview: ☀️ When one door of happiness closes, another opens. — spread this.

Share this with someone who needs it today! 💛

#Mot...
2026-07-06 12:43:59,101 [INFO] ✅ Posted successfully [morning_motivation]
2026-07-06 12:43:59,105 [INFO] ✅ Slot [morning_motivation] published successfully!
2026-07-06 14:22:24,151 [INFO] Failed posts list is empty.
2026-07-06 14:22:24,315 [INFO] ──────────────────────────────────────────────────
2026-07-06 14:22:24,315 [INFO] ▶  Running slot: morning_motivation
2026-07-06 14:22:24,315 [INFO] ──────────────────────────────────────────────────
2026-07-06 14:22:24,331 [INFO] 📝 Content selected: Fact: an unexamined life is not worth living....
2026-07-06 14:22:24,424 [INFO] Publishing [morning_motivation] | image: /home/runner/work/bright-side-daily/bright-side-daily/images/output/morning_motivation_20260706_142224.png
2026-07-06 14:22:24,425 [INFO] Caption preview: ☀️ Fact: an unexamined life is not worth living.

Share this with someone who needs it today! 💛

#Motivation #Success #M...
2026-07-06 14:22:29,353 [INFO] ✅ Posted successfully [morning_motivation]
2026-07-06 14:22:29,358 [INFO] ✅ Slot [morning_motivation] published successfully!
2026-07-06 16:24:55,668 [INFO] Failed posts list is empty.
2026-07-06 16:24:55,817 [INFO] ──────────────────────────────────────────────────
2026-07-06 16:24:55,817 [INFO] ▶  Running slot: evening_reflection
2026-07-06 16:24:55,817 [INFO] ──────────────────────────────────────────────────
2026-07-06 16:24:55,832 [INFO] 📝 Content selected: A moment of gratitude makes a difference in your attitude. — you've got this....
2026-07-06 16:24:55,894 [INFO] Publishing [evening_reflection] | image: /home/runner/work/bright-side-daily/bright-side-daily/images/output/evening_reflection_20260706_162455.png
2026-07-06 16:24:55,894 [INFO] Caption preview: 🌙 A moment of gratitude makes a difference in your attitude. — you've got this.

Share this with someone who needs it to...
2026-07-06 16:25:01,697 [INFO] ✅ Posted successfully [evening_reflection]
2026-07-06 16:25:01,701 [INFO] ✅ Slot [evening_reflection] published successfully!
2026-07-06 18:01:31,715 [INFO] Failed posts list is empty.
2026-07-06 18:01:31,847 [INFO] ──────────────────────────────────────────────────
2026-07-06 18:01:31,847 [INFO] ▶  Running slot: engagement_question
2026-07-06 18:01:31,848 [INFO] ──────────────────────────────────────────────────
2026-07-06 18:01:31,863 [INFO] 📝 Content selected: What does 'success' mean to you in one word? — you've got this....
2026-07-06 18:01:31,965 [INFO] Publishing [engagement_question] | image: /home/runner/work/bright-side-daily/bright-side-daily/images/output/engagement_question_20260706_180131.png
2026-07-06 18:01:31,965 [INFO] Caption preview: 💬 What does 'success' mean to you in one word? — you've got this.

Drop your answer in the comments below 👇

#Community ...
2026-07-06 18:01:36,834 [INFO] ✅ Posted successfully [engagement_question]
2026-07-06 18:01:36,840 [INFO] ✅ Slot [engagement_question] published successfully!
2026-07-06 19:47:47,458 [INFO] Failed posts list is empty.
2026-07-06 19:47:47,581 [INFO] ──────────────────────────────────────────────────
2026-07-06 19:47:47,582 [INFO] ▶  Running slot: morning_motivation
2026-07-06 19:47:47,582 [INFO] ──────────────────────────────────────────────────
2026-07-06 19:47:47,595 [INFO] 📝 Content selected: Believe this: success is the sum of small efforts repeated day in and day out....
2026-07-06 19:47:47,756 [INFO] Publishing [morning_motivation] | image: /home/runner/work/bright-side-daily/bright-side-daily/images/output/morning_motivation_20260706_194747.png
2026-07-06 19:47:47,756 [INFO] Caption preview: ☀️ Believe this: success is the sum of small efforts repeated day in and day out.

Share this with someone who needs it ...
2026-07-06 19:47:55,058 [INFO] ✅ Posted successfully [morning_motivation]
2026-07-06 19:47:55,062 [INFO] ✅ Slot [morning_motivation] published successfully!
2026-07-07 08:23:11,159 [INFO] Failed posts list is empty.
2026-07-07 08:23:11,302 [INFO] ──────────────────────────────────────────────────
2026-07-07 08:23:11,302 [INFO] ▶  Running slot: morning_motivation
2026-07-07 08:23:11,302 [INFO] ──────────────────────────────────────────────────
2026-07-07 08:23:11,319 [INFO] 📝 Content selected: Life is either a daring adventure or nothing at all....
2026-07-07 08:23:11,432 [INFO] Publishing [morning_motivation] | image: /home/runner/work/bright-side-daily/bright-side-daily/images/output/morning_motivation_20260707_082311.png
2026-07-07 08:23:11,432 [INFO] Caption preview: ☀️ Life is either a daring adventure or nothing at all.

Share this with someone who needs it today! 💛

#Motivation #Suc...
2026-07-07 08:23:16,057 [INFO] ✅ Posted successfully [morning_motivation]
2026-07-07 08:23:16,061 [INFO] ✅ Slot [morning_motivation] published successfully!
2026-07-07 10:27:29,945 [INFO] Failed posts list is empty.
2026-07-07 10:27:30,086 [INFO] ──────────────────────────────────────────────────
2026-07-07 10:27:30,086 [INFO] ▶  Running slot: morning_motivation
2026-07-07 10:27:30,086 [INFO] ──────────────────────────────────────────────────
2026-07-07 10:27:30,107 [INFO] 📝 Content selected: Start where you are. Use what you have. Do what you can. — spread this....
2026-07-07 10:27:30,290 [INFO] Publishing [morning_motivation] | image: /home/runner/work/bright-side-daily/bright-side-daily/images/output/morning_motivation_20260707_102730.png
2026-07-07 10:27:30,290 [INFO] Caption preview: ☀️ Start where you are. Use what you have. Do what you can. — spread this.

Share this with someone who needs it today! ...
2026-07-07 10:27:47,946 [INFO] ✅ Posted successfully [morning_motivation]
2026-07-07 10:27:47,949 [INFO] ✅ Slot [morning_motivation] published successfully!
2026-07-07 11:46:13,344 [INFO] Failed posts list is empty.
2026-07-07 11:46:13,492 [INFO] ──────────────────────────────────────────────────
2026-07-07 11:46:13,492 [INFO] ▶  Running slot: self_improvement
2026-07-07 11:46:13,492 [INFO] ──────────────────────────────────────────────────
2026-07-07 11:46:13,506 [INFO] 📝 Content selected: Invest in yourself. It pays the best interest....
2026-07-07 11:46:13,610 [INFO] Publishing [self_improvement] | image: /home/runner/work/bright-side-daily/bright-side-daily/images/output/self_improvement_20260707_114613.png
2026-07-07 11:46:13,611 [INFO] Caption preview: 📈 Invest in yourself. It pays the best interest.

Share this with someone who needs it today! 💛

#PersonalGrowth #SelfIm...
2026-07-07 11:46:18,558 [INFO] ✅ Posted successfully [self_improvement]
2026-07-07 11:46:18,562 [INFO] ✅ Slot [self_improvement] published successfully!
2026-07-07 13:16:35,977 [INFO] Failed posts list is empty.
2026-07-07 13:16:36,135 [INFO] ──────────────────────────────────────────────────
2026-07-07 13:16:36,135 [INFO] ▶  Running slot: midday_encouragement
2026-07-07 13:16:36,135 [INFO] ──────────────────────────────────────────────────
2026-07-07 13:16:36,152 [INFO] 📝 Content selected: Worth repeating: progress is progress, no matter how small....
2026-07-07 13:16:36,274 [INFO] Publishing [midday_encouragement] | image: /home/runner/work/bright-side-daily/bright-side-daily/images/output/midday_encouragement_20260707_131636.png
2026-07-07 13:16:36,274 [INFO] Caption preview: 💪 Worth repeating: progress is progress, no matter how small.

Share this with someone who needs it today! 💛

#YouGotThi...
2026-07-07 13:16:41,214 [INFO] ✅ Posted successfully [midday_encouragement]
2026-07-07 13:16:41,218 [INFO] ✅ Slot [midday_encouragement] published successfully!
2026-07-07 15:45:20,148 [INFO] Failed posts list is empty.
2026-07-07 15:45:20,293 [INFO] ──────────────────────────────────────────────────
2026-07-07 15:45:20,293 [INFO] ▶  Running slot: morning_motivation
2026-07-07 15:45:20,293 [INFO] ──────────────────────────────────────────────────
2026-07-07 15:45:20,310 [INFO] 📝 Content selected: Do not go where the path may lead, go instead where there is no path and leave a...
2026-07-07 15:45:20,428 [INFO] Publishing [morning_motivation] | image: /home/runner/work/bright-side-daily/bright-side-daily/images/output/morning_motivation_20260707_154520.png
2026-07-07 15:45:20,428 [INFO] Caption preview: ☀️ Do not go where the path may lead, go instead where there is no path and leave a trail. — pass it on.

Share this wit...
2026-07-07 15:45:26,749 [INFO] ✅ Posted successfully [morning_motivation]
2026-07-07 15:45:26,753 [INFO] ✅ Slot [morning_motivation] published successfully!
2026-07-07 17:47:55,156 [INFO] Failed posts list is empty.
2026-07-07 17:47:55,305 [INFO] ──────────────────────────────────────────────────
2026-07-07 17:47:55,306 [INFO] ▶  Running slot: morning_motivation
2026-07-07 17:47:55,306 [INFO] ──────────────────────────────────────────────────
2026-07-07 17:47:55,323 [INFO] 📝 Content selected: Fact: the best time to plant a tree was 20 years ago. the second best time is no...
2026-07-07 17:47:55,439 [INFO] Publishing [morning_motivation] | image: /home/runner/work/bright-side-daily/bright-side-daily/images/output/morning_motivation_20260707_174755.png
2026-07-07 17:47:55,439 [INFO] Caption preview: ☀️ Fact: the best time to plant a tree was 20 years ago. the second best time is now.

Share this with someone who needs...
2026-07-07 17:48:02,842 [INFO] ✅ Posted successfully [morning_motivation]
2026-07-07 17:48:02,847 [INFO] ✅ Slot [morning_motivation] published successfully!
2026-07-07 19:46:35,060 [INFO] Failed posts list is empty.
2026-07-07 19:46:35,199 [INFO] ──────────────────────────────────────────────────
2026-07-07 19:46:35,199 [INFO] ▶  Running slot: morning_motivation
2026-07-07 19:46:35,199 [INFO] ──────────────────────────────────────────────────
2026-07-07 19:46:35,217 [INFO] 📝 Content selected: Life is either a daring adventure or nothing at all. — spread this....
2026-07-07 19:46:35,386 [INFO] Publishing [morning_motivation] | image: /home/runner/work/bright-side-daily/bright-side-daily/images/output/morning_motivation_20260707_194635.png
2026-07-07 19:46:35,386 [INFO] Caption preview: ☀️ Life is either a daring adventure or nothing at all. — spread this.

Share this with someone who needs it today! 💛

#...
2026-07-07 19:46:40,853 [INFO] ✅ Posted successfully [morning_motivation]
2026-07-07 19:46:40,858 [INFO] ✅ Slot [morning_motivation] published successfully!
2026-07-08 07:29:22,221 [INFO] Failed posts list is empty.
2026-07-08 07:29:22,370 [INFO] ──────────────────────────────────────────────────
2026-07-08 07:29:22,370 [INFO] ▶  Running slot: positive_quote
2026-07-08 07:29:22,370 [INFO] ──────────────────────────────────────────────────
2026-07-08 07:29:22,392 [INFO] 📝 Content selected: Once you replace negative thoughts with positive ones, you'll start having posit...
2026-07-08 07:29:22,548 [INFO] Publishing [positive_quote] | image: /home/runner/work/bright-side-daily/bright-side-daily/images/output/positive_quote_20260708_072922.png
2026-07-08 07:29:22,548 [INFO] Caption preview: 🌟 Once you replace negative thoughts with positive ones, you'll start having positive results. — believe it.

Share this...
2026-07-08 07:29:28,148 [INFO] ✅ Posted successfully [positive_quote]
2026-07-08 07:29:28,152 [INFO] ✅ Slot [positive_quote] published successfully!
2026-07-08 09:26:30,553 [INFO] Failed posts list is empty.
2026-07-08 09:26:30,706 [INFO] ──────────────────────────────────────────────────
2026-07-08 09:26:30,707 [INFO] ▶  Running slot: funny_meme
2026-07-08 09:26:30,707 [INFO] ──────────────────────────────────────────────────
2026-07-08 09:26:30,725 [INFO] 📝 Content selected: Hydration? I prefer to run on caffeine and chaos. — pass it on....
2026-07-08 09:26:30,837 [INFO] Publishing [funny_meme] | image: /home/runner/work/bright-side-daily/bright-side-daily/images/output/funny_meme_20260708_092630.png
2026-07-08 09:26:30,837 [INFO] Caption preview: 😄 Hydration? I prefer to run on caffeine and chaos. — pass it on.

Tag someone who can relate! 😂

#RelatableLife #Funny ...
2026-07-08 09:26:36,299 [INFO] ✅ Posted successfully [funny_meme]
2026-07-08 09:26:36,303 [INFO] ✅ Slot [funny_meme] published successfully!
2026-07-08 11:01:51,867 [INFO] Failed posts list is empty.
2026-07-08 11:01:52,008 [INFO] ──────────────────────────────────────────────────
2026-07-08 11:01:52,008 [INFO] ▶  Running slot: self_improvement
2026-07-08 11:01:52,008 [INFO] ──────────────────────────────────────────────────
2026-07-08 11:01:52,026 [INFO] 📝 Content selected: Fact: invest in yourself. it pays the best interest....
2026-07-08 11:01:52,128 [INFO] Publishing [self_improvement] | image: /home/runner/work/bright-side-daily/bright-side-daily/images/output/self_improvement_20260708_110152.png
2026-07-08 11:01:52,128 [INFO] Caption preview: 📈 Fact: invest in yourself. it pays the best interest.

Share this with someone who needs it today! 💛

#PersonalGrowth #...
2026-07-08 11:01:57,343 [INFO] ✅ Posted successfully [self_improvement]
2026-07-08 11:01:57,348 [INFO] ✅ Slot [self_improvement] published successfully!
2026-07-08 12:18:00,326 [INFO] Failed posts list is empty.
2026-07-08 12:18:00,468 [INFO] ──────────────────────────────────────────────────
2026-07-08 12:18:00,468 [INFO] ▶  Running slot: morning_motivation
2026-07-08 12:18:00,468 [INFO] ──────────────────────────────────────────────────
2026-07-08 12:18:00,486 [INFO] 📝 Content selected: Truth: spread love everywhere you go....
2026-07-08 12:18:00,601 [INFO] Publishing [morning_motivation] | image: /home/runner/work/bright-side-daily/bright-side-daily/images/output/morning_motivation_20260708_121800.png
2026-07-08 12:18:00,601 [INFO] Caption preview: ☀️ Truth: spread love everywhere you go.

Share this with someone who needs it today! 💛

#Motivation #Success #MindsetMa...
2026-07-08 12:18:06,065 [INFO] ✅ Posted successfully [morning_motivation]
2026-07-08 12:18:06,070 [INFO] ✅ Slot [morning_motivation] published successfully!
2026-07-08 15:26:30,345 [INFO] Failed posts list is empty.
2026-07-08 15:26:30,494 [INFO] ──────────────────────────────────────────────────
2026-07-08 15:26:30,495 [INFO] ▶  Running slot: morning_motivation
2026-07-08 15:26:30,495 [INFO] ──────────────────────────────────────────────────
2026-07-08 15:26:30,513 [INFO] 📝 Content selected: Never let the fear of striking out keep you from playing the game....
2026-07-08 15:26:30,627 [INFO] Publishing [morning_motivation] | image: /home/runner/work/bright-side-daily/bright-side-daily/images/output/morning_motivation_20260708_152630.png
2026-07-08 15:26:30,628 [INFO] Caption preview: ☀️ Never let the fear of striking out keep you from playing the game.

Share this with someone who needs it today! 💛

#M...
2026-07-08 15:26:38,647 [INFO] ✅ Posted successfully [morning_motivation]
2026-07-08 15:26:38,651 [INFO] ✅ Slot [morning_motivation] published successfully!
2026-07-08 17:14:04,400 [INFO] Failed posts list is empty.
2026-07-08 17:14:04,533 [INFO] ──────────────────────────────────────────────────
2026-07-08 17:14:04,533 [INFO] ▶  Running slot: morning_motivation
2026-07-08 17:14:04,533 [INFO] ──────────────────────────────────────────────────
2026-07-08 17:14:04,551 [INFO] 📝 Content selected: It does not matter how slowly you go as long as you do not stop. — start today....
2026-07-08 17:14:04,662 [INFO] Publishing [morning_motivation] | image: /home/runner/work/bright-side-daily/bright-side-daily/images/output/morning_motivation_20260708_171404.png
2026-07-08 17:14:04,662 [INFO] Caption preview: ☀️ It does not matter how slowly you go as long as you do not stop. — start today.

Share this with someone who needs it...
2026-07-08 17:14:13,071 [INFO] ✅ Posted successfully [morning_motivation]
2026-07-08 17:14:13,075 [INFO] ✅ Slot [morning_motivation] published successfully!
2026-07-08 19:15:23,297 [INFO] Failed posts list is empty.
2026-07-08 19:15:23,453 [INFO] ──────────────────────────────────────────────────
2026-07-08 19:15:23,453 [INFO] ▶  Running slot: morning_motivation
2026-07-08 19:15:23,453 [INFO] ──────────────────────────────────────────────────
2026-07-08 19:15:23,471 [INFO] 📝 Content selected: Worth repeating: never let the fear of striking out keep you from playing the ga...
2026-07-08 19:15:23,641 [INFO] Publishing [morning_motivation] | image: /home/runner/work/bright-side-daily/bright-side-daily/images/output/morning_motivation_20260708_191523.png
2026-07-08 19:15:23,641 [INFO] Caption preview: ☀️ Worth repeating: never let the fear of striking out keep you from playing the game.

Share this with someone who need...
2026-07-08 19:15:37,302 [INFO] ✅ Posted successfully [morning_motivation]
2026-07-08 19:15:37,307 [INFO] ✅ Slot [morning_motivation] published successfully!
2026-07-09 08:27:27,089 [INFO] Failed posts list is empty.
2026-07-09 08:27:27,236 [INFO] ──────────────────────────────────────────────────
2026-07-09 08:27:27,236 [INFO] ▶  Running slot: morning_motivation
2026-07-09 08:27:27,236 [INFO] ──────────────────────────────────────────────────
2026-07-09 08:27:27,255 [INFO] 📝 Content selected: If life were predictable it would cease to be life and be without flavor. — shar...
2026-07-09 08:27:27,386 [INFO] Publishing [morning_motivation] | image: /home/runner/work/bright-side-daily/bright-side-daily/images/output/morning_motivation_20260709_082727.png
2026-07-09 08:27:27,386 [INFO] Caption preview: ☀️ If life were predictable it would cease to be life and be without flavor. — share this!

Share this with someone who ...
2026-07-09 08:27:33,704 [INFO] ✅ Posted successfully [morning_motivation]
2026-07-09 08:27:33,709 [INFO] ✅ Slot [morning_motivation] published successfully!
2026-07-09 10:31:43,988 [INFO] Failed posts list is empty.
2026-07-09 10:31:44,121 [INFO] ──────────────────────────────────────────────────
2026-07-09 10:31:44,121 [INFO] ▶  Running slot: morning_motivation
2026-07-09 10:31:44,121 [INFO] ──────────────────────────────────────────────────
2026-07-09 10:31:44,140 [INFO] 📝 Content selected: Believe this: success doesn't just find you. you have to go out and get it....
2026-07-09 10:31:44,369 [INFO] Publishing [morning_motivation] | image: /home/runner/work/bright-side-daily/bright-side-daily/images/output/morning_motivation_20260709_103144.png
2026-07-09 10:31:44,369 [INFO] Caption preview: ☀️ Believe this: success doesn't just find you. you have to go out and get it.

Share this with someone who needs it tod...
2026-07-09 10:31:49,575 [INFO] ✅ Posted successfully [morning_motivation]
2026-07-09 10:31:49,580 [INFO] ✅ Slot [morning_motivation] published successfully!
2026-07-09 11:54:55,124 [INFO] Failed posts list is empty.
2026-07-09 11:54:55,251 [INFO] ──────────────────────────────────────────────────
2026-07-09 11:54:55,251 [INFO] ▶  Running slot: self_improvement
2026-07-09 11:54:55,251 [INFO] ──────────────────────────────────────────────────
2026-07-09 11:54:55,270 [INFO] 📝 Content selected: Never forget: success is not final; failure is not fatal. it is the courage to c...
2026-07-09 11:54:55,585 [INFO] Publishing [self_improvement] | image: /home/runner/work/bright-side-daily/bright-side-daily/images/output/self_improvement_20260709_115455.png
2026-07-09 11:54:55,585 [INFO] Caption preview: 📈 Never forget: success is not final; failure is not fatal. it is the courage to continue that counts.

Share this with ...
2026-07-09 11:55:02,988 [INFO] ✅ Posted successfully [self_improvement]
2026-07-09 11:55:02,992 [INFO] ✅ Slot [self_improvement] published successfully!
2026-07-09 13:46:37,285 [INFO] Failed posts list is empty.
2026-07-09 13:46:37,395 [INFO] ──────────────────────────────────────────────────
2026-07-09 13:46:37,395 [INFO] ▶  Running slot: midday_encouragement
2026-07-09 13:46:37,395 [INFO] ──────────────────────────────────────────────────
2026-07-09 13:46:37,410 [INFO] 📝 Content selected: Never forget: today's struggles are building tomorrow's strength....
2026-07-09 13:46:37,520 [INFO] Publishing [midday_encouragement] | image: /home/runner/work/bright-side-daily/bright-side-daily/images/output/midday_encouragement_20260709_134637.png
2026-07-09 13:46:37,521 [INFO] Caption preview: 💪 Never forget: today's struggles are building tomorrow's strength.

Share this with someone who needs it today! 💛

#You...
2026-07-09 13:46:41,066 [INFO] ✅ Posted successfully [midday_encouragement]
2026-07-09 13:46:41,070 [INFO] ✅ Slot [midday_encouragement] published successfully!
2026-07-09 16:04:33,619 [INFO] Failed posts list is empty.
2026-07-09 16:04:33,759 [INFO] ──────────────────────────────────────────────────
2026-07-09 16:04:33,759 [INFO] ▶  Running slot: evening_reflection
2026-07-09 16:04:33,759 [INFO] ──────────────────────────────────────────────────
2026-07-09 16:04:33,778 [INFO] 📝 Content selected: Fact: the more grateful i am, the more beauty i see....
2026-07-09 16:04:33,893 [INFO] Publishing [evening_reflection] | image: /home/runner/work/bright-side-daily/bright-side-daily/images/output/evening_reflection_20260709_160433.png
2026-07-09 16:04:33,893 [INFO] Caption preview: 🌙 Fact: the more grateful i am, the more beauty i see.

Share this with someone who needs it today! 💛

#Gratitude #Thank...
2026-07-09 16:04:37,856 [INFO] ✅ Posted successfully [evening_reflection]
2026-07-09 16:04:37,860 [INFO] ✅ Slot [evening_reflection] published successfully!
2026-07-09 17:43:57,871 [INFO] Failed posts list is empty.
2026-07-09 17:43:58,014 [INFO] ──────────────────────────────────────────────────
2026-07-09 17:43:58,014 [INFO] ▶  Running slot: morning_motivation
2026-07-09 17:43:58,014 [INFO] ──────────────────────────────────────────────────
2026-07-09 17:43:58,034 [INFO] 📝 Content selected: Always know that success is the sum of small efforts repeated day in and day out...
2026-07-09 17:43:58,144 [INFO] Publishing [morning_motivation] | image: /home/runner/work/bright-side-daily/bright-side-daily/images/output/morning_motivation_20260709_174358.png
2026-07-09 17:43:58,144 [INFO] Caption preview: ☀️ Always know that success is the sum of small efforts repeated day in and day out.

Share this with someone who needs ...
2026-07-09 17:44:05,827 [INFO] ✅ Posted successfully [morning_motivation]
2026-07-09 17:44:05,832 [INFO] ✅ Slot [morning_motivation] published successfully!
2026-07-09 19:28:51,503 [INFO] Failed posts list is empty.
2026-07-09 19:28:51,659 [INFO] ──────────────────────────────────────────────────
2026-07-09 19:28:51,659 [INFO] ▶  Running slot: morning_motivation
2026-07-09 19:28:51,659 [INFO] ──────────────────────────────────────────────────
2026-07-09 19:28:51,679 [INFO] 📝 Content selected: Dream bigger. Do bigger. — believe it....
2026-07-09 19:28:51,785 [INFO] Publishing [morning_motivation] | image: /home/runner/work/bright-side-daily/bright-side-daily/images/output/morning_motivation_20260709_192851.png
2026-07-09 19:28:51,785 [INFO] Caption preview: ☀️ Dream bigger. Do bigger. — believe it.

Share this with someone who needs it today! 💛

#Motivation #Success #MindsetM...
2026-07-09 19:28:56,262 [INFO] ✅ Posted successfully [morning_motivation]
2026-07-09 19:28:56,267 [INFO] ✅ Slot [morning_motivation] published successfully!
2026-07-10 08:22:44,750 [INFO] Failed posts list is empty.
2026-07-10 08:22:44,902 [INFO] ──────────────────────────────────────────────────
2026-07-10 08:22:44,902 [INFO] ▶  Running slot: morning_motivation
2026-07-10 08:22:44,902 [INFO] ──────────────────────────────────────────────────
2026-07-10 08:22:44,922 [INFO] 📝 Content selected: Success is the... day out....
2026-07-10 08:22:44,976 [INFO] Publishing [morning_motivation] | image: /home/runner/work/bright-side-daily/bright-side-daily/images/output/morning_motivation_20260710_082244.png
2026-07-10 08:22:44,976 [INFO] Caption preview: ☀️ Success is the... day out.

Share this with someone who needs it today! 💛

#Motivation #Success #MindsetMatters #Dail...
2026-07-10 08:22:51,320 [INFO] ✅ Posted successfully [morning_motivation]
2026-07-10 08:22:51,325 [INFO] ✅ Slot [morning_motivation] published successfully!
2026-07-10 10:25:06,414 [INFO] Failed posts list is empty.
2026-07-10 10:25:06,547 [INFO] ──────────────────────────────────────────────────
2026-07-10 10:25:06,547 [INFO] ▶  Running slot: morning_motivation
2026-07-10 10:25:06,547 [INFO] ──────────────────────────────────────────────────
2026-07-10 10:25:06,566 [INFO] 📝 Content selected: You have brains... you choose....
2026-07-10 10:25:06,675 [INFO] Publishing [morning_motivation] | image: /home/runner/work/bright-side-daily/bright-side-daily/images/output/morning_motivation_20260710_102506.png
2026-07-10 10:25:06,675 [INFO] Caption preview: ☀️ You have brains... you choose.

Share this with someone who needs it today! 💛

#Motivation #Success #MindsetMatters #...
2026-07-10 10:25:13,080 [INFO] ✅ Posted successfully [morning_motivation]
2026-07-10 10:25:13,085 [INFO] ✅ Slot [morning_motivation] published successfully!
2026-07-10 11:48:32,730 [INFO] Failed posts list is empty.
2026-07-10 11:48:32,871 [INFO] ──────────────────────────────────────────────────
2026-07-10 11:48:32,871 [INFO] ▶  Running slot: self_improvement
2026-07-10 11:48:32,871 [INFO] ──────────────────────────────────────────────────
2026-07-10 11:48:32,891 [INFO] 📝 Content selected: Remember: the expert in anything was once a beginner....
2026-07-10 11:48:33,053 [INFO] Publishing [self_improvement] | image: /home/runner/work/bright-side-daily/bright-side-daily/images/output/self_improvement_20260710_114832.png
2026-07-10 11:48:33,053 [INFO] Caption preview: 📈 Remember: the expert in anything was once a beginner.

Share this with someone who needs it today! 💛

#PersonalGrowth ...
2026-07-10 11:48:36,965 [INFO] ✅ Posted successfully [self_improvement]
2026-07-10 11:48:36,969 [INFO] ✅ Slot [self_improvement] published successfully!
2026-07-10 13:09:21,325 [INFO] Failed posts list is empty.
2026-07-10 13:09:21,467 [INFO] ──────────────────────────────────────────────────
2026-07-10 13:09:21,467 [INFO] ▶  Running slot: midday_encouragement
2026-07-10 13:09:21,468 [INFO] ──────────────────────────────────────────────────
2026-07-10 13:09:21,488 [INFO] 📝 Content selected: Your best days are still ahead of you. — share this!...
2026-07-10 13:09:21,660 [INFO] Publishing [midday_encouragement] | image: /home/runner/work/bright-side-daily/bright-side-daily/images/output/midday_encouragement_20260710_130921.png
2026-07-10 13:09:21,660 [INFO] Caption preview: 💪 Your best days are still ahead of you. — share this!

Share this with someone who needs it today! 💛

#YouGotThis #Keep...
2026-07-10 13:09:27,964 [INFO] ✅ Posted successfully [midday_encouragement]
2026-07-10 13:09:27,970 [INFO] ✅ Slot [midday_encouragement] published successfully!
2026-07-10 15:34:32,082 [INFO] Failed posts list is empty.
2026-07-10 15:34:32,230 [INFO] ──────────────────────────────────────────────────
2026-07-10 15:34:32,230 [INFO] ▶  Running slot: morning_motivation
2026-07-10 15:34:32,231 [INFO] ──────────────────────────────────────────────────
2026-07-10 15:34:32,251 [INFO] 📝 Content selected: When you reach the end of your rope, tie a knot in it and hang on. — spread this...
2026-07-10 15:34:32,475 [INFO] Publishing [morning_motivation] | image: /home/runner/work/bright-side-daily/bright-side-daily/images/output/morning_motivation_20260710_153432.png
2026-07-10 15:34:32,475 [INFO] Caption preview: ☀️ When you reach the end of your rope, tie a knot in it and hang on. — spread this.

Share this with someone who needs ...
2026-07-10 15:34:38,325 [INFO] ✅ Posted successfully [morning_motivation]
2026-07-10 15:34:38,330 [INFO] ✅ Slot [morning_motivation] published successfully!
2026-07-10 17:37:52,255 [INFO] Failed posts list is empty.
2026-07-10 17:37:52,398 [INFO] ──────────────────────────────────────────────────
2026-07-10 17:37:52,398 [INFO] ▶  Running slot: morning_motivation
2026-07-10 17:37:52,398 [INFO] ──────────────────────────────────────────────────
2026-07-10 17:37:52,418 [INFO] 📝 Content selected: Truth: an unexamined life is not worth living....
2026-07-10 17:37:52,525 [INFO] Publishing [morning_motivation] | image: /home/runner/work/bright-side-daily/bright-side-daily/images/output/morning_motivation_20260710_173752.png
2026-07-10 17:37:52,525 [INFO] Caption preview: ☀️ Truth: an unexamined life is not worth living.

Share this with someone who needs it today! 💛

#Motivation #Success #...
2026-07-10 17:37:57,801 [INFO] ✅ Posted successfully [morning_motivation]
2026-07-10 17:37:57,807 [INFO] ✅ Slot [morning_motivation] published successfully!
2026-07-10 19:19:52,876 [INFO] Failed posts list is empty.
2026-07-10 19:19:53,007 [INFO] ──────────────────────────────────────────────────
2026-07-10 19:19:53,008 [INFO] ▶  Running slot: morning_motivation
2026-07-10 19:19:53,008 [INFO] ──────────────────────────────────────────────────
2026-07-10 19:19:53,029 [INFO] 📝 Content selected: Today's reminder: dream it. wish it. do it....
2026-07-10 19:19:53,186 [INFO] Publishing [morning_motivation] | image: /home/runner/work/bright-side-daily/bright-side-daily/images/output/morning_motivation_20260710_191953.png
2026-07-10 19:19:53,186 [INFO] Caption preview: ☀️ Today's reminder: dream it. wish it. do it.

Share this with someone who needs it today! 💛

#Motivation #Success #Min...
2026-07-10 19:20:00,126 [INFO] ✅ Posted successfully [morning_motivation]
2026-07-10 19:20:00,132 [INFO] ✅ Slot [morning_motivation] published successfully!
2026-07-11 07:11:17,741 [INFO] Failed posts list is empty.
2026-07-11 07:11:17,883 [INFO] ──────────────────────────────────────────────────
2026-07-11 07:11:17,883 [INFO] ▶  Running slot: positive_quote
2026-07-11 07:11:17,883 [INFO] ──────────────────────────────────────────────────
2026-07-11 07:11:17,905 [INFO] 📝 Content selected: Today's reminder: nothing in life is to be feared; it is only to be understood....
2026-07-11 07:11:18,135 [INFO] Publishing [positive_quote] | image: /home/runner/work/bright-side-daily/bright-side-daily/images/output/positive_quote_20260711_071118.png
2026-07-11 07:11:18,135 [INFO] Caption preview: 🌟 Today's reminder: nothing in life is to be feared; it is only to be understood.

Share this with someone who needs it ...
2026-07-11 07:11:25,271 [INFO] ✅ Posted successfully [positive_quote]
2026-07-11 07:11:25,276 [INFO] ✅ Slot [positive_quote] published successfully!
2026-07-11 08:49:17,949 [INFO] Failed posts list is empty.
2026-07-11 08:49:18,088 [INFO] ──────────────────────────────────────────────────
2026-07-11 08:49:18,088 [INFO] ▶  Running slot: morning_motivation
2026-07-11 08:49:18,088 [INFO] ──────────────────────────────────────────────────
2026-07-11 08:49:18,109 [INFO] 📝 Content selected: Truth: dream bigger. do bigger....
2026-07-11 08:49:18,174 [INFO] Publishing [morning_motivation] | image: /home/runner/work/bright-side-daily/bright-side-daily/images/output/morning_motivation_20260711_084918.png
2026-07-11 08:49:18,174 [INFO] Caption preview: ☀️ Truth: dream bigger. do bigger.

Share this with someone who needs it today! 💛

#Motivation #Success #MindsetMatters ...
2026-07-11 08:49:30,627 [INFO] ✅ Posted successfully [morning_motivation]
2026-07-11 08:49:30,632 [INFO] ✅ Slot [morning_motivation] published successfully!
2026-07-11 10:12:14,244 [INFO] Failed posts list is empty.
2026-07-11 10:12:14,390 [INFO] ──────────────────────────────────────────────────
2026-07-11 10:12:14,390 [INFO] ▶  Running slot: morning_motivation
2026-07-11 10:12:14,390 [INFO] ──────────────────────────────────────────────────
2026-07-11 10:12:14,412 [INFO] 📝 Content selected: Believe this: great things never come from comfort zones....
2026-07-11 10:12:14,566 [INFO] Publishing [morning_motivation] | image: /home/runner/work/bright-side-daily/bright-side-daily/images/output/morning_motivation_20260711_101214.png
2026-07-11 10:12:14,566 [INFO] Caption preview: ☀️ Believe this: great things never come from comfort zones.

Share this with someone who needs it today! 💛

#Motivation...
2026-07-11 10:12:20,139 [INFO] ✅ Posted successfully [morning_motivation]
2026-07-11 10:12:20,143 [INFO] ✅ Slot [morning_motivation] published successfully!
2026-07-11 11:50:19,807 [INFO] Failed posts list is empty.
2026-07-11 11:50:19,953 [INFO] ──────────────────────────────────────────────────
2026-07-11 11:50:19,953 [INFO] ▶  Running slot: self_improvement
2026-07-11 11:50:19,953 [INFO] ──────────────────────────────────────────────────
2026-07-11 11:50:19,975 [INFO] 📝 Content selected: Truth: discipline is the bridge between goals and accomplishment....
2026-07-11 11:50:20,161 [INFO] Publishing [self_improvement] | image: /home/runner/work/bright-side-daily/bright-side-daily/images/output/self_improvement_20260711_115020.png
2026-07-11 11:50:20,161 [INFO] Caption preview: 📈 Truth: discipline is the bridge between goals and accomplishment.

Share this with someone who needs it today! 💛

#Per...
2026-07-11 11:50:29,223 [INFO] ✅ Posted successfully [self_improvement]
2026-07-11 11:50:29,228 [INFO] ✅ Slot [self_improvement] published successfully!
2026-07-11 14:23:46,119 [INFO] Failed posts list is empty.
2026-07-11 14:23:46,236 [INFO] ──────────────────────────────────────────────────
2026-07-11 14:23:46,236 [INFO] ▶  Running slot: morning_motivation
2026-07-11 14:23:46,236 [INFO] ──────────────────────────────────────────────────
2026-07-11 14:23:46,255 [INFO] 📝 Content selected: Remember: if you look at what you have in life, you'll always have more....
2026-07-11 14:23:46,352 [INFO] Publishing [morning_motivation] | image: /home/runner/work/bright-side-daily/bright-side-daily/images/output/morning_motivation_20260711_142346.png
2026-07-11 14:23:46,352 [INFO] Caption preview: ☀️ Remember: if you look at what you have in life, you'll always have more.

Share this with someone who needs it today!...
2026-07-11 14:23:52,679 [INFO] ✅ Posted successfully [morning_motivation]
2026-07-11 14:23:52,683 [INFO] ✅ Slot [morning_motivation] published successfully!
2026-07-11 16:38:20,918 [INFO] Failed posts list is empty.
2026-07-11 16:38:21,080 [INFO] ──────────────────────────────────────────────────
2026-07-11 16:38:21,080 [INFO] ▶  Running slot: evening_reflection
2026-07-11 16:38:21,080 [INFO] ──────────────────────────────────────────────────
2026-07-11 16:38:21,103 [INFO] 📝 Content selected: The roots of all goodness lie in the soil of appreciation for goodness....
2026-07-11 16:38:21,214 [INFO] Publishing [evening_reflection] | image: /home/runner/work/bright-side-daily/bright-side-daily/images/output/evening_reflection_20260711_163821.png
2026-07-11 16:38:21,214 [INFO] Caption preview: 🌙 The roots of all goodness lie in the soil of appreciation for goodness.

Share this with someone who needs it today! 💛...
2026-07-11 16:38:26,020 [INFO] ✅ Posted successfully [evening_reflection]
2026-07-11 16:38:26,025 [INFO] ✅ Slot [evening_reflection] published successfully!
2026-07-11 18:52:50,010 [INFO] Failed posts list is empty.
2026-07-11 18:52:50,156 [INFO] ──────────────────────────────────────────────────
2026-07-11 18:52:50,156 [INFO] ▶  Running slot: engagement_question
2026-07-11 18:52:50,156 [INFO] ──────────────────────────────────────────────────
2026-07-11 18:52:50,179 [INFO] 📝 Content selected: Remember: weekend plans? big or small, we want to hear! 🎉...
2026-07-11 18:52:50,333 [INFO] Publishing [engagement_question] | image: /home/runner/work/bright-side-daily/bright-side-daily/images/output/engagement_question_20260711_185250.png
2026-07-11 18:52:50,333 [INFO] Caption preview: 💬 Remember: weekend plans? big or small, we want to hear! 🎉

Drop your answer in the comments below 👇

#Community #Share...
2026-07-11 18:52:56,156 [INFO] ✅ Posted successfully [engagement_question]
2026-07-11 18:52:56,161 [INFO] ✅ Slot [engagement_question] published successfully!
2026-07-12 07:28:50,794 [INFO] Failed posts list is empty.
2026-07-12 07:28:50,942 [INFO] ──────────────────────────────────────────────────
2026-07-12 07:28:50,942 [INFO] ▶  Running slot: positive_quote
2026-07-12 07:28:50,942 [INFO] ──────────────────────────────────────────────────
2026-07-12 07:28:50,965 [INFO] 📝 Content selected: With the right attitude, self-imposed limitations vanish. — you've got this....
2026-07-12 07:28:51,164 [INFO] Publishing [positive_quote] | image: /home/runner/work/bright-side-daily/bright-side-daily/images/output/positive_quote_20260712_072851.png
2026-07-12 07:28:51,164 [INFO] Caption preview: 🌟 With the right attitude, self-imposed limitations vanish. — you've got this.

Share this with someone who needs it tod...
2026-07-12 07:28:57,396 [INFO] ✅ Posted successfully [positive_quote]
2026-07-12 07:28:57,402 [INFO] ✅ Slot [positive_quote] published successfully!
2026-07-12 09:03:59,994 [INFO] Failed posts list is empty.
2026-07-12 09:04:00,152 [INFO] ──────────────────────────────────────────────────
2026-07-12 09:04:00,152 [INFO] ▶  Running slot: funny_meme
2026-07-12 09:04:00,152 [INFO] ──────────────────────────────────────────────────
2026-07-12 09:04:00,175 [INFO] 📝 Content selected: Life hack: Always... to you....
2026-07-12 09:04:00,241 [INFO] Publishing [funny_meme] | image: /home/runner/work/bright-side-daily/bright-side-daily/images/output/funny_meme_20260712_090400.png
2026-07-12 09:04:00,241 [INFO] Caption preview: 😄 Life hack: Always... to you.

Tag someone who can relate! 😂

#RelatableLife #Funny #MondayMood #TooReal #WeekdayVibes ...
2026-07-12 09:04:04,201 [INFO] ✅ Posted successfully [funny_meme]
2026-07-12 09:04:04,206 [INFO] ✅ Slot [funny_meme] published successfully!
2026-07-12 10:24:48,976 [INFO] Failed posts list is empty.
2026-07-12 10:24:49,125 [INFO] ──────────────────────────────────────────────────
2026-07-12 10:24:49,125 [INFO] ▶  Running slot: morning_motivation
2026-07-12 10:24:49,125 [INFO] ──────────────────────────────────────────────────
2026-07-12 10:24:49,150 [INFO] 📝 Content selected: [Motivational] Don't wait for opportunity. Create it....
2026-07-12 10:24:49,314 [INFO] Publishing [morning_motivation] | image: /home/runner/work/bright-side-daily/bright-side-daily/images/output/morning_motivation_20260712_102449.png
2026-07-12 10:24:49,314 [INFO] Caption preview: ☀️ [Motivational] Don't wait for opportunity. Create it.

Share this with someone who needs it today! 💛

#Motivation #Su...
2026-07-12 10:24:55,766 [INFO] ✅ Posted successfully [morning_motivation]
2026-07-12 10:24:55,771 [INFO] ✅ Slot [morning_motivation] published successfully!
2026-07-12 11:56:14,644 [INFO] Failed posts list is empty.
2026-07-12 11:56:14,794 [INFO] ──────────────────────────────────────────────────
2026-07-12 11:56:14,794 [INFO] ▶  Running slot: self_improvement
2026-07-12 11:56:14,794 [INFO] ──────────────────────────────────────────────────
2026-07-12 11:56:14,818 [INFO] 📝 Content selected: Never forget: growth begins at the end of your comfort zone....
2026-07-12 11:56:14,990 [INFO] Publishing [self_improvement] | image: /home/runner/work/bright-side-daily/bright-side-daily/images/output/self_improvement_20260712_115614.png
2026-07-12 11:56:14,990 [INFO] Caption preview: 📈 Never forget: growth begins at the end of your comfort zone.

Share this with someone who needs it today! 💛

#Personal...
2026-07-12 11:56:27,101 [INFO] ✅ Posted successfully [self_improvement]
2026-07-12 11:56:27,106 [INFO] ✅ Slot [self_improvement] published successfully!
2026-07-12 14:35:19,103 [INFO] Failed posts list is empty.
2026-07-12 14:35:19,253 [INFO] ──────────────────────────────────────────────────
2026-07-12 14:35:19,253 [INFO] ▶  Running slot: morning_motivation
2026-07-12 14:35:19,253 [INFO] ──────────────────────────────────────────────────
2026-07-12 14:35:19,277 [INFO] 📝 Content selected: Great things never come from comfort zones....
2026-07-12 14:35:19,385 [INFO] Publishing [morning_motivation] | image: /home/runner/work/bright-side-daily/bright-side-daily/images/output/morning_motivation_20260712_143519.png
2026-07-12 14:35:19,385 [INFO] Caption preview: ☀️ Great things never come from comfort zones.

Share this with someone who needs it today! 💛

#Motivation #Success #Min...
2026-07-12 14:35:23,155 [INFO] ✅ Posted successfully [morning_motivation]
2026-07-12 14:35:23,160 [INFO] ✅ Slot [morning_motivation] published successfully!
2026-07-12 16:40:13,962 [INFO] Failed posts list is empty.
2026-07-12 16:40:14,109 [INFO] ──────────────────────────────────────────────────
2026-07-12 16:40:14,109 [INFO] ▶  Running slot: evening_reflection
2026-07-12 16:40:14,109 [INFO] ──────────────────────────────────────────────────
2026-07-12 16:40:14,134 [INFO] 📝 Content selected: When I started... turned around....
2026-07-12 16:40:14,243 [INFO] Publishing [evening_reflection] | image: /home/runner/work/bright-side-daily/bright-side-daily/images/output/evening_reflection_20260712_164014.png
2026-07-12 16:40:14,243 [INFO] Caption preview: 🌙 When I started... turned around.

Share this with someone who needs it today! 💛

#Gratitude #Thankful #CountYourBlessi...
2026-07-12 16:40:21,989 [INFO] ✅ Posted successfully [evening_reflection]
2026-07-12 16:40:21,994 [INFO] ✅ Slot [evening_reflection] published successfully!
2026-07-12 18:57:20,644 [INFO] Failed posts list is empty.
2026-07-12 18:57:20,788 [INFO] ──────────────────────────────────────────────────
2026-07-12 18:57:20,788 [INFO] ▶  Running slot: engagement_question
2026-07-12 18:57:20,788 [INFO] ──────────────────────────────────────────────────
2026-07-12 18:57:20,812 [INFO] 📝 Content selected: If you could send a message to your younger self, what would you say? — believe ...
2026-07-12 18:57:21,006 [INFO] Publishing [engagement_question] | image: /home/runner/work/bright-side-daily/bright-side-daily/images/output/engagement_question_20260712_185720.png
2026-07-12 18:57:21,007 [INFO] Caption preview: 💬 If you could send a message to your younger self, what would you say? — believe it.

Drop your answer in the comments ...
2026-07-12 18:57:25,511 [INFO] ✅ Posted successfully [engagement_question]
2026-07-12 18:57:25,516 [INFO] ✅ Slot [engagement_question] published successfully!
2026-07-13 08:17:11,684 [INFO] Failed posts list is empty.
2026-07-13 08:17:11,824 [INFO] ──────────────────────────────────────────────────
2026-07-13 08:17:11,824 [INFO] ▶  Running slot: morning_motivation
2026-07-13 08:17:11,824 [INFO] ──────────────────────────────────────────────────
2026-07-13 08:17:11,847 [INFO] 📝 Content selected: The key to success is to focus on goals, not obstacles. — spread this....
2026-07-13 08:17:12,035 [INFO] Publishing [morning_motivation] | image: /home/runner/work/bright-side-daily/bright-side-daily/images/output/morning_motivation_20260713_081711.png
2026-07-13 08:17:12,035 [INFO] Caption preview: ☀️ The key to success is to focus on goals, not obstacles. — spread this.

Share this with someone who needs it today! 💛...
2026-07-13 08:17:17,845 [INFO] ✅ Posted successfully [morning_motivation]
2026-07-13 08:17:17,850 [INFO] ✅ Slot [morning_motivation] published successfully!
2026-07-13 10:29:41,698 [INFO] Failed posts list is empty.
2026-07-13 10:29:41,843 [INFO] ──────────────────────────────────────────────────
2026-07-13 10:29:41,843 [INFO] ▶  Running slot: morning_motivation
2026-07-13 10:29:41,843 [INFO] ──────────────────────────────────────────────────
2026-07-13 10:29:41,866 [INFO] 📝 Content selected: Worth repeating: don't stop when you're tired. stop when you're done....
2026-07-13 10:29:41,980 [INFO] Publishing [morning_motivation] | image: /home/runner/work/bright-side-daily/bright-side-daily/images/output/morning_motivation_20260713_102941.png
2026-07-13 10:29:41,980 [INFO] Caption preview: ☀️ Worth repeating: don't stop when you're tired. stop when you're done.

Share this with someone who needs it today! 💛
...
2026-07-13 10:29:54,106 [INFO] ✅ Posted successfully [morning_motivation]
2026-07-13 10:29:54,112 [INFO] ✅ Slot [morning_motivation] published successfully!
2026-07-13 11:58:27,549 [INFO] Failed posts list is empty.
2026-07-13 11:58:27,681 [INFO] ──────────────────────────────────────────────────
2026-07-13 11:58:27,681 [INFO] ▶  Running slot: self_improvement
2026-07-13 11:58:27,681 [INFO] ──────────────────────────────────────────────────
2026-07-13 11:58:27,706 [INFO] 📝 Content selected: Be yourself, but always your better self. — pass it on....
2026-07-13 11:58:27,808 [INFO] Publishing [self_improvement] | image: /home/runner/work/bright-side-daily/bright-side-daily/images/output/self_improvement_20260713_115827.png
2026-07-13 11:58:27,808 [INFO] Caption preview: 📈 Be yourself, but always your better self. — pass it on.

Share this with someone who needs it today! 💛

#PersonalGrowt...
2026-07-13 11:58:34,008 [INFO] ✅ Posted successfully [self_improvement]
2026-07-13 11:58:34,014 [INFO] ✅ Slot [self_improvement] published successfully!
2026-07-13 15:44:25,153 [INFO] Failed posts list is empty.
2026-07-13 15:44:25,297 [INFO] ──────────────────────────────────────────────────
2026-07-13 15:44:25,297 [INFO] ▶  Running slot: morning_motivation
2026-07-13 15:44:25,297 [INFO] ──────────────────────────────────────────────────
2026-07-13 15:44:25,323 [INFO] 📝 Content selected: If life were predictable it would cease to be life and be without flavor. — star...
2026-07-13 15:44:25,530 [INFO] Publishing [morning_motivation] | image: /home/runner/work/bright-side-daily/bright-side-daily/images/output/morning_motivation_20260713_154425.png
2026-07-13 15:44:25,530 [INFO] Caption preview: ☀️ If life were predictable it would cease to be life and be without flavor. — start today.

Share this with someone who...
2026-07-13 15:44:30,502 [INFO] ✅ Posted successfully [morning_motivation]
2026-07-13 15:44:30,507 [INFO] ✅ Slot [morning_motivation] published successfully!
2026-07-13 17:46:36,567 [INFO] Failed posts list is empty.
2026-07-13 17:46:36,713 [INFO] ──────────────────────────────────────────────────
2026-07-13 17:46:36,713 [INFO] ▶  Running slot: morning_motivation
2026-07-13 17:46:36,713 [INFO] ──────────────────────────────────────────────────
2026-07-13 17:46:36,739 [INFO] 📝 Content selected: When one door of happiness closes, another opens....
2026-07-13 17:46:36,849 [INFO] Publishing [morning_motivation] | image: /home/runner/work/bright-side-daily/bright-side-daily/images/output/morning_motivation_20260713_174636.png
2026-07-13 17:46:36,849 [INFO] Caption preview: ☀️ When one door of happiness closes, another opens.

Share this with someone who needs it today! 💛

#Motivation #Succes...
2026-07-13 17:46:50,977 [INFO] ✅ Posted successfully [morning_motivation]
2026-07-13 17:46:50,982 [INFO] ✅ Slot [morning_motivation] published successfully!
2026-07-13 19:17:01,506 [INFO] Failed posts list is empty.
2026-07-13 19:17:01,672 [INFO] ──────────────────────────────────────────────────
2026-07-13 19:17:01,672 [INFO] ▶  Running slot: morning_motivation
2026-07-13 19:17:01,672 [INFO] ──────────────────────────────────────────────────
2026-07-13 19:17:01,699 [INFO] 📝 Content selected: Energy and persistence conquer all things. — spread this....
2026-07-13 19:17:01,806 [INFO] Publishing [morning_motivation] | image: /home/runner/work/bright-side-daily/bright-side-daily/images/output/morning_motivation_20260713_191701.png
2026-07-13 19:17:01,806 [INFO] Caption preview: ☀️ Energy and persistence conquer all things. — spread this.

Share this with someone who needs it today! 💛

#Motivation...
2026-07-13 19:17:17,957 [INFO] ✅ Posted successfully [morning_motivation]
2026-07-13 19:17:17,962 [INFO] ✅ Slot [morning_motivation] published successfully!
2026-07-14 07:10:25,240 [INFO] Failed posts list is empty.
2026-07-14 07:10:25,381 [INFO] ──────────────────────────────────────────────────
2026-07-14 07:10:25,381 [INFO] ▶  Running slot: positive_quote
2026-07-14 07:10:25,381 [INFO] ──────────────────────────────────────────────────
2026-07-14 07:10:25,407 [INFO] 📝 Content selected: Definiteness of purpose is the starting point of all achievement. — pass it on....
2026-07-14 07:10:25,647 [INFO] Publishing [positive_quote] | image: /home/runner/work/bright-side-daily/bright-side-daily/images/output/positive_quote_20260714_071025.png
2026-07-14 07:10:25,647 [INFO] Caption preview: 🌟 Definiteness of purpose is the starting point of all achievement. — pass it on.

Share this with someone who needs it ...
2026-07-14 07:10:32,634 [INFO] ✅ Posted successfully [positive_quote]
2026-07-14 07:10:32,639 [INFO] ✅ Slot [positive_quote] published successfully!
2026-07-14 09:06:12,317 [INFO] Failed posts list is empty.
2026-07-14 09:06:12,454 [INFO] ──────────────────────────────────────────────────
2026-07-14 09:06:12,455 [INFO] ▶  Running slot: funny_meme
2026-07-14 09:06:12,455 [INFO] ──────────────────────────────────────────────────
2026-07-14 09:06:12,480 [INFO] 📝 Content selected: [Meme] Technically I was ready on time. I just wasn't ready to leave....
2026-07-14 09:06:12,681 [INFO] Publishing [funny_meme] | image: /home/runner/work/bright-side-daily/bright-side-daily/images/output/funny_meme_20260714_090612.png
2026-07-14 09:06:12,681 [INFO] Caption preview: 😄 [Meme] Technically I was ready on time. I just wasn't ready to leave.

Tag someone who can relate! 😂

#RelatableLife #...
2026-07-14 09:06:18,031 [INFO] ✅ Posted successfully [funny_meme]
2026-07-14 09:06:18,036 [INFO] ✅ Slot [funny_meme] published successfully!
2026-07-14 10:42:46,030 [INFO] Failed posts list is empty.
2026-07-14 10:42:46,176 [INFO] ──────────────────────────────────────────────────
2026-07-14 10:42:46,176 [INFO] ▶  Running slot: morning_motivation
2026-07-14 10:42:46,177 [INFO] ──────────────────────────────────────────────────
2026-07-14 10:42:46,204 [INFO] 📝 Content selected: [Motivational] Dream bigger. Do bigger....
2026-07-14 10:42:46,320 [INFO] Publishing [morning_motivation] | image: /home/runner/work/bright-side-daily/bright-side-daily/images/output/morning_motivation_20260714_104246.png
2026-07-14 10:42:46,320 [INFO] Caption preview: ☀️ [Motivational] Dream bigger. Do bigger.

Share this with someone who needs it today! 💛

#Motivation #Success #Mindset...
2026-07-14 10:42:52,165 [INFO] ✅ Posted successfully [morning_motivation]
2026-07-14 10:42:52,170 [INFO] ✅ Slot [morning_motivation] published successfully!
2026-07-14 12:08:01,104 [INFO] Failed posts list is empty.
2026-07-14 12:08:01,222 [INFO] ──────────────────────────────────────────────────
2026-07-14 12:08:01,222 [INFO] ▶  Running slot: morning_motivation
2026-07-14 12:08:01,222 [INFO] ──────────────────────────────────────────────────
2026-07-14 12:08:01,245 [INFO] 📝 Content selected: Remember: start where you are. use what you have. do what you can....
2026-07-14 12:08:01,491 [INFO] Publishing [morning_motivation] | image: /home/runner/work/bright-side-daily/bright-side-daily/images/output/morning_motivation_20260714_120801.png
2026-07-14 12:08:01,491 [INFO] Caption preview: ☀️ Remember: start where you are. use what you have. do what you can.

Share this with someone who needs it today! 💛

#M...
2026-07-14 12:08:06,291 [INFO] ✅ Posted successfully [morning_motivation]
2026-07-14 12:08:06,296 [INFO] ✅ Slot [morning_motivation] published successfully!
2026-07-14 14:58:24,705 [INFO] Failed posts list is empty.
2026-07-14 14:58:24,847 [INFO] ──────────────────────────────────────────────────
2026-07-14 14:58:24,847 [INFO] ▶  Running slot: morning_motivation
2026-07-14 14:58:24,847 [INFO] ──────────────────────────────────────────────────
2026-07-14 14:58:24,875 [INFO] 📝 Content selected: [Motivational] Success begins when excuses end....
2026-07-14 14:58:24,980 [INFO] Publishing [morning_motivation] | image: /home/runner/work/bright-side-daily/bright-side-daily/images/output/morning_motivation_20260714_145824.png
2026-07-14 14:58:24,981 [INFO] Caption preview: ☀️ [Motivational] Success begins when excuses end.

Share this with someone who needs it today! 💛

#Motivation #Success ...
2026-07-14 14:58:29,168 [INFO] ✅ Posted successfully [morning_motivation]
2026-07-14 14:58:29,173 [INFO] ✅ Slot [morning_motivation] published successfully!
2026-07-14 16:58:04,139 [INFO] Failed posts list is empty.
2026-07-14 16:58:04,291 [INFO] ──────────────────────────────────────────────────
2026-07-14 16:58:04,291 [INFO] ▶  Running slot: evening_reflection
2026-07-14 16:58:04,291 [INFO] ──────────────────────────────────────────────────
2026-07-14 16:58:04,319 [INFO] 📝 Content selected: Gratitude is the... human emotions....
2026-07-14 16:58:04,426 [INFO] Publishing [evening_reflection] | image: /home/runner/work/bright-side-daily/bright-side-daily/images/output/evening_reflection_20260714_165804.png
2026-07-14 16:58:04,426 [INFO] Caption preview: 🌙 Gratitude is the... human emotions.

Share this with someone who needs it today! 💛

#Gratitude #Thankful #CountYourBle...
2026-07-14 16:58:13,832 [INFO] ✅ Posted successfully [evening_reflection]
2026-07-14 16:58:13,838 [INFO] ✅ Slot [evening_reflection] published successfully!
2026-07-14 19:09:47,081 [INFO] Failed posts list is empty.
2026-07-14 19:09:47,213 [INFO] ──────────────────────────────────────────────────
2026-07-14 19:09:47,213 [INFO] ▶  Running slot: morning_motivation
2026-07-14 19:09:47,213 [INFO] ──────────────────────────────────────────────────
2026-07-14 19:09:47,240 [INFO] 📝 Content selected: Never forget: dream it. believe it. build it....
2026-07-14 19:09:47,338 [INFO] Publishing [morning_motivation] | image: /home/runner/work/bright-side-daily/bright-side-daily/images/output/morning_motivation_20260714_190947.png
2026-07-14 19:09:47,338 [INFO] Caption preview: ☀️ Never forget: dream it. believe it. build it.

Share this with someone who needs it today! 💛

#Motivation #Success #M...
2026-07-14 19:09:54,509 [INFO] ✅ Posted successfully [morning_motivation]
2026-07-14 19:09:54,515 [INFO] ✅ Slot [morning_motivation] published successfully!
2026-07-15 07:14:16,826 [INFO] Failed posts list is empty.
2026-07-15 07:14:16,975 [INFO] ──────────────────────────────────────────────────
2026-07-15 07:14:16,975 [INFO] ▶  Running slot: positive_quote
2026-07-15 07:14:16,975 [INFO] ──────────────────────────────────────────────────
2026-07-15 07:14:17,003 [INFO] 📝 Content selected: The art of... common things....
2026-07-15 07:14:17,112 [INFO] Publishing [positive_quote] | image: /home/runner/work/bright-side-daily/bright-side-daily/images/output/positive_quote_20260715_071417.png
2026-07-15 07:14:17,112 [INFO] Caption preview: 🌟 The art of... common things.

Share this with someone who needs it today! 💛

#PositiveVibes #HappyLife #GoodVibesOnly ...
2026-07-15 07:14:22,541 [INFO] ✅ Posted successfully [positive_quote]
2026-07-15 07:14:22,547 [INFO] ✅ Slot [positive_quote] published successfully!
2026-07-15 09:10:32,596 [INFO] Failed posts list is empty.
2026-07-15 09:10:32,740 [INFO] ──────────────────────────────────────────────────
2026-07-15 09:10:32,740 [INFO] ▶  Running slot: funny_meme
2026-07-15 09:10:32,740 [INFO] ──────────────────────────────────────────────────
2026-07-15 09:10:32,769 [INFO] 📝 Content selected: I asked for a sign. Now there are signs everywhere. I regret this....
2026-07-15 09:10:32,907 [INFO] Publishing [funny_meme] | image: /home/runner/work/bright-side-daily/bright-side-daily/images/output/funny_meme_20260715_091032.png
2026-07-15 09:10:32,907 [INFO] Caption preview: 😄 I asked for a sign. Now there are signs everywhere. I regret this.

Tag someone who can relate! 😂

#RelatableLife #Fun...
2026-07-15 09:10:39,579 [INFO] ✅ Posted successfully [funny_meme]
2026-07-15 09:10:39,584 [INFO] ✅ Slot [funny_meme] published successfully!
2026-07-15 10:46:43,615 [INFO] Failed posts list is empty.
2026-07-15 10:46:43,768 [INFO] ──────────────────────────────────────────────────
2026-07-15 10:46:43,768 [INFO] ▶  Running slot: morning_motivation
2026-07-15 10:46:43,769 [INFO] ──────────────────────────────────────────────────
2026-07-15 10:46:43,796 [INFO] 📝 Content selected: When you reach... hang on....
2026-07-15 10:46:43,899 [INFO] Publishing [morning_motivation] | image: /home/runner/work/bright-side-daily/bright-side-daily/images/output/morning_motivation_20260715_104643.png
2026-07-15 10:46:43,899 [INFO] Caption preview: ☀️ When you reach... hang on.

Share this with someone who needs it today! 💛

#Motivation #Success #MindsetMatters #Dail...
2026-07-15 10:46:48,403 [INFO] ✅ Posted successfully [morning_motivation]
2026-07-15 10:46:48,409 [INFO] ✅ Slot [morning_motivation] published successfully!
2026-07-15 12:12:16,790 [INFO] Failed posts list is empty.
2026-07-15 12:12:16,934 [INFO] ──────────────────────────────────────────────────
2026-07-15 12:12:16,934 [INFO] ▶  Running slot: morning_motivation
2026-07-15 12:12:16,934 [INFO] ──────────────────────────────────────────────────
2026-07-15 12:12:16,963 [INFO] 📝 Content selected: Don't limit your challenges. Challenge your limits. — keep going....
2026-07-15 12:12:17,097 [INFO] Publishing [morning_motivation] | image: /home/runner/work/bright-side-daily/bright-side-daily/images/output/morning_motivation_20260715_121217.png
2026-07-15 12:12:17,097 [INFO] Caption preview: ☀️ Don't limit your challenges. Challenge your limits. — keep going.

Share this with someone who needs it today! 💛

#Mo...
2026-07-15 12:12:23,013 [INFO] ✅ Posted successfully [morning_motivation]
2026-07-15 12:12:23,019 [INFO] ✅ Slot [morning_motivation] published successfully!
2026-07-15 14:57:10,440 [INFO] Failed posts list is empty.
2026-07-15 14:57:10,584 [INFO] ──────────────────────────────────────────────────
2026-07-15 14:57:10,584 [INFO] ▶  Running slot: morning_motivation
2026-07-15 14:57:10,584 [INFO] ──────────────────────────────────────────────────
2026-07-15 14:57:10,612 [INFO] 📝 Content selected: Fact: don't wait for opportunity. create it....
2026-07-15 14:57:10,760 [INFO] Publishing [morning_motivation] | image: /home/runner/work/bright-side-daily/bright-side-daily/images/output/morning_motivation_20260715_145710.png
2026-07-15 14:57:10,761 [INFO] Caption preview: ☀️ Fact: don't wait for opportunity. create it.

Share this with someone who needs it today! 💛

#Motivation #Success #Mi...
2026-07-15 14:57:15,779 [INFO] ✅ Posted successfully [morning_motivation]
2026-07-15 14:57:15,785 [INFO] ✅ Slot [morning_motivation] published successfully!
2026-07-15 16:59:58,569 [INFO] Failed posts list is empty.
2026-07-15 16:59:58,734 [INFO] ──────────────────────────────────────────────────
2026-07-15 16:59:58,734 [INFO] ▶  Running slot: evening_reflection
2026-07-15 16:59:58,735 [INFO] ──────────────────────────────────────────────────
2026-07-15 16:59:58,772 [INFO] 📝 Content selected: Happiness cannot be traveled to, owned, earned, worn, or consumed....
2026-07-15 16:59:58,883 [INFO] Publishing [evening_reflection] | image: /home/runner/work/bright-side-daily/bright-side-daily/images/output/evening_reflection_20260715_165958.png
2026-07-15 16:59:58,883 [INFO] Caption preview: 🌙 Happiness cannot be traveled to, owned, earned, worn, or consumed.

Share this with someone who needs it today! 💛

#Gr...
2026-07-15 17:00:06,255 [INFO] ✅ Posted successfully [evening_reflection]
2026-07-15 17:00:06,260 [INFO] ✅ Slot [evening_reflection] published successfully!
2026-07-15 19:01:49,028 [INFO] Failed posts list is empty.
2026-07-15 19:01:49,167 [INFO] ──────────────────────────────────────────────────
2026-07-15 19:01:49,167 [INFO] ▶  Running slot: morning_motivation
2026-07-15 19:01:49,167 [INFO] ──────────────────────────────────────────────────
2026-07-15 19:01:49,196 [INFO] 📝 Content selected: The future belongs to those who believe in the beauty of their dreams. — keep go...
2026-07-15 19:01:49,366 [INFO] Publishing [morning_motivation] | image: /home/runner/work/bright-side-daily/bright-side-daily/images/output/morning_motivation_20260715_190149.png
2026-07-15 19:01:49,366 [INFO] Caption preview: ☀️ The future belongs to those who believe in the beauty of their dreams. — keep going.

Share this with someone who nee...
2026-07-15 19:01:54,714 [INFO] ✅ Posted successfully [morning_motivation]
2026-07-15 19:01:54,719 [INFO] ✅ Slot [morning_motivation] published successfully!
2026-07-16 07:22:20,499 [INFO] Failed posts list is empty.
2026-07-16 07:22:20,628 [INFO] ──────────────────────────────────────────────────
2026-07-16 07:22:20,629 [INFO] ▶  Running slot: positive_quote
2026-07-16 07:22:20,629 [INFO] ──────────────────────────────────────────────────
2026-07-16 07:22:20,655 [INFO] 📝 Content selected: I find that the harder I work, the more luck I seem to have. — keep going....
2026-07-16 07:22:20,759 [INFO] Publishing [positive_quote] | image: /home/runner/work/bright-side-daily/bright-side-daily/images/output/positive_quote_20260716_072220.png
2026-07-16 07:22:20,759 [INFO] Caption preview: 🌟 I find that the harder I work, the more luck I seem to have. — keep going.

Share this with someone who needs it today...
2026-07-16 07:22:26,408 [INFO] ✅ Posted successfully [positive_quote]
2026-07-16 07:22:26,413 [INFO] ✅ Slot [positive_quote] published successfully!
2026-07-16 09:17:27,138 [INFO] Failed posts list is empty.
2026-07-16 09:17:27,283 [INFO] ──────────────────────────────────────────────────
2026-07-16 09:17:27,283 [INFO] ▶  Running slot: funny_meme
2026-07-16 09:17:27,283 [INFO] ──────────────────────────────────────────────────
2026-07-16 09:17:27,313 [INFO] 📝 Content selected: When you realize it's only Wednesday. 😮 — keep going....
2026-07-16 09:17:27,485 [INFO] Publishing [funny_meme] | image: /home/runner/work/bright-side-daily/bright-side-daily/images/output/funny_meme_20260716_091727.png
2026-07-16 09:17:27,485 [INFO] Caption preview: 😄 When you realize it's only Wednesday. 😮 — keep going.

Tag someone who can relate! 😂

#RelatableLife #Funny #MondayMoo...
2026-07-16 09:17:32,693 [INFO] ✅ Posted successfully [funny_meme]
2026-07-16 09:17:32,698 [INFO] ✅ Slot [funny_meme] published successfully!
2026-07-16 10:56:25,896 [INFO] Failed posts list is empty.
2026-07-16 10:56:26,035 [INFO] ──────────────────────────────────────────────────
2026-07-16 10:56:26,036 [INFO] ▶  Running slot: morning_motivation
2026-07-16 10:56:26,036 [INFO] ──────────────────────────────────────────────────
2026-07-16 10:56:26,065 [INFO] 📝 Content selected: Do not go... a trail....
2026-07-16 10:56:26,221 [INFO] Publishing [morning_motivation] | image: /home/runner/work/bright-side-daily/bright-side-daily/images/output/morning_motivation_20260716_105626.png
2026-07-16 10:56:26,221 [INFO] Caption preview: ☀️ Do not go... a trail.

Share this with someone who needs it today! 💛

#Motivation #Success #MindsetMatters #DailyMoti...
2026-07-16 10:56:34,969 [INFO] ✅ Posted successfully [morning_motivation]
2026-07-16 10:56:34,974 [INFO] ✅ Slot [morning_motivation] published successfully!
2026-07-16 12:18:44,340 [INFO] Failed posts list is empty.
2026-07-16 12:18:44,479 [INFO] ──────────────────────────────────────────────────
2026-07-16 12:18:44,479 [INFO] ▶  Running slot: morning_motivation
2026-07-16 12:18:44,479 [INFO] ──────────────────────────────────────────────────
2026-07-16 12:18:44,509 [INFO] 📝 Content selected: Don't stop when you're tired. Stop when you're done....
2026-07-16 12:18:44,614 [INFO] Publishing [morning_motivation] | image: /home/runner/work/bright-side-daily/bright-side-daily/images/output/morning_motivation_20260716_121844.png
2026-07-16 12:18:44,614 [INFO] Caption preview: ☀️ Don't stop when you're tired. Stop when you're done.

Share this with someone who needs it today! 💛

#Motivation #Suc...
2026-07-16 12:18:51,399 [INFO] ✅ Posted successfully [morning_motivation]
2026-07-16 12:18:51,404 [INFO] ✅ Slot [morning_motivation] published successfully!
2026-07-16 15:07:29,683 [INFO] Failed posts list is empty.
2026-07-16 15:07:29,778 [INFO] ──────────────────────────────────────────────────
2026-07-16 15:07:29,778 [INFO] ▶  Running slot: morning_motivation
2026-07-16 15:07:29,778 [INFO] ──────────────────────────────────────────────────
2026-07-16 15:07:29,797 [INFO] 📝 Content selected: It's going to... not impossible....
2026-07-16 15:07:29,857 [INFO] Publishing [morning_motivation] | image: /home/runner/work/bright-side-daily/bright-side-daily/images/output/morning_motivation_20260716_150729.png
2026-07-16 15:07:29,857 [INFO] Caption preview: ☀️ It's going to... not impossible.

Share this with someone who needs it today! 💛

#Motivation #Success #MindsetMatters...
2026-07-16 15:07:35,297 [INFO] ✅ Posted successfully [morning_motivation]
2026-07-16 15:07:35,300 [INFO] ✅ Slot [morning_motivation] published successfully!
2026-07-16 16:57:52,825 [INFO] Failed posts list is empty.
2026-07-16 16:57:52,975 [INFO] ──────────────────────────────────────────────────
2026-07-16 16:57:52,975 [INFO] ▶  Running slot: evening_reflection
2026-07-16 16:57:52,975 [INFO] ──────────────────────────────────────────────────
2026-07-16 16:57:53,005 [INFO] 📝 Content selected: Start each day with a grateful heart....
2026-07-16 16:57:53,200 [INFO] Publishing [evening_reflection] | image: /home/runner/work/bright-side-daily/bright-side-daily/images/output/evening_reflection_20260716_165753.png
2026-07-16 16:57:53,200 [INFO] Caption preview: 🌙 Start each day with a grateful heart.

Share this with someone who needs it today! 💛

#Gratitude #Thankful #CountYourB...
2026-07-16 16:57:58,481 [INFO] ✅ Posted successfully [evening_reflection]
2026-07-16 16:57:58,487 [INFO] ✅ Slot [evening_reflection] published successfully!
2026-07-16 19:01:12,118 [INFO] Failed posts list is empty.
2026-07-16 19:01:12,273 [INFO] ──────────────────────────────────────────────────
2026-07-16 19:01:12,274 [INFO] ▶  Running slot: morning_motivation
2026-07-16 19:01:12,274 [INFO] ──────────────────────────────────────────────────
2026-07-16 19:01:12,305 [INFO] 📝 Content selected: Never forget: if you set your goals ridiculously high and it's a failure, you wi...
2026-07-16 19:01:12,420 [INFO] Publishing [morning_motivation] | image: /home/runner/work/bright-side-daily/bright-side-daily/images/output/morning_motivation_20260716_190112.png
2026-07-16 19:01:12,420 [INFO] Caption preview: ☀️ Never forget: if you set your goals ridiculously high and it's a failure, you will fail above everyone else's success...
2026-07-16 19:01:19,041 [INFO] ✅ Posted successfully [morning_motivation]
2026-07-16 19:01:19,047 [INFO] ✅ Slot [morning_motivation] published successfully!
2026-07-17 07:16:36,692 [INFO] Failed posts list is empty.
2026-07-17 07:16:36,836 [INFO] ──────────────────────────────────────────────────
2026-07-17 07:16:36,836 [INFO] ▶  Running slot: positive_quote
2026-07-17 07:16:36,836 [INFO] ──────────────────────────────────────────────────
2026-07-17 07:16:36,866 [INFO] 📝 Content selected: People who are crazy enough to think they can change the world are the ones who ...
2026-07-17 07:16:37,053 [INFO] Publishing [positive_quote] | image: /home/runner/work/bright-side-daily/bright-side-daily/images/output/positive_quote_20260717_071636.png
2026-07-17 07:16:37,054 [INFO] Caption preview: 🌟 People who are crazy enough to think they can change the world are the ones who do. — believe it.

Share this with som...
2026-07-17 07:16:42,255 [INFO] ✅ Posted successfully [positive_quote]
2026-07-17 07:16:42,260 [INFO] ✅ Slot [positive_quote] published successfully!
2026-07-17 09:11:27,792 [INFO] Failed posts list is empty.
2026-07-17 09:11:27,942 [INFO] ──────────────────────────────────────────────────
2026-07-17 09:11:27,942 [INFO] ▶  Running slot: funny_meme
2026-07-17 09:11:27,942 [INFO] ──────────────────────────────────────────────────
2026-07-17 09:11:27,973 [INFO] 📝 Content selected: Life hack: Always carry a book so people think you're busy and don't talk to you...
2026-07-17 09:11:28,081 [INFO] Publishing [funny_meme] | image: /home/runner/work/bright-side-daily/bright-side-daily/images/output/funny_meme_20260717_091128.png
2026-07-17 09:11:28,081 [INFO] Caption preview: 😄 Life hack: Always carry a book so people think you're busy and don't talk to you. — keep going.

Tag someone who can r...
2026-07-17 09:11:33,478 [INFO] ✅ Posted successfully [funny_meme]
2026-07-17 09:11:33,483 [INFO] ✅ Slot [funny_meme] published successfully!
2026-07-17 10:44:11,287 [INFO] Failed posts list is empty.
2026-07-17 10:44:11,442 [INFO] ──────────────────────────────────────────────────
2026-07-17 10:44:11,442 [INFO] ▶  Running slot: morning_motivation
2026-07-17 10:44:11,442 [INFO] ──────────────────────────────────────────────────
2026-07-17 10:44:11,473 [INFO] 📝 Content selected: It does not matter how slowly you go as long as you do not stop. — you've got th...
2026-07-17 10:44:11,624 [INFO] Publishing [morning_motivation] | image: /home/runner/work/bright-side-daily/bright-side-daily/images/output/morning_motivation_20260717_104411.png
2026-07-17 10:44:11,624 [INFO] Caption preview: ☀️ It does not matter how slowly you go as long as you do not stop. — you've got this.

Share this with someone who need...
2026-07-17 10:44:23,802 [INFO] ✅ Posted successfully [morning_motivation]
2026-07-17 10:44:23,808 [INFO] ✅ Slot [morning_motivation] published successfully!
2026-07-17 12:06:02,727 [INFO] Failed posts list is empty.
2026-07-17 12:06:02,872 [INFO] ──────────────────────────────────────────────────
2026-07-17 12:06:02,872 [INFO] ▶  Running slot: morning_motivation
2026-07-17 12:06:02,872 [INFO] ──────────────────────────────────────────────────
2026-07-17 12:06:02,903 [INFO] 📝 Content selected: Fact: dream it. wish it. do it....
2026-07-17 12:06:03,048 [INFO] Publishing [morning_motivation] | image: /home/runner/work/bright-side-daily/bright-side-daily/images/output/morning_motivation_20260717_120602.png
2026-07-17 12:06:03,048 [INFO] Caption preview: ☀️ Fact: dream it. wish it. do it.

Share this with someone who needs it today! 💛

#Motivation #Success #MindsetMatters ...
2026-07-17 12:06:12,945 [INFO] ✅ Posted successfully [morning_motivation]
2026-07-17 12:06:12,951 [INFO] ✅ Slot [morning_motivation] published successfully!
2026-07-17 14:47:38,957 [INFO] Failed posts list is empty.
2026-07-17 14:47:39,135 [INFO] ──────────────────────────────────────────────────
2026-07-17 14:47:39,135 [INFO] ▶  Running slot: morning_motivation
2026-07-17 14:47:39,135 [INFO] ──────────────────────────────────────────────────
2026-07-17 14:47:39,168 [INFO] 📝 Content selected: [Motivational] Act as if what you do makes a difference. It does....
2026-07-17 14:47:39,278 [INFO] Publishing [morning_motivation] | image: /home/runner/work/bright-side-daily/bright-side-daily/images/output/morning_motivation_20260717_144739.png
2026-07-17 14:47:39,279 [INFO] Caption preview: ☀️ [Motivational] Act as if what you do makes a difference. It does.

Share this with someone who needs it today! 💛

#Mo...
2026-07-17 14:47:51,216 [INFO] ✅ Posted successfully [morning_motivation]
2026-07-17 14:47:51,222 [INFO] ✅ Slot [morning_motivation] published successfully!
2026-07-17 16:54:42,367 [INFO] Failed posts list is empty.
2026-07-17 16:54:42,511 [INFO] ──────────────────────────────────────────────────
2026-07-17 16:54:42,511 [INFO] ▶  Running slot: evening_reflection
2026-07-17 16:54:42,511 [INFO] ──────────────────────────────────────────────────
2026-07-17 16:54:42,546 [INFO] 📝 Content selected: Joy is the simplest form of gratitude....
2026-07-17 16:54:42,661 [INFO] Publishing [evening_reflection] | image: /home/runner/work/bright-side-daily/bright-side-daily/images/output/evening_reflection_20260717_165442.png
2026-07-17 16:54:42,661 [INFO] Caption preview: 🌙 Joy is the simplest form of gratitude.

Share this with someone who needs it today! 💛

#Gratitude #Thankful #CountYour...
2026-07-17 16:54:51,525 [INFO] ✅ Posted successfully [evening_reflection]
2026-07-17 16:54:51,531 [INFO] ✅ Slot [evening_reflection] published successfully!
2026-07-17 18:58:39,707 [INFO] Failed posts list is empty.
2026-07-17 18:58:39,865 [INFO] ──────────────────────────────────────────────────
2026-07-17 18:58:39,865 [INFO] ▶  Running slot: engagement_question
2026-07-17 18:58:39,865 [INFO] ──────────────────────────────────────────────────
2026-07-17 18:58:39,897 [INFO] 📝 Content selected: What's something you've... do today?...
2026-07-17 18:58:40,006 [INFO] Publishing [engagement_question] | image: /home/runner/work/bright-side-daily/bright-side-daily/images/output/engagement_question_20260717_185839.png
2026-07-17 18:58:40,006 [INFO] Caption preview: 💬 What's something you've... do today?

Drop your answer in the comments below 👇

#Community #ShareYourThoughts #Questio...
2026-07-17 18:58:45,824 [INFO] ✅ Posted successfully [engagement_question]
2026-07-17 18:58:45,830 [INFO] ✅ Slot [engagement_question] published successfully!
2026-07-18 07:00:32,515 [INFO] Failed posts list is empty.
2026-07-18 07:00:32,664 [INFO] ──────────────────────────────────────────────────
2026-07-18 07:00:32,664 [INFO] ▶  Running slot: positive_quote
2026-07-18 07:00:32,664 [INFO] ──────────────────────────────────────────────────
2026-07-18 07:00:32,696 [INFO] 📝 Content selected: Remember: nothing in life is to be feared; it is only to be understood....
2026-07-18 07:00:32,845 [INFO] Publishing [positive_quote] | image: /home/runner/work/bright-side-daily/bright-side-daily/images/output/positive_quote_20260718_070032.png
2026-07-18 07:00:32,846 [INFO] Caption preview: 🌟 Remember: nothing in life is to be feared; it is only to be understood.

Share this with someone who needs it today! 💛...
2026-07-18 07:00:45,792 [INFO] ✅ Posted successfully [positive_quote]
2026-07-18 07:00:45,797 [INFO] ✅ Slot [positive_quote] published successfully!
2026-07-18 08:49:55,032 [INFO] Failed posts list is empty.
2026-07-18 08:49:55,187 [INFO] ──────────────────────────────────────────────────
2026-07-18 08:49:55,187 [INFO] ▶  Running slot: morning_motivation
2026-07-18 08:49:55,187 [INFO] ──────────────────────────────────────────────────
2026-07-18 08:49:55,220 [INFO] 📝 Content selected: You don't have to be great to start, but you have to start to be great. — you've...
2026-07-18 08:49:55,379 [INFO] Publishing [morning_motivation] | image: /home/runner/work/bright-side-daily/bright-side-daily/images/output/morning_motivation_20260718_084955.png
2026-07-18 08:49:55,379 [INFO] Caption preview: ☀️ You don't have to be great to start, but you have to start to be great. — you've got this.

Share this with someone w...
2026-07-18 08:50:01,204 [INFO] ✅ Posted successfully [morning_motivation]
2026-07-18 08:50:01,210 [INFO] ✅ Slot [morning_motivation] published successfully!
2026-07-18 10:16:31,394 [INFO] Failed posts list is empty.
2026-07-18 10:16:31,562 [INFO] ──────────────────────────────────────────────────
2026-07-18 10:16:31,562 [INFO] ▶  Running slot: morning_motivation
2026-07-18 10:16:31,562 [INFO] ──────────────────────────────────────────────────
2026-07-18 10:16:31,599 [INFO] 📝 Content selected: In the end, it's not the years in your life that count. It's the life in your ye...
2026-07-18 10:16:31,762 [INFO] Publishing [morning_motivation] | image: /home/runner/work/bright-side-daily/bright-side-daily/images/output/morning_motivation_20260718_101631.png
2026-07-18 10:16:31,762 [INFO] Caption preview: ☀️ In the end, it's not the years in your life that count. It's the life in your years. — you've got this.

Share this w...
2026-07-18 10:16:44,507 [INFO] ✅ Posted successfully [morning_motivation]
2026-07-18 10:16:44,513 [INFO] ✅ Slot [morning_motivation] published successfully!
2026-07-18 11:50:55,717 [INFO] Failed posts list is empty.
2026-07-18 11:50:55,834 [INFO] ──────────────────────────────────────────────────
2026-07-18 11:50:55,834 [INFO] ▶  Running slot: self_improvement
2026-07-18 11:50:55,834 [INFO] ──────────────────────────────────────────────────
2026-07-18 11:50:55,860 [INFO] 📝 Content selected: You must do the things you think you cannot do. — start today....
2026-07-18 11:50:55,973 [INFO] Publishing [self_improvement] | image: /home/runner/work/bright-side-daily/bright-side-daily/images/output/self_improvement_20260718_115055.png
2026-07-18 11:50:55,973 [INFO] Caption preview: 📈 You must do the things you think you cannot do. — start today.

Share this with someone who needs it today! 💛

#Person...
2026-07-18 11:51:03,688 [INFO] ✅ Posted successfully [self_improvement]
2026-07-18 11:51:03,692 [INFO] ✅ Slot [self_improvement] published successfully!
2026-07-18 14:21:54,226 [INFO] Failed posts list is empty.
2026-07-18 14:21:54,378 [INFO] ──────────────────────────────────────────────────
2026-07-18 14:21:54,379 [INFO] ▶  Running slot: morning_motivation
2026-07-18 14:21:54,379 [INFO] ──────────────────────────────────────────────────
2026-07-18 14:21:54,412 [INFO] 📝 Content selected: Life is 10% what happens to you and 90% how you react to it. — keep going....
2026-07-18 14:21:54,518 [INFO] Publishing [morning_motivation] | image: /home/runner/work/bright-side-daily/bright-side-daily/images/output/morning_motivation_20260718_142154.png
2026-07-18 14:21:54,518 [INFO] Caption preview: ☀️ Life is 10% what happens to you and 90% how you react to it. — keep going.

Share this with someone who needs it toda...
2026-07-18 14:21:59,656 [INFO] ✅ Posted successfully [morning_motivation]
2026-07-18 14:21:59,662 [INFO] ✅ Slot [morning_motivation] published successfully!
2026-07-18 16:39:57,721 [INFO] Failed posts list is empty.
2026-07-18 16:39:57,879 [INFO] ──────────────────────────────────────────────────
2026-07-18 16:39:57,879 [INFO] ▶  Running slot: evening_reflection
2026-07-18 16:39:57,879 [INFO] ──────────────────────────────────────────────────
2026-07-18 16:39:57,913 [INFO] 📝 Content selected: Today's reminder: the purpose of our lives is to be happy....
2026-07-18 16:39:58,023 [INFO] Publishing [evening_reflection] | image: /home/runner/work/bright-side-daily/bright-side-daily/images/output/evening_reflection_20260718_163957.png
2026-07-18 16:39:58,023 [INFO] Caption preview: 🌙 Today's reminder: the purpose of our lives is to be happy.

Share this with someone who needs it today! 💛

#Gratitude ...
2026-07-18 16:40:04,212 [INFO] ✅ Posted successfully [evening_reflection]
2026-07-18 16:40:04,218 [INFO] ✅ Slot [evening_reflection] published successfully!
2026-07-18 18:54:30,225 [INFO] Failed posts list is empty.
2026-07-18 18:54:30,375 [INFO] ──────────────────────────────────────────────────
2026-07-18 18:54:30,375 [INFO] ▶  Running slot: engagement_question
2026-07-18 18:54:30,375 [INFO] ──────────────────────────────────────────────────
2026-07-18 18:54:30,409 [INFO] 📝 Content selected: What's the best piece of advice you've ever received? — start today....
2026-07-18 18:54:30,647 [INFO] Publishing [engagement_question] | image: /home/runner/work/bright-side-daily/bright-side-daily/images/output/engagement_question_20260718_185430.png
2026-07-18 18:54:30,647 [INFO] Caption preview: 💬 What's the best piece of advice you've ever received? — start today.

Drop your answer in the comments below 👇

#Commu...
2026-07-18 18:54:37,187 [INFO] ✅ Posted successfully [engagement_question]
2026-07-18 18:54:37,193 [INFO] ✅ Slot [engagement_question] published successfully!
2026-07-18 20:59:16,589 [INFO] Failed posts list is empty.
2026-07-18 20:59:16,733 [INFO] ──────────────────────────────────────────────────
2026-07-18 20:59:16,733 [INFO] ▶  Running slot: morning_motivation
2026-07-18 20:59:16,733 [INFO] ──────────────────────────────────────────────────
2026-07-18 20:59:16,768 [INFO] 📝 Content selected: The greatest battle is the one within. Win that first....
2026-07-18 20:59:16,956 [INFO] Publishing [morning_motivation] | image: /home/runner/work/bright-side-daily/bright-side-daily/images/output/morning_motivation_20260718_205916.png
2026-07-18 20:59:16,956 [INFO] Caption preview: ☀️ The greatest battle is the one within. Win that first.

Share this with someone who needs it today! 💛

#Motivation #S...
2026-07-18 20:59:23,122 [INFO] ✅ Posted successfully [morning_motivation]
2026-07-18 20:59:23,128 [INFO] ✅ Slot [morning_motivation] published successfully!
2026-07-18 21:09:33,911 [INFO] Failed posts list is empty.
2026-07-18 21:09:34,016 [INFO] ──────────────────────────────────────────────────
2026-07-18 21:09:34,016 [INFO] ▶  Running slot: morning_motivation
2026-07-18 21:09:34,016 [INFO] ──────────────────────────────────────────────────
2026-07-18 21:09:34,044 [INFO] 📝 Content selected: Don't stop until you're proud....
2026-07-18 21:09:34,153 [INFO] Publishing [morning_motivation] | image: /home/runner/work/bright-side-daily/bright-side-daily/images/output/morning_motivation_20260718_210934.png
2026-07-18 21:09:34,154 [INFO] Caption preview: ☀️ Don't stop until you're proud.

Share this with someone who needs it today! 💛

#Motivation #Success #MindsetMatters #...
2026-07-18 21:09:44,903 [INFO] ✅ Posted successfully [morning_motivation]
2026-07-18 21:09:44,908 [INFO] ✅ Slot [morning_motivation] published successfully!
2026-07-18 21:38:18,456 [INFO] Failed posts list is empty.
2026-07-18 21:38:18,606 [INFO] ──────────────────────────────────────────────────
2026-07-18 21:38:18,606 [INFO] ▶  Running slot: morning_motivation
2026-07-18 21:38:18,606 [INFO] ──────────────────────────────────────────────────
2026-07-18 21:38:18,642 [INFO] 📝 Content selected: Today's choices are tomorrow's results....
2026-07-18 21:38:18,800 [INFO] Publishing [morning_motivation] | image: /home/runner/work/bright-side-daily/bright-side-daily/images/output/morning_motivation_20260718_213818.png
2026-07-18 21:38:18,800 [INFO] Caption preview: ☀️ Today's choices are tomorrow's results.

Share this with someone who needs it today! 💛

#Motivation #Success #Mindset...
2026-07-18 21:38:32,661 [WARNING] Attempt 1/3 failed: {'code': 1, 'message': "Please reduce the amount of data you're asking for, then retry your request"}
2026-07-18 21:38:32,661 [INFO] Retrying in 30s...
2026-07-18 21:39:16,598 [INFO] ✅ Posted successfully [morning_motivation]
2026-07-18 21:39:16,609 [INFO] ✅ Slot [morning_motivation] published successfully!
2026-07-19 07:06:01,427 [INFO] Failed posts list is empty.
2026-07-19 07:06:01,552 [INFO] ──────────────────────────────────────────────────
2026-07-19 07:06:01,552 [INFO] ▶  Running slot: positive_quote
2026-07-19 07:06:01,552 [INFO] ──────────────────────────────────────────────────
2026-07-19 07:06:01,580 [INFO] 📝 Content selected: Peace begins with a smile....
2026-07-19 07:06:01,708 [INFO] Publishing [positive_quote] | image: /home/runner/work/bright-side-daily/bright-side-daily/images/output/positive_quote_20260719_070601.png
2026-07-19 07:06:01,708 [INFO] Caption preview: 🌟 Peace begins with a smile.

Share this with someone who needs it today! 💛

#PositiveVibes #HappyLife #GoodVibesOnly #L...
2026-07-19 07:06:07,428 [INFO] ✅ Posted successfully [positive_quote]
2026-07-19 07:06:07,433 [INFO] ✅ Slot [positive_quote] published successfully!
2026-07-19 07:26:33,860 [INFO] Failed posts list is empty.
2026-07-19 07:26:34,014 [INFO] ──────────────────────────────────────────────────
2026-07-19 07:26:34,014 [INFO] ▶  Running slot: positive_quote
2026-07-19 07:26:34,014 [INFO] ──────────────────────────────────────────────────
2026-07-19 07:26:34,050 [INFO] 📝 Content selected: You are not alone on this road. Others are walking beside you....
2026-07-19 07:26:34,160 [INFO] Publishing [positive_quote] | image: /home/runner/work/bright-side-daily/bright-side-daily/images/output/positive_quote_20260719_072634.png
2026-07-19 07:26:34,160 [INFO] Caption preview: 🌟 You are not alone on this road. Others are walking beside you.

Share this with someone who needs it today! 💛

#Positi...
2026-07-19 07:26:41,076 [INFO] ✅ Posted successfully [positive_quote]
2026-07-19 07:26:41,082 [INFO] ✅ Slot [positive_quote] published successfully!
2026-07-19 09:06:38,975 [INFO] Failed posts list is empty.
2026-07-19 09:06:39,094 [INFO] ──────────────────────────────────────────────────
2026-07-19 09:06:39,094 [INFO] ▶  Running slot: funny_meme
2026-07-19 09:06:39,094 [INFO] ──────────────────────────────────────────────────
2026-07-19 09:06:39,122 [INFO] 📝 Content selected: When the problem I've been overthinking for a week solves itself spontaneously....
2026-07-19 09:06:39,211 [INFO] Publishing [funny_meme] | image: /home/runner/work/bright-side-daily/bright-side-daily/images/output/funny_meme_20260719_090639.png
2026-07-19 09:06:39,212 [INFO] Caption preview: 😄 When the problem I've been overthinking for a week solves itself spontaneously.

Tag someone who can relate! 😂

#Relat...
2026-07-19 09:06:50,413 [INFO] ✅ Posted successfully [funny_meme]
2026-07-19 09:06:50,418 [INFO] ✅ Slot [funny_meme] published successfully!
2026-07-19 09:44:50,193 [INFO] Failed posts list is empty.
2026-07-19 09:44:50,344 [INFO] ──────────────────────────────────────────────────
2026-07-19 09:44:50,345 [INFO] ▶  Running slot: funny_meme
2026-07-19 09:44:50,345 [INFO] ──────────────────────────────────────────────────
2026-07-19 09:44:50,380 [INFO] 📝 Content selected: The commitment I give to doing nothing on my rest day exceeding any other task....
2026-07-19 09:44:50,532 [INFO] Publishing [funny_meme] | image: /home/runner/work/bright-side-daily/bright-side-daily/images/output/funny_meme_20260719_094450.png
2026-07-19 09:44:50,533 [INFO] Caption preview: 😄 The commitment I give to doing nothing on my rest day exceeding any other task.

Tag someone who can relate! 😂

#Relat...
2026-07-19 09:44:56,062 [INFO] ✅ Posted successfully [funny_meme]
2026-07-19 09:44:56,068 [INFO] ✅ Slot [funny_meme] published successfully!
2026-07-19 10:24:47,308 [INFO] Failed posts list is empty.
2026-07-19 10:24:47,458 [INFO] ──────────────────────────────────────────────────
2026-07-19 10:24:47,458 [INFO] ▶  Running slot: midday_encouragement
2026-07-19 10:24:47,459 [INFO] ──────────────────────────────────────────────────
2026-07-19 10:24:47,496 [INFO] 📝 Content selected: One brave decision at a time — that's how champions are made....
2026-07-19 10:24:47,652 [INFO] Publishing [midday_encouragement] | image: /home/runner/work/bright-side-daily/bright-side-daily/images/output/midday_encouragement_20260719_102447.png
2026-07-19 10:24:47,652 [INFO] Caption preview: 💪 One brave decision at a time — that's how champions are made.

Share this with someone who needs it today! 💛

#YouGotT...
2026-07-19 10:24:48,667 [WARNING] Attempt 1/3 failed: {'message': 'An unexpected error has occurred. Please retry your request later.', 'type': 'OAuthException', 'is_transient': True, 'code': 2, 'fbtrace_id': 'AkVx9zLp0vuPPfpgwmSsQed'}
2026-07-19 10:24:48,667 [INFO] Retrying in 30s...
2026-07-19 10:25:32,574 [INFO] ✅ Posted successfully [midday_encouragement]
2026-07-19 10:25:32,580 [INFO] ✅ Slot [midday_encouragement] published successfully!
2026-07-19 11:14:46,832 [INFO] Failed posts list is empty.
2026-07-19 11:14:46,983 [INFO] ──────────────────────────────────────────────────
2026-07-19 11:14:46,983 [INFO] ▶  Running slot: afternoon_wisdom
2026-07-19 11:14:46,983 [INFO] ──────────────────────────────────────────────────
2026-07-19 11:14:47,018 [ERROR] ❌ Content selection failed: 'afternoon_wisdom'
2026-07-19 11:54:25,232 [INFO] Failed posts list is empty.
2026-07-19 11:54:25,383 [INFO] ──────────────────────────────────────────────────
2026-07-19 11:54:25,384 [INFO] ▶  Running slot: afternoon_wisdom
2026-07-19 11:54:25,384 [INFO] ──────────────────────────────────────────────────
2026-07-19 11:54:25,420 [ERROR] ❌ Content selection failed: 'afternoon_wisdom'
2026-07-19 14:25:05,429 [INFO] Failed posts list is empty.
2026-07-19 14:25:05,583 [INFO] ──────────────────────────────────────────────────
2026-07-19 14:25:05,583 [INFO] ▶  Running slot: morning_motivation
2026-07-19 14:25:05,583 [INFO] ──────────────────────────────────────────────────
2026-07-19 14:25:05,626 [INFO] 📝 Content selected: Rise up, start fresh, see the bright opportunity in each new day....
2026-07-19 14:25:05,772 [INFO] Publishing [morning_motivation] | image: /home/runner/work/bright-side-daily/bright-side-daily/images/output/morning_motivation_20260719_142505.png
2026-07-19 14:25:05,773 [INFO] Caption preview: ☀️ Rise up, start fresh, see the bright opportunity in each new day.

Share this with someone who needs it today! 💛

#Mo...
2026-07-19 14:25:10,097 [INFO] ✅ Posted successfully [morning_motivation]
2026-07-19 14:25:10,104 [INFO] ✅ Slot [morning_motivation] published successfully!
2026-07-19 14:45:43,922 [INFO] Failed posts list is empty.
2026-07-19 14:45:44,048 [INFO] ──────────────────────────────────────────────────
2026-07-19 14:45:44,048 [INFO] ▶  Running slot: morning_motivation
2026-07-19 14:45:44,049 [INFO] ──────────────────────────────────────────────────
2026-07-19 14:45:44,083 [INFO] 📝 Content selected: Don't tell people your dreams. Show them....
2026-07-19 14:45:44,184 [INFO] Publishing [morning_motivation] | image: /home/runner/work/bright-side-daily/bright-side-daily/images/output/morning_motivation_20260719_144544.png
2026-07-19 14:45:44,184 [INFO] Caption preview: ☀️ Don't tell people your dreams. Show them.

Share this with someone who needs it today! 💛

#Motivation #Success #Minds...
2026-07-19 14:45:49,940 [INFO] ✅ Posted successfully [morning_motivation]
2026-07-19 14:45:50,019 [INFO] ✅ Slot [morning_motivation] published successfully!
2026-07-19 15:59:11,945 [INFO] Failed posts list is empty.
2026-07-19 15:59:12,112 [INFO] ──────────────────────────────────────────────────
2026-07-19 15:59:12,112 [INFO] ▶  Running slot: engagement_question
2026-07-19 15:59:12,112 [INFO] ──────────────────────────────────────────────────
2026-07-19 15:59:12,151 [INFO] 📝 Content selected: What's a question you keep asking yourself that might be the most important one?...
2026-07-19 15:59:12,317 [INFO] Publishing [engagement_question] | image: /home/runner/work/bright-side-daily/bright-side-daily/images/output/engagement_question_20260719_155912.png
2026-07-19 15:59:12,317 [INFO] Caption preview: 💬 What's a question you keep asking yourself that might be the most important one?

Drop your answer in the comments bel...
2026-07-19 15:59:18,325 [INFO] ✅ Posted successfully [engagement_question]
2026-07-19 15:59:18,331 [INFO] ✅ Slot [engagement_question] published successfully!
2026-07-19 16:39:50,191 [INFO] Failed posts list is empty.
2026-07-19 16:39:50,339 [INFO] ──────────────────────────────────────────────────
2026-07-19 16:39:50,339 [INFO] ▶  Running slot: evening_reflection
2026-07-19 16:39:50,339 [INFO] ──────────────────────────────────────────────────
2026-07-19 16:39:50,377 [INFO] 📝 Content selected: Your thankful heart makes everything in your life more beautiful....
2026-07-19 16:39:50,541 [INFO] Publishing [evening_reflection] | image: /home/runner/work/bright-side-daily/bright-side-daily/images/output/evening_reflection_20260719_163950.png
2026-07-19 16:39:50,541 [INFO] Caption preview: 🌙 Your thankful heart makes everything in your life more beautiful.

Share this with someone who needs it today! 💛

#Gra...
2026-07-19 16:40:01,517 [INFO] ✅ Posted successfully [evening_reflection]
2026-07-19 16:40:01,524 [INFO] ✅ Slot [evening_reflection] published successfully!
2026-07-19 18:57:13,533 [INFO] Failed posts list is empty.
2026-07-19 18:57:13,689 [INFO] ──────────────────────────────────────────────────
2026-07-19 18:57:13,689 [INFO] ▶  Running slot: night_inspiration
2026-07-19 18:57:13,689 [INFO] ──────────────────────────────────────────────────
2026-07-19 18:57:13,726 [ERROR] ❌ Content selection failed: 'night_inspiration'
2026-07-19 20:00:20,100 [INFO] Failed posts list is empty.
2026-07-19 20:00:20,252 [INFO] ──────────────────────────────────────────────────
2026-07-19 20:00:20,253 [INFO] ▶  Running slot: morning_motivation
2026-07-19 20:00:20,253 [INFO] ──────────────────────────────────────────────────
2026-07-19 20:00:20,291 [INFO] 📝 Content selected: You are not average. Stop acting like it....
2026-07-19 20:00:20,450 [INFO] Publishing [morning_motivation] | image: /home/runner/work/bright-side-daily/bright-side-daily/images/output/morning_motivation_20260719_200020.png
2026-07-19 20:00:20,450 [INFO] Caption preview: ☀️ You are not average. Stop acting like it.

Share this with someone who needs it today! 💛

#Motivation #Success #Minds...
2026-07-19 20:00:23,831 [INFO] ✅ Posted successfully [morning_motivation]
2026-07-19 20:00:23,837 [INFO] ✅ Slot [morning_motivation] published successfully!
2026-07-20 07:58:21,186 [INFO] Failed posts list is empty.
2026-07-20 07:58:21,336 [INFO] ──────────────────────────────────────────────────
2026-07-20 07:58:21,336 [INFO] ▶  Running slot: positive_quote
2026-07-20 07:58:21,336 [INFO] ──────────────────────────────────────────────────
2026-07-20 07:58:21,375 [INFO] 📝 Content selected: A positive mind finds opportunity in everything....
2026-07-20 07:58:21,488 [INFO] Publishing [positive_quote] | image: /home/runner/work/bright-side-daily/bright-side-daily/images/output/positive_quote_20260720_075821.png
2026-07-20 07:58:21,488 [INFO] Caption preview: 🌟 A positive mind finds opportunity in everything.

Share this with someone who needs it today! 💛

#PositiveVibes #Happy...
2026-07-20 07:58:29,468 [INFO] ✅ Posted successfully [positive_quote]
2026-07-20 07:58:29,475 [INFO] ✅ Slot [positive_quote] published successfully!
2026-07-20 10:14:26,476 [INFO] Failed posts list is empty.
2026-07-20 10:14:26,624 [INFO] ──────────────────────────────────────────────────
2026-07-20 10:14:26,625 [INFO] ▶  Running slot: midday_encouragement
2026-07-20 10:14:26,625 [INFO] ──────────────────────────────────────────────────
2026-07-20 10:14:26,662 [INFO] 📝 Content selected: Don't let a hard season make you forget your worth....
2026-07-20 10:14:26,716 [INFO] Publishing [midday_encouragement] | image: /home/runner/work/bright-side-daily/bright-side-daily/images/output/midday_encouragement_20260720_101426.png
2026-07-20 10:14:26,716 [INFO] Caption preview: 💪 Don't let a hard season make you forget your worth.

Share this with someone who needs it today! 💛

#YouGotThis #KeepG...
2026-07-20 10:14:32,317 [INFO] ✅ Posted successfully [midday_encouragement]
2026-07-20 10:14:32,324 [INFO] ✅ Slot [midday_encouragement] published successfully!
2026-07-20 10:41:54,001 [INFO] Failed posts list is empty.
2026-07-20 10:41:54,147 [INFO] ──────────────────────────────────────────────────
2026-07-20 10:41:54,147 [INFO] ▶  Running slot: midday_encouragement
2026-07-20 10:41:54,147 [INFO] ──────────────────────────────────────────────────
2026-07-20 10:41:54,186 [INFO] 📝 Content selected: Even when you feel least like a warrior, you are still very much in the fight....
2026-07-20 10:41:54,370 [INFO] Publishing [midday_encouragement] | image: /home/runner/work/bright-side-daily/bright-side-daily/images/output/midday_encouragement_20260720_104154.png
2026-07-20 10:41:54,370 [INFO] Caption preview: 💪 Even when you feel least like a warrior, you are still very much in the fight.

Share this with someone who needs it t...
2026-07-20 10:42:01,213 [INFO] ✅ Posted successfully [midday_encouragement]
2026-07-20 10:42:01,219 [INFO] ✅ Slot [midday_encouragement] published successfully!
2026-07-20 11:42:30,354 [INFO] Failed posts list is empty.
2026-07-20 11:42:30,507 [INFO] ──────────────────────────────────────────────────
2026-07-20 11:42:30,507 [INFO] ▶  Running slot: afternoon_wisdom
2026-07-20 11:42:30,508 [INFO] ──────────────────────────────────────────────────
2026-07-20 11:42:30,546 [ERROR] ❌ Content selection failed: 'afternoon_wisdom'
2026-07-20 12:22:07,520 [INFO] Failed posts list is empty.
2026-07-20 12:22:07,639 [INFO] ──────────────────────────────────────────────────
2026-07-20 12:22:07,639 [INFO] ▶  Running slot: morning_motivation
2026-07-20 12:22:07,639 [INFO] ──────────────────────────────────────────────────
2026-07-20 12:22:07,677 [INFO] 📝 Content selected: Don't lose yourself in the process of becoming successful....
2026-07-20 12:22:07,761 [INFO] Publishing [morning_motivation] | image: /home/runner/work/bright-side-daily/bright-side-daily/images/output/morning_motivation_20260720_122207.png
2026-07-20 12:22:07,761 [INFO] Caption preview: ☀️ Don't lose yourself in the process of becoming successful.

Share this with someone who needs it today! 💛

#Motivatio...
2026-07-20 12:22:13,533 [INFO] ✅ Posted successfully [morning_motivation]
2026-07-20 12:22:13,538 [INFO] ✅ Slot [morning_motivation] published successfully!
2026-07-20 13:03:03,794 [INFO] Failed posts list is empty.
2026-07-20 13:03:03,946 [INFO] ──────────────────────────────────────────────────
2026-07-20 13:03:03,946 [INFO] ▶  Running slot: gratitude_moment
2026-07-20 13:03:03,946 [INFO] ──────────────────────────────────────────────────
2026-07-20 13:03:03,985 [ERROR] ❌ Content selection failed: 'gratitude_moment'
2026-07-20 16:25:32,604 [INFO] Failed posts list is empty.
2026-07-20 16:25:32,726 [INFO] ──────────────────────────────────────────────────
2026-07-20 16:25:32,726 [INFO] ▶  Running slot: evening_reflection
2026-07-20 16:25:32,726 [INFO] ──────────────────────────────────────────────────
2026-07-20 16:25:32,756 [INFO] 📝 Content selected: Your life is an answer to someone's prayer somewhere. Be grateful....
2026-07-20 16:25:32,968 [INFO] Publishing [evening_reflection] | image: /home/runner/work/bright-side-daily/bright-side-daily/images/output/evening_reflection_20260720_162532.png
2026-07-20 16:25:32,968 [INFO] Caption preview: 🌙 Your life is an answer to someone's prayer somewhere. Be grateful.

Share this with someone who needs it today! 💛

#Gr...
2026-07-20 16:25:38,182 [INFO] ✅ Posted successfully [evening_reflection]
2026-07-20 16:25:38,187 [INFO] ✅ Slot [evening_reflection] published successfully!
2026-07-20 17:13:55,760 [INFO] Failed posts list is empty.
2026-07-20 17:13:55,923 [INFO] ──────────────────────────────────────────────────
2026-07-20 17:13:55,923 [INFO] ▶  Running slot: morning_motivation
2026-07-20 17:13:55,923 [INFO] ──────────────────────────────────────────────────
2026-07-20 17:13:55,965 [INFO] 📝 Content selected: Put your whole heart into it. Watch what happens....
2026-07-20 17:13:56,136 [INFO] Publishing [morning_motivation] | image: /home/runner/work/bright-side-daily/bright-side-daily/images/output/morning_motivation_20260720_171356.png
2026-07-20 17:13:56,136 [INFO] Caption preview: ☀️ Put your whole heart into it. Watch what happens.

Share this with someone who needs it today! 💛

#Motivation #Succes...
2026-07-20 17:14:01,802 [INFO] ✅ Posted successfully [morning_motivation]
2026-07-20 17:14:01,808 [INFO] ✅ Slot [morning_motivation] published successfully!
2026-07-20 19:36:56,166 [INFO] Failed posts list is empty.
2026-07-20 19:36:56,316 [INFO] ──────────────────────────────────────────────────
2026-07-20 19:36:56,316 [INFO] ▶  Running slot: morning_motivation
2026-07-20 19:36:56,316 [INFO] ──────────────────────────────────────────────────
2026-07-20 19:36:56,357 [INFO] 📝 Content selected: Be brave enough to live life creatively....
2026-07-20 19:36:56,633 [INFO] Publishing [morning_motivation] | image: /home/runner/work/bright-side-daily/bright-side-daily/images/output/morning_motivation_20260720_193656.png
2026-07-20 19:36:56,633 [INFO] Caption preview: ☀️ Be brave enough to live life creatively.

Share this with someone who needs it today! 💛

#Motivation #Success #Mindse...
2026-07-20 19:37:03,679 [INFO] ✅ Posted successfully [morning_motivation]
2026-07-20 19:37:03,686 [INFO] ✅ Slot [morning_motivation] published successfully!
2026-07-21 07:32:46,221 [INFO] Failed posts list is empty.
2026-07-21 07:32:46,375 [INFO] ──────────────────────────────────────────────────
2026-07-21 07:32:46,375 [INFO] ▶  Running slot: positive_quote
2026-07-21 07:32:46,375 [INFO] ──────────────────────────────────────────────────
2026-07-21 07:32:46,416 [INFO] 📝 Content selected: Life is not measured by the number of breaths we take, but by the moments that t...
2026-07-21 07:32:46,585 [INFO] Publishing [positive_quote] | image: /home/runner/work/bright-side-daily/bright-side-daily/images/output/positive_quote_20260721_073246.png
2026-07-21 07:32:46,585 [INFO] Caption preview: 🌟 Life is not measured by the number of breaths we take, but by the moments that take our breath away.

Share this with ...
2026-07-21 07:32:52,586 [INFO] ✅ Posted successfully [positive_quote]
2026-07-21 07:32:52,592 [INFO] ✅ Slot [positive_quote] published successfully!
2026-07-21 09:28:49,020 [INFO] Failed posts list is empty.
2026-07-21 09:28:49,257 [INFO] ──────────────────────────────────────────────────
2026-07-21 09:28:49,258 [INFO] ▶  Running slot: funny_meme
2026-07-21 09:28:49,258 [INFO] ──────────────────────────────────────────────────
2026-07-21 09:28:49,309 [INFO] 📝 Content selected: When someone sends you a 'we need to talk' and your heart relocates to your stom...
2026-07-21 09:28:49,425 [INFO] Publishing [funny_meme] | image: /home/runner/work/bright-side-daily/bright-side-daily/images/output/funny_meme_20260721_092849.png
2026-07-21 09:28:49,425 [INFO] Caption preview: 😄 When someone sends you a 'we need to talk' and your heart relocates to your stomach.

Tag someone who can relate! 😂

#...
2026-07-21 09:28:55,667 [INFO] ✅ Posted successfully [funny_meme]
2026-07-21 09:28:55,673 [INFO] ✅ Slot [funny_meme] published successfully!
2026-07-21 10:16:03,322 [INFO] Failed posts list is empty.
2026-07-21 10:16:03,427 [INFO] ──────────────────────────────────────────────────
2026-07-21 10:16:03,427 [INFO] ▶  Running slot: midday_encouragement
2026-07-21 10:16:03,427 [INFO] ──────────────────────────────────────────────────
2026-07-21 10:16:03,458 [INFO] 📝 Content selected: Your season of breakthrough is approaching....
2026-07-21 10:16:03,631 [INFO] Publishing [midday_encouragement] | image: /home/runner/work/bright-side-daily/bright-side-daily/images/output/midday_encouragement_20260721_101603.png
2026-07-21 10:16:03,631 [INFO] Caption preview: 💪 Your season of breakthrough is approaching.

Share this with someone who needs it today! 💛

#YouGotThis #KeepGoing #Ne...
2026-07-21 10:16:07,924 [INFO] ✅ Posted successfully [midday_encouragement]
2026-07-21 10:16:07,929 [INFO] ✅ Slot [midday_encouragement] published successfully!
2026-07-21 11:05:45,856 [INFO] Failed posts list is empty.
2026-07-21 11:05:46,005 [INFO] ──────────────────────────────────────────────────
2026-07-21 11:05:46,005 [INFO] ▶  Running slot: afternoon_wisdom
2026-07-21 11:05:46,005 [INFO] ──────────────────────────────────────────────────
2026-07-21 11:05:46,047 [ERROR] ❌ Content selection failed: 'afternoon_wisdom'
2026-07-21 11:52:01,056 [INFO] Failed posts list is empty.
2026-07-21 11:52:01,203 [INFO] ──────────────────────────────────────────────────
2026-07-21 11:52:01,203 [INFO] ▶  Running slot: afternoon_wisdom
2026-07-21 11:52:01,203 [INFO] ──────────────────────────────────────────────────
2026-07-21 11:52:01,245 [ERROR] ❌ Content selection failed: 'afternoon_wisdom'
2026-07-21 12:22:00,846 [INFO] Failed posts list is empty.
2026-07-21 12:22:01,006 [INFO] ──────────────────────────────────────────────────
2026-07-21 12:22:01,006 [INFO] ▶  Running slot: morning_motivation
2026-07-21 12:22:01,006 [INFO] ──────────────────────────────────────────────────
2026-07-21 12:22:01,050 [INFO] 📝 Content selected: Your time is not wasted when invested in growing....
2026-07-21 12:22:01,160 [INFO] Publishing [morning_motivation] | image: /home/runner/work/bright-side-daily/bright-side-daily/images/output/morning_motivation_20260721_122201.png
2026-07-21 12:22:01,160 [INFO] Caption preview: ☀️ Your time is not wasted when invested in growing.

Share this with someone who needs it today! 💛

#Motivation #Succes...
2026-07-21 12:22:31,452 [WARNING] Attempt 1/3 failed: {'code': 1, 'message': 'An unknown error occurred', 'error_subcode': 99}
2026-07-21 12:22:31,452 [INFO] Retrying in 30s...
2026-07-21 12:23:07,055 [INFO] ✅ Posted successfully [morning_motivation]
2026-07-21 12:23:07,061 [INFO] ✅ Slot [morning_motivation] published successfully!
2026-07-21 15:07:47,266 [INFO] Failed posts list is empty.
2026-07-21 15:07:47,383 [INFO] ──────────────────────────────────────────────────
2026-07-21 15:07:47,383 [INFO] ▶  Running slot: engagement_question
2026-07-21 15:07:47,383 [INFO] ──────────────────────────────────────────────────
2026-07-21 15:07:47,424 [INFO] 📝 Content selected: What's a practice that connects you to what matters most in your life?...
2026-07-21 15:07:47,514 [INFO] Publishing [engagement_question] | image: /home/runner/work/bright-side-daily/bright-side-daily/images/output/engagement_question_20260721_150747.png
2026-07-21 15:07:47,514 [INFO] Caption preview: 💬 What's a practice that connects you to what matters most in your life?

Drop your answer in the comments below 👇

#Com...
2026-07-21 15:07:53,150 [INFO] ✅ Posted successfully [engagement_question]
2026-07-21 15:07:53,156 [INFO] ✅ Slot [engagement_question] published successfully!
2026-07-21 16:24:30,564 [INFO] Failed posts list is empty.
2026-07-21 16:24:30,718 [INFO] ──────────────────────────────────────────────────
2026-07-21 16:24:30,718 [INFO] ▶  Running slot: evening_reflection
2026-07-21 16:24:30,718 [INFO] ──────────────────────────────────────────────────
2026-07-21 16:24:30,761 [INFO] 📝 Content selected: Your gratitude is a light that lights the way for others....
2026-07-21 16:24:30,940 [INFO] Publishing [evening_reflection] | image: /home/runner/work/bright-side-daily/bright-side-daily/images/output/evening_reflection_20260721_162430.png
2026-07-21 16:24:30,940 [INFO] Caption preview: 🌙 Your gratitude is a light that lights the way for others.

Share this with someone who needs it today! 💛

#Gratitude #...
2026-07-21 16:24:40,688 [INFO] ✅ Posted successfully [evening_reflection]
2026-07-21 16:24:40,695 [INFO] ✅ Slot [evening_reflection] published successfully!
2026-07-21 17:03:42,117 [INFO] Failed posts list is empty.
2026-07-21 17:03:42,269 [INFO] ──────────────────────────────────────────────────
2026-07-21 17:03:42,269 [INFO] ▶  Running slot: morning_motivation
2026-07-21 17:03:42,269 [INFO] ──────────────────────────────────────────────────
2026-07-21 17:03:42,311 [INFO] 📝 Content selected: Strong people don't put others down. They lift them up....
2026-07-21 17:03:42,524 [INFO] Publishing [morning_motivation] | image: /home/runner/work/bright-side-daily/bright-side-daily/images/output/morning_motivation_20260721_170342.png
2026-07-21 17:03:42,524 [INFO] Caption preview: ☀️ Strong people don't put others down. They lift them up.

Share this with someone who needs it today! 💛

#Motivation #...
2026-07-21 17:03:49,521 [INFO] ✅ Posted successfully [morning_motivation]
2026-07-21 17:03:49,528 [INFO] ✅ Slot [morning_motivation] published successfully!
2026-07-21 19:10:12,476 [INFO] Failed posts list is empty.
2026-07-21 19:10:12,592 [INFO] ──────────────────────────────────────────────────
2026-07-21 19:10:12,592 [INFO] ▶  Running slot: morning_motivation
2026-07-21 19:10:12,592 [INFO] ──────────────────────────────────────────────────
2026-07-21 19:10:12,625 [INFO] 📝 Content selected: Chase your vision so hard the world has no choice but to notice....
2026-07-21 19:10:12,721 [INFO] Publishing [morning_motivation] | image: /home/runner/work/bright-side-daily/bright-side-daily/images/output/morning_motivation_20260721_191012.png
2026-07-21 19:10:12,721 [INFO] Caption preview: ☀️ Chase your vision so hard the world has no choice but to notice.

Share this with someone who needs it today! 💛

#Mot...
2026-07-21 19:10:17,721 [INFO] ✅ Posted successfully [morning_motivation]
2026-07-21 19:10:17,727 [INFO] ✅ Slot [morning_motivation] published successfully!
2026-07-22 07:33:53,963 [INFO] Failed posts list is empty.
2026-07-22 07:33:54,114 [INFO] ──────────────────────────────────────────────────
2026-07-22 07:33:54,114 [INFO] ▶  Running slot: positive_quote
2026-07-22 07:33:54,114 [INFO] ──────────────────────────────────────────────────
2026-07-22 07:33:54,157 [INFO] 📝 Content selected: Let life surprise you with its goodness....
2026-07-22 07:33:54,289 [INFO] Publishing [positive_quote] | image: /home/runner/work/bright-side-daily/bright-side-daily/images/output/positive_quote_20260722_073354.png
2026-07-22 07:33:54,289 [INFO] Caption preview: 🌟 Let life surprise you with its goodness.

Share this with someone who needs it today! 💛

#PositiveVibes #HappyLife #Go...
2026-07-22 07:34:00,069 [INFO] ✅ Posted successfully [positive_quote]
2026-07-22 07:34:00,076 [INFO] ✅ Slot [positive_quote] published successfully!
2026-07-22 09:28:05,600 [INFO] Failed posts list is empty.
2026-07-22 09:28:05,746 [INFO] ──────────────────────────────────────────────────
2026-07-22 09:28:05,746 [INFO] ▶  Running slot: funny_meme
2026-07-22 09:28:05,747 [INFO] ──────────────────────────────────────────────────
2026-07-22 09:28:05,790 [INFO] 📝 Content selected: The loyalty I show to a pen that has run out of ink....
2026-07-22 09:28:05,942 [INFO] Publishing [funny_meme] | image: /home/runner/work/bright-side-daily/bright-side-daily/images/output/funny_meme_20260722_092805.png
2026-07-22 09:28:05,942 [INFO] Caption preview: 😄 The loyalty I show to a pen that has run out of ink.

Tag someone who can relate! 😂

#RelatableLife #Funny #MondayMood...
2026-07-22 09:28:23,095 [INFO] ✅ Posted successfully [funny_meme]
2026-07-22 09:28:23,101 [INFO] ✅ Slot [funny_meme] published successfully!
2026-07-22 10:15:30,708 [INFO] Failed posts list is empty.
2026-07-22 10:15:30,860 [INFO] ──────────────────────────────────────────────────
2026-07-22 10:15:30,860 [INFO] ▶  Running slot: midday_encouragement
2026-07-22 10:15:30,860 [INFO] ──────────────────────────────────────────────────
2026-07-22 10:15:30,905 [INFO] 📝 Content selected: In your hardest moment, you are doing something extraordinary....
2026-07-22 10:15:31,012 [INFO] Publishing [midday_encouragement] | image: /home/runner/work/bright-side-daily/bright-side-daily/images/output/midday_encouragement_20260722_101530.png
2026-07-22 10:15:31,012 [INFO] Caption preview: 💪 In your hardest moment, you are doing something extraordinary.

Share this with someone who needs it today! 💛

#YouGot...
2026-07-22 10:15:36,396 [INFO] ✅ Posted successfully [midday_encouragement]
2026-07-22 10:15:36,402 [INFO] ✅ Slot [midday_encouragement] published successfully!
2026-07-22 11:06:34,882 [INFO] Failed posts list is empty.
2026-07-22 11:06:34,977 [INFO] ──────────────────────────────────────────────────
2026-07-22 11:06:34,977 [INFO] ▶  Running slot: afternoon_wisdom
2026-07-22 11:06:34,977 [INFO] ──────────────────────────────────────────────────
2026-07-22 11:06:35,006 [ERROR] ❌ Content selection failed: 'afternoon_wisdom'
2026-07-22 11:54:12,918 [INFO] Failed posts list is empty.
2026-07-22 11:54:13,049 [INFO] ──────────────────────────────────────────────────
2026-07-22 11:54:13,049 [INFO] ▶  Running slot: afternoon_wisdom
2026-07-22 11:54:13,049 [INFO] ──────────────────────────────────────────────────
2026-07-22 11:54:13,093 [ERROR] ❌ Content selection failed: 'afternoon_wisdom'
2026-07-22 12:23:23,500 [INFO] Failed posts list is empty.
2026-07-22 12:23:23,649 [INFO] ──────────────────────────────────────────────────
2026-07-22 12:23:23,649 [INFO] ▶  Running slot: morning_motivation
2026-07-22 12:23:23,649 [INFO] ──────────────────────────────────────────────────
2026-07-22 12:23:23,694 [INFO] 📝 Content selected: Your discipline will outlast any talent in the room....
2026-07-22 12:23:23,875 [INFO] Publishing [morning_motivation] | image: /home/runner/work/bright-side-daily/bright-side-daily/images/output/morning_motivation_20260722_122323.png
2026-07-22 12:23:23,875 [INFO] Caption preview: ☀️ Your discipline will outlast any talent in the room.

Share this with someone who needs it today! 💛

#Motivation #Suc...
2026-07-22 12:23:31,401 [INFO] ✅ Posted successfully [morning_motivation]
2026-07-22 12:23:31,408 [INFO] ✅ Slot [morning_motivation] published successfully!
2026-07-22 15:08:11,631 [INFO] Failed posts list is empty.
2026-07-22 15:08:11,781 [INFO] ──────────────────────────────────────────────────
2026-07-22 15:08:11,782 [INFO] ▶  Running slot: engagement_question
2026-07-22 15:08:11,782 [INFO] ──────────────────────────────────────────────────
2026-07-22 15:08:11,828 [INFO] 📝 Content selected: What's a conversation that changed your life?...
2026-07-22 15:08:11,964 [INFO] Publishing [engagement_question] | image: /home/runner/work/bright-side-daily/bright-side-daily/images/output/engagement_question_20260722_150811.png
2026-07-22 15:08:11,965 [INFO] Caption preview: 💬 What's a conversation that changed your life?

Drop your answer in the comments below 👇

#Community #ShareYourThoughts...
2026-07-22 15:08:17,935 [INFO] ✅ Posted successfully [engagement_question]
2026-07-22 15:08:18,162 [INFO] ✅ Slot [engagement_question] published successfully!
2026-07-22 16:21:09,998 [INFO] Failed posts list is empty.
2026-07-22 16:21:10,156 [INFO] ──────────────────────────────────────────────────
2026-07-22 16:21:10,156 [INFO] ▶  Running slot: evening_reflection
2026-07-22 16:21:10,156 [INFO] ──────────────────────────────────────────────────
2026-07-22 16:21:10,202 [INFO] 📝 Content selected: A heart full of thanks has no room for bitterness....
2026-07-22 16:21:10,318 [INFO] Publishing [evening_reflection] | image: /home/runner/work/bright-side-daily/bright-side-daily/images/output/evening_reflection_20260722_162110.png
2026-07-22 16:21:10,318 [INFO] Caption preview: 🌙 A heart full of thanks has no room for bitterness.

Share this with someone who needs it today! 💛

#Gratitude #Thankfu...
2026-07-22 16:21:15,401 [INFO] ✅ Posted successfully [evening_reflection]
2026-07-22 16:21:15,408 [INFO] ✅ Slot [evening_reflection] published successfully!
2026-07-22 17:03:26,129 [INFO] Failed posts list is empty.
2026-07-22 17:03:26,236 [INFO] ──────────────────────────────────────────────────
2026-07-22 17:03:26,236 [INFO] ▶  Running slot: morning_motivation
2026-07-22 17:03:26,236 [INFO] ──────────────────────────────────────────────────
2026-07-22 17:03:26,268 [INFO] 📝 Content selected: Stop wishing and start doing....
2026-07-22 17:03:26,566 [INFO] Publishing [morning_motivation] | image: /home/runner/work/bright-side-daily/bright-side-daily/images/output/morning_motivation_20260722_170326.png
2026-07-22 17:03:26,566 [INFO] Caption preview: ☀️ Stop wishing and start doing.

Share this with someone who needs it today! 💛

#Motivation #Success #MindsetMatters #D...
2026-07-22 17:03:31,703 [INFO] ✅ Posted successfully [morning_motivation]
2026-07-22 17:03:31,708 [INFO] ✅ Slot [morning_motivation] published successfully!
2026-07-22 19:04:10,428 [INFO] Failed posts list is empty.
2026-07-22 19:04:10,596 [INFO] ──────────────────────────────────────────────────
2026-07-22 19:04:10,596 [INFO] ▶  Running slot: morning_motivation
2026-07-22 19:04:10,596 [INFO] ──────────────────────────────────────────────────
2026-07-22 19:04:10,645 [INFO] 📝 Content selected: Your actions are your legacy....
2026-07-22 19:04:10,788 [INFO] Publishing [morning_motivation] | image: /home/runner/work/bright-side-daily/bright-side-daily/images/output/morning_motivation_20260722_190410.png
2026-07-22 19:04:10,788 [INFO] Caption preview: ☀️ Your actions are your legacy.

Share this with someone who needs it today! 💛

#Motivation #Success #MindsetMatters #D...
2026-07-22 19:04:15,827 [INFO] ✅ Posted successfully [morning_motivation]
2026-07-22 19:04:15,894 [INFO] ✅ Slot [morning_motivation] published successfully!
2026-07-23 07:32:31,178 [INFO] Failed posts list is empty.
2026-07-23 07:32:31,338 [INFO] ──────────────────────────────────────────────────
2026-07-23 07:32:31,338 [INFO] ▶  Running slot: positive_quote
2026-07-23 07:32:31,338 [INFO] ──────────────────────────────────────────────────
2026-07-23 07:32:31,384 [INFO] 📝 Content selected: Every time you choose kindness, the world gets a little better....
2026-07-23 07:32:31,543 [INFO] Publishing [positive_quote] | image: /home/runner/work/bright-side-daily/bright-side-daily/images/output/positive_quote_20260723_073231.png
2026-07-23 07:32:31,543 [INFO] Caption preview: 🌟 Every time you choose kindness, the world gets a little better.

Share this with someone who needs it today! 💛

#Posit...
2026-07-23 07:32:37,197 [INFO] ✅ Posted successfully [positive_quote]
2026-07-23 07:32:37,206 [INFO] ✅ Slot [positive_quote] published successfully!
2026-07-23 09:25:16,107 [INFO] Failed posts list is empty.
2026-07-23 09:25:16,248 [INFO] ──────────────────────────────────────────────────
2026-07-23 09:25:16,248 [INFO] ▶  Running slot: funny_meme
2026-07-23 09:25:16,248 [INFO] ──────────────────────────────────────────────────
2026-07-23 09:25:16,294 [INFO] 📝 Content selected: The look of confidence I put on every Monday pretending this week will be differ...
2026-07-23 09:25:16,413 [INFO] Publishing [funny_meme] | image: /home/runner/work/bright-side-daily/bright-side-daily/images/output/funny_meme_20260723_092516.png
2026-07-23 09:25:16,413 [INFO] Caption preview: 😄 The look of confidence I put on every Monday pretending this week will be different.

Tag someone who can relate! 😂

#...
2026-07-23 09:25:20,842 [INFO] ✅ Posted successfully [funny_meme]
2026-07-23 09:25:20,849 [INFO] ✅ Slot [funny_meme] published successfully!
2026-07-23 10:12:01,947 [INFO] Failed posts list is empty.
2026-07-23 10:12:02,036 [INFO] ──────────────────────────────────────────────────
2026-07-23 10:12:02,036 [INFO] ▶  Running slot: midday_encouragement
2026-07-23 10:12:02,036 [INFO] ──────────────────────────────────────────────────
2026-07-23 10:12:02,065 [INFO] 📝 Content selected: You are not your mistakes. You are your potential....
2026-07-23 10:12:02,208 [INFO] Publishing [midday_encouragement] | image: /home/runner/work/bright-side-daily/bright-side-daily/images/output/midday_encouragement_20260723_101202.png
2026-07-23 10:12:02,208 [INFO] Caption preview: 💪 You are not your mistakes. You are your potential.

Share this with someone who needs it today! 💛

#YouGotThis #KeepGo...
2026-07-23 10:12:07,834 [INFO] ✅ Posted successfully [midday_encouragement]
2026-07-23 10:12:07,838 [INFO] ✅ Slot [midday_encouragement] published successfully!
2026-07-23 11:06:49,362 [INFO] Failed posts list is empty.
2026-07-23 11:06:49,510 [INFO] ──────────────────────────────────────────────────
2026-07-23 11:06:49,511 [INFO] ▶  Running slot: afternoon_wisdom
2026-07-23 11:06:49,511 [INFO] ──────────────────────────────────────────────────
2026-07-23 11:06:49,557 [ERROR] ❌ Content selection failed: 'afternoon_wisdom'
2026-07-23 11:55:22,477 [INFO] Failed posts list is empty.
2026-07-23 11:55:22,633 [INFO] ──────────────────────────────────────────────────
2026-07-23 11:55:22,633 [INFO] ▶  Running slot: afternoon_wisdom
2026-07-23 11:55:22,633 [INFO] ──────────────────────────────────────────────────
2026-07-23 11:55:22,682 [ERROR] ❌ Content selection failed: 'afternoon_wisdom'
2026-07-23 12:21:43,815 [INFO] Failed posts list is empty.
2026-07-23 12:21:43,952 [INFO] ──────────────────────────────────────────────────
2026-07-23 12:21:43,952 [INFO] ▶  Running slot: morning_motivation
2026-07-23 12:21:43,952 [INFO] ──────────────────────────────────────────────────
2026-07-23 12:21:44,000 [INFO] 📝 Content selected: Stop looking for shortcuts. There aren't any to where you want to go....
2026-07-23 12:21:44,131 [INFO] Publishing [morning_motivation] | image: /home/runner/work/bright-side-daily/bright-side-daily/images/output/morning_motivation_20260723_122144.png
2026-07-23 12:21:44,131 [INFO] Caption preview: ☀️ Stop looking for shortcuts. There aren't any to where you want to go.

Share this with someone who needs it today! 💛
...
2026-07-23 12:21:48,849 [INFO] ✅ Posted successfully [morning_motivation]
2026-07-23 12:21:48,855 [INFO] ✅ Slot [morning_motivation] published successfully!
2026-07-23 15:14:36,351 [INFO] Failed posts list is empty.
2026-07-23 15:14:36,473 [INFO] ──────────────────────────────────────────────────
2026-07-23 15:14:36,473 [INFO] ▶  Running slot: engagement_question
2026-07-23 15:14:36,474 [INFO] ──────────────────────────────────────────────────
2026-07-23 15:14:36,516 [INFO] 📝 Content selected: What are you becoming right now — and are you proud of it?...
2026-07-23 15:14:36,613 [INFO] Publishing [engagement_question] | image: /home/runner/work/bright-side-daily/bright-side-daily/images/output/engagement_question_20260723_151436.png
2026-07-23 15:14:36,614 [INFO] Caption preview: 💬 What are you becoming right now — and are you proud of it?

Drop your answer in the comments below 👇

#Community #Shar...
2026-07-23 15:14:41,566 [INFO] ✅ Posted successfully [engagement_question]
2026-07-23 15:14:41,572 [INFO] ✅ Slot [engagement_question] published successfully!
2026-07-23 16:37:12,440 [INFO] Failed posts list is empty.
2026-07-23 16:37:12,594 [INFO] ──────────────────────────────────────────────────
2026-07-23 16:37:12,594 [INFO] ▶  Running slot: evening_reflection
2026-07-23 16:37:12,594 [INFO] ──────────────────────────────────────────────────
2026-07-23 16:37:12,642 [INFO] 📝 Content selected: Look back and say thank you. Look ahead and say I'm ready....
2026-07-23 16:37:12,752 [INFO] Publishing [evening_reflection] | image: /home/runner/work/bright-side-daily/bright-side-daily/images/output/evening_reflection_20260723_163712.png
2026-07-23 16:37:12,752 [INFO] Caption preview: 🌙 Look back and say thank you. Look ahead and say I'm ready.

Share this with someone who needs it today! 💛

#Gratitude ...
2026-07-23 16:37:26,945 [INFO] ✅ Posted successfully [evening_reflection]
2026-07-23 16:37:26,953 [INFO] ✅ Slot [evening_reflection] published successfully!
2026-07-23 17:06:31,892 [INFO] Failed posts list is empty.
2026-07-23 17:06:32,044 [INFO] ──────────────────────────────────────────────────
2026-07-23 17:06:32,044 [INFO] ▶  Running slot: morning_motivation
2026-07-23 17:06:32,044 [INFO] ──────────────────────────────────────────────────
2026-07-23 17:06:32,091 [INFO] 📝 Content selected: You were created to create....
2026-07-23 17:06:32,197 [INFO] Publishing [morning_motivation] | image: /home/runner/work/bright-side-daily/bright-side-daily/images/output/morning_motivation_20260723_170632.png
2026-07-23 17:06:32,198 [INFO] Caption preview: ☀️ You were created to create.

Share this with someone who needs it today! 💛

#Motivation #Success #MindsetMatters #Dai...
2026-07-23 17:06:36,641 [INFO] ✅ Posted successfully [morning_motivation]
2026-07-23 17:06:36,648 [INFO] ✅ Slot [morning_motivation] published successfully!
2026-07-23 19:05:22,686 [INFO] Failed posts list is empty.
2026-07-23 19:05:22,833 [INFO] ──────────────────────────────────────────────────
2026-07-23 19:05:22,833 [INFO] ▶  Running slot: morning_motivation
2026-07-23 19:05:22,833 [INFO] ──────────────────────────────────────────────────
2026-07-23 19:05:22,882 [INFO] 📝 Content selected: Do more than survive. Thrive....
2026-07-23 19:05:23,047 [INFO] Publishing [morning_motivation] | image: /home/runner/work/bright-side-daily/bright-side-daily/images/output/morning_motivation_20260723_190522.png
2026-07-23 19:05:23,047 [INFO] Caption preview: ☀️ Do more than survive. Thrive.

Share this with someone who needs it today! 💛

#Motivation #Success #MindsetMatters #D...
2026-07-23 19:05:26,529 [INFO] ✅ Posted successfully [morning_motivation]
2026-07-23 19:05:26,536 [INFO] ✅ Slot [morning_motivation] published successfully!
2026-07-24 07:31:04,737 [INFO] Failed posts list is empty.
2026-07-24 07:31:04,885 [INFO] ──────────────────────────────────────────────────
2026-07-24 07:31:04,885 [INFO] ▶  Running slot: positive_quote
2026-07-24 07:31:04,885 [INFO] ──────────────────────────────────────────────────
2026-07-24 07:31:04,949 [INFO] 📝 Content selected: Be the warmth in someone's cold day....
2026-07-24 07:31:05,221 [INFO] Publishing [positive_quote] | image: /home/runner/work/bright-side-daily/bright-side-daily/images/output/positive_quote_20260724_073105.png
2026-07-24 07:31:05,221 [INFO] Caption preview: 🌟 Be the warmth in someone's cold day.

Share this with someone who needs it today! 💛

#PositiveVibes #HappyLife #GoodVi...
2026-07-24 07:31:10,611 [INFO] ✅ Posted successfully [positive_quote]
2026-07-24 07:31:10,618 [INFO] ✅ Slot [positive_quote] published successfully!
2026-07-24 09:22:49,068 [INFO] Failed posts list is empty.
2026-07-24 09:22:49,192 [INFO] ──────────────────────────────────────────────────
2026-07-24 09:22:49,192 [INFO] ▶  Running slot: funny_meme
2026-07-24 09:22:49,192 [INFO] ──────────────────────────────────────────────────
2026-07-24 09:22:49,230 [INFO] 📝 Content selected: Me starting to make something and realizing I don't have a key ingredient....
2026-07-24 09:22:49,456 [INFO] Publishing [funny_meme] | image: /home/runner/work/bright-side-daily/bright-side-daily/images/output/funny_meme_20260724_092249.png
2026-07-24 09:22:49,456 [INFO] Caption preview: 😄 Me starting to make something and realizing I don't have a key ingredient.

Tag someone who can relate! 😂

#RelatableL...
2026-07-24 09:22:58,032 [INFO] ✅ Posted successfully [funny_meme]
2026-07-24 09:22:58,037 [INFO] ✅ Slot [funny_meme] published successfully!
2026-07-24 10:08:20,976 [INFO] Failed posts list is empty.
2026-07-24 10:08:21,130 [INFO] ──────────────────────────────────────────────────
2026-07-24 10:08:21,131 [INFO] ▶  Running slot: midday_encouragement
2026-07-24 10:08:21,131 [INFO] ──────────────────────────────────────────────────
2026-07-24 10:08:21,180 [INFO] 📝 Content selected: Your resilience is your superpower....
2026-07-24 10:08:21,284 [INFO] Publishing [midday_encouragement] | image: /home/runner/work/bright-side-daily/bright-side-daily/images/output/midday_encouragement_20260724_100821.png
2026-07-24 10:08:21,284 [INFO] Caption preview: 💪 Your resilience is your superpower.

Share this with someone who needs it today! 💛

#YouGotThis #KeepGoing #NeverGiveU...
2026-07-24 10:08:28,016 [INFO] ✅ Posted successfully [midday_encouragement]
2026-07-24 10:08:28,023 [INFO] ✅ Slot [midday_encouragement] published successfully!
2026-07-24 11:01:16,772 [INFO] Failed posts list is empty.
2026-07-24 11:01:16,900 [INFO] ──────────────────────────────────────────────────
2026-07-24 11:01:16,900 [INFO] ▶  Running slot: afternoon_wisdom
2026-07-24 11:01:16,900 [INFO] ──────────────────────────────────────────────────
2026-07-24 11:01:16,953 [ERROR] ❌ Content selection failed: 'afternoon_wisdom'
2026-07-24 11:47:32,468 [INFO] Failed posts list is empty.
2026-07-24 11:47:32,612 [INFO] ──────────────────────────────────────────────────
2026-07-24 11:47:32,612 [INFO] ▶  Running slot: afternoon_wisdom
2026-07-24 11:47:32,612 [INFO] ──────────────────────────────────────────────────
2026-07-24 11:47:32,662 [ERROR] ❌ Content selection failed: 'afternoon_wisdom'
2026-07-24 12:16:46,442 [INFO] Failed posts list is empty.
2026-07-24 12:16:46,593 [INFO] ──────────────────────────────────────────────────
2026-07-24 12:16:46,593 [INFO] ▶  Running slot: morning_motivation
2026-07-24 12:16:46,593 [INFO] ──────────────────────────────────────────────────
2026-07-24 12:16:46,641 [INFO] 📝 Content selected: Make your weaknesses your greatest strengths....
2026-07-24 12:16:46,754 [INFO] Publishing [morning_motivation] | image: /home/runner/work/bright-side-daily/bright-side-daily/images/output/morning_motivation_20260724_121646.png
2026-07-24 12:16:46,754 [INFO] Caption preview: ☀️ Make your weaknesses your greatest strengths.

Share this with someone who needs it today! 💛

#Motivation #Success #M...
2026-07-24 12:16:51,880 [INFO] ✅ Posted successfully [morning_motivation]
2026-07-24 12:16:51,887 [INFO] ✅ Slot [morning_motivation] published successfully!
2026-07-24 15:00:06,343 [INFO] Failed posts list is empty.
2026-07-24 15:00:06,495 [INFO] ──────────────────────────────────────────────────
2026-07-24 15:00:06,495 [INFO] ▶  Running slot: engagement_question
2026-07-24 15:00:06,495 [INFO] ──────────────────────────────────────────────────
2026-07-24 15:00:06,544 [INFO] 📝 Content selected: What's something you do every day that other people might find surprising?...
2026-07-24 15:00:06,681 [INFO] Publishing [engagement_question] | image: /home/runner/work/bright-side-daily/bright-side-daily/images/output/engagement_question_20260724_150006.png
2026-07-24 15:00:06,681 [INFO] Caption preview: 💬 What's something you do every day that other people might find surprising?

Drop your answer in the comments below 👇

...
2026-07-24 15:00:10,138 [INFO] ✅ Posted successfully [engagement_question]
2026-07-24 15:00:10,145 [INFO] ✅ Slot [engagement_question] published successfully!
2026-07-24 16:44:27,901 [INFO] Failed posts list is empty.
2026-07-24 16:44:28,042 [INFO] ──────────────────────────────────────────────────
2026-07-24 16:44:28,042 [INFO] ▶  Running slot: evening_reflection
2026-07-24 16:44:28,042 [INFO] ──────────────────────────────────────────────────
2026-07-24 16:44:28,092 [INFO] 📝 Content selected: Gratitude is how you honor the life you've been given....
2026-07-24 16:44:28,372 [INFO] Publishing [evening_reflection] | image: /home/runner/work/bright-side-daily/bright-side-daily/images/output/evening_reflection_20260724_164428.png
2026-07-24 16:44:28,372 [INFO] Caption preview: 🌙 Gratitude is how you honor the life you've been given.

Share this with someone who needs it today! 💛

#Gratitude #Tha...
2026-07-24 16:44:35,714 [INFO] ✅ Posted successfully [evening_reflection]
2026-07-24 16:44:35,721 [INFO] ✅ Slot [evening_reflection] published successfully!
2026-07-24 17:16:49,140 [INFO] Failed posts list is empty.
2026-07-24 17:16:49,279 [INFO] ──────────────────────────────────────────────────
2026-07-24 17:16:49,279 [INFO] ▶  Running slot: morning_motivation
2026-07-24 17:16:49,279 [INFO] ──────────────────────────────────────────────────
2026-07-24 17:16:49,329 [INFO] 📝 Content selected: You are a warrior, not a worrier....
2026-07-24 17:16:49,433 [INFO] Publishing [morning_motivation] | image: /home/runner/work/bright-side-daily/bright-side-daily/images/output/morning_motivation_20260724_171649.png
2026-07-24 17:16:49,433 [INFO] Caption preview: ☀️ You are a warrior, not a worrier.

Share this with someone who needs it today! 💛

#Motivation #Success #MindsetMatter...
2026-07-24 17:17:13,417 [INFO] ✅ Posted successfully [morning_motivation]
2026-07-24 17:17:13,424 [INFO] ✅ Slot [morning_motivation] published successfully!
2026-07-24 19:16:54,491 [INFO] Failed posts list is empty.
2026-07-24 19:16:54,637 [INFO] ──────────────────────────────────────────────────
2026-07-24 19:16:54,637 [INFO] ▶  Running slot: morning_motivation
2026-07-24 19:16:54,637 [INFO] ──────────────────────────────────────────────────
2026-07-24 19:16:54,687 [INFO] 📝 Content selected: Nothing great was ever built without persistence....
2026-07-24 19:16:54,855 [INFO] Publishing [morning_motivation] | image: /home/runner/work/bright-side-daily/bright-side-daily/images/output/morning_motivation_20260724_191654.png
2026-07-24 19:16:54,855 [INFO] Caption preview: ☀️ Nothing great was ever built without persistence.

Share this with someone who needs it today! 💛

#Motivation #Succes...
2026-07-24 19:16:59,987 [INFO] ✅ Posted successfully [morning_motivation]
2026-07-24 19:16:59,994 [INFO] ✅ Slot [morning_motivation] published successfully!
2026-07-25 07:16:45,217 [INFO] Failed posts list is empty.
2026-07-25 07:16:45,337 [INFO] ──────────────────────────────────────────────────
2026-07-25 07:16:45,337 [INFO] ▶  Running slot: positive_quote
2026-07-25 07:16:45,337 [INFO] ──────────────────────────────────────────────────
2026-07-25 07:16:45,379 [INFO] 📝 Content selected: You are the most important project you'll ever work on....
2026-07-25 07:16:45,472 [INFO] Publishing [positive_quote] | image: /home/runner/work/bright-side-daily/bright-side-daily/images/output/positive_quote_20260725_071645.png
2026-07-25 07:16:45,472 [INFO] Caption preview: 🌟 You are the most important project you'll ever work on.

Share this with someone who needs it today! 💛

#PositiveVibes...
2026-07-25 07:16:54,711 [INFO] ✅ Posted successfully [positive_quote]
2026-07-25 07:16:54,717 [INFO] ✅ Slot [positive_quote] published successfully!
2026-07-25 09:01:51,291 [INFO] Failed posts list is empty.
2026-07-25 09:01:51,448 [INFO] ──────────────────────────────────────────────────
2026-07-25 09:01:51,448 [INFO] ▶  Running slot: funny_meme
2026-07-25 09:01:51,448 [INFO] ──────────────────────────────────────────────────
2026-07-25 09:01:51,498 [INFO] 📝 Content selected: My New Year's resolution every January: This year will be different. Every Febru...
2026-07-25 09:01:51,555 [INFO] Publishing [funny_meme] | image: /home/runner/work/bright-side-daily/bright-side-daily/images/output/funny_meme_20260725_090151.png
2026-07-25 09:01:51,555 [INFO] Caption preview: 😄 My New Year's resolution every January: This year will be different. Every February: No it won't.

Tag someone who can...
2026-07-25 09:01:56,066 [INFO] ✅ Posted successfully [funny_meme]
2026-07-25 09:01:56,074 [INFO] ✅ Slot [funny_meme] published successfully!
2026-07-25 09:28:22,679 [INFO] Failed posts list is empty.
2026-07-25 09:28:22,825 [INFO] ──────────────────────────────────────────────────
2026-07-25 09:28:22,826 [INFO] ▶  Running slot: funny_meme
2026-07-25 09:28:22,826 [INFO] ──────────────────────────────────────────────────
2026-07-25 09:28:22,877 [INFO] 📝 Content selected: The very brave act of asking for help when you've been struggling in silence for...
2026-07-25 09:28:22,994 [INFO] Publishing [funny_meme] | image: /home/runner/work/bright-side-daily/bright-side-daily/images/output/funny_meme_20260725_092822.png
2026-07-25 09:28:22,994 [INFO] Caption preview: 😄 The very brave act of asking for help when you've been struggling in silence for too long.

Tag someone who can relate...
2026-07-25 09:28:28,006 [INFO] ✅ Posted successfully [funny_meme]
2026-07-25 09:28:28,013 [INFO] ✅ Slot [funny_meme] published successfully!
2026-07-25 10:24:51,289 [INFO] Failed posts list is empty.
2026-07-25 10:24:51,438 [INFO] ──────────────────────────────────────────────────
2026-07-25 10:24:51,438 [INFO] ▶  Running slot: midday_encouragement
2026-07-25 10:24:51,438 [INFO] ──────────────────────────────────────────────────
2026-07-25 10:24:51,488 [INFO] 📝 Content selected: Never underestimate the power of one more try....
2026-07-25 10:24:51,594 [INFO] Publishing [midday_encouragement] | image: /home/runner/work/bright-side-daily/bright-side-daily/images/output/midday_encouragement_20260725_102451.png
2026-07-25 10:24:51,594 [INFO] Caption preview: 💪 Never underestimate the power of one more try.

Share this with someone who needs it today! 💛

#YouGotThis #KeepGoing ...
2026-07-25 10:24:57,161 [INFO] ✅ Posted successfully [midday_encouragement]
2026-07-25 10:24:57,168 [INFO] ✅ Slot [midday_encouragement] published successfully!
2026-07-25 11:17:59,408 [INFO] Failed posts list is empty.
2026-07-25 11:17:59,524 [INFO] ──────────────────────────────────────────────────
2026-07-25 11:17:59,525 [INFO] ▶  Running slot: afternoon_wisdom
2026-07-25 11:17:59,525 [INFO] ──────────────────────────────────────────────────
2026-07-25 11:17:59,571 [ERROR] ❌ Content selection failed: 'afternoon_wisdom'
2026-07-25 12:02:03,117 [INFO] Failed posts list is empty.
2026-07-25 12:02:03,263 [INFO] ──────────────────────────────────────────────────
2026-07-25 12:02:03,263 [INFO] ▶  Running slot: morning_motivation
2026-07-25 12:02:03,263 [INFO] ──────────────────────────────────────────────────
2026-07-25 12:02:03,315 [INFO] 📝 Content selected: Success loves the prepared. Prepare every day....
2026-07-25 12:02:03,536 [INFO] Publishing [morning_motivation] | image: /home/runner/work/bright-side-daily/bright-side-daily/images/output/morning_motivation_20260725_120203.png
2026-07-25 12:02:03,537 [INFO] Caption preview: ☀️ Success loves the prepared. Prepare every day.

Share this with someone who needs it today! 💛

#Motivation #Success #...
2026-07-25 12:02:11,585 [INFO] ✅ Posted successfully [morning_motivation]
2026-07-25 12:02:11,592 [INFO] ✅ Slot [morning_motivation] published successfully!
2026-07-25 14:39:32,439 [INFO] Failed posts list is empty.
2026-07-25 14:39:32,586 [INFO] ──────────────────────────────────────────────────
2026-07-25 14:39:32,587 [INFO] ▶  Running slot: morning_motivation
2026-07-25 14:39:32,587 [INFO] ──────────────────────────────────────────────────
2026-07-25 14:39:32,638 [INFO] 📝 Content selected: Exceed your own expectations. Then do it again....
2026-07-25 14:39:32,813 [INFO] Publishing [morning_motivation] | image: /home/runner/work/bright-side-daily/bright-side-daily/images/output/morning_motivation_20260725_143932.png
2026-07-25 14:39:32,813 [INFO] Caption preview: ☀️ Exceed your own expectations. Then do it again.

Share this with someone who needs it today! 💛

#Motivation #Success ...
2026-07-25 14:39:41,312 [INFO] ✅ Posted successfully [morning_motivation]
2026-07-25 14:39:41,319 [INFO] ✅ Slot [morning_motivation] published successfully!
2026-07-25 16:05:43,169 [INFO] Failed posts list is empty.
2026-07-25 16:05:43,319 [INFO] ──────────────────────────────────────────────────
2026-07-25 16:05:43,319 [INFO] ▶  Running slot: evening_reflection
2026-07-25 16:05:43,319 [INFO] ──────────────────────────────────────────────────
2026-07-25 16:05:43,372 [INFO] 📝 Content selected: Your gratitude today is planting seeds for tomorrow's harvest....
2026-07-25 16:05:43,642 [INFO] Publishing [evening_reflection] | image: /home/runner/work/bright-side-daily/bright-side-daily/images/output/evening_reflection_20260725_160543.png
2026-07-25 16:05:43,642 [INFO] Caption preview: 🌙 Your gratitude today is planting seeds for tomorrow's harvest.

Share this with someone who needs it today! 💛

#Gratit...
2026-07-25 16:05:49,579 [INFO] ✅ Posted successfully [evening_reflection]
2026-07-25 16:05:49,586 [INFO] ✅ Slot [evening_reflection] published successfully!
2026-07-25 16:40:18,281 [INFO] Failed posts list is empty.
2026-07-25 16:40:18,397 [INFO] ──────────────────────────────────────────────────
2026-07-25 16:40:18,397 [INFO] ▶  Running slot: evening_reflection
2026-07-25 16:40:18,397 [INFO] ──────────────────────────────────────────────────
2026-07-25 16:40:18,443 [INFO] 📝 Content selected: A grateful person is a rich person....
2026-07-25 16:40:18,760 [INFO] Publishing [evening_reflection] | image: /home/runner/work/bright-side-daily/bright-side-daily/images/output/evening_reflection_20260725_164018.png
2026-07-25 16:40:18,760 [INFO] Caption preview: 🌙 A grateful person is a rich person.

Share this with someone who needs it today! 💛

#Gratitude #Thankful #CountYourBle...
2026-07-25 16:40:26,649 [INFO] ✅ Posted successfully [evening_reflection]
2026-07-25 16:40:26,655 [INFO] ✅ Slot [evening_reflection] published successfully!
2026-07-25 18:58:44,591 [INFO] Failed posts list is empty.
2026-07-25 18:58:44,733 [INFO] ──────────────────────────────────────────────────
2026-07-25 18:58:44,733 [INFO] ▶  Running slot: night_inspiration
2026-07-25 18:58:44,733 [INFO] ──────────────────────────────────────────────────
2026-07-25 18:58:44,784 [ERROR] ❌ Content selection failed: 'night_inspiration'
2026-07-26 07:35:25,972 [INFO] Failed posts list is empty.
2026-07-26 07:35:26,089 [INFO] ──────────────────────────────────────────────────
2026-07-26 07:35:26,089 [INFO] ▶  Running slot: positive_quote
2026-07-26 07:35:26,089 [INFO] ──────────────────────────────────────────────────
2026-07-26 07:35:26,129 [INFO] 📝 Content selected: Your simple presence makes the world feel more like home for someone....
2026-07-26 07:35:26,214 [INFO] Publishing [positive_quote] | image: /home/runner/work/bright-side-daily/bright-side-daily/images/output/positive_quote_20260726_073526.png
2026-07-26 07:35:26,214 [INFO] Caption preview: 🌟 Your simple presence makes the world feel more like home for someone.

Share this with someone who needs it today! 💛

...
2026-07-26 07:35:32,800 [INFO] ✅ Posted successfully [positive_quote]
2026-07-26 07:35:32,831 [INFO] ✅ Slot [positive_quote] published successfully!
2026-07-26 09:14:21,174 [INFO] Failed posts list is empty.
2026-07-26 09:14:21,320 [INFO] ──────────────────────────────────────────────────
2026-07-26 09:14:21,320 [INFO] ▶  Running slot: funny_meme
2026-07-26 09:14:21,320 [INFO] ──────────────────────────────────────────────────
2026-07-26 09:14:21,372 [INFO] 📝 Content selected: Me at the start of a project: I've got this handled. Me midway through: Send hel...
2026-07-26 09:14:21,430 [INFO] Publishing [funny_meme] | image: /home/runner/work/bright-side-daily/bright-side-daily/images/output/funny_meme_20260726_091421.png
2026-07-26 09:14:21,430 [INFO] Caption preview: 😄 Me at the start of a project: I've got this handled. Me midway through: Send help.

Tag someone who can relate! 😂

#Re...
2026-07-26 09:14:33,090 [INFO] ✅ Posted successfully [funny_meme]
2026-07-26 09:14:33,097 [INFO] ✅ Slot [funny_meme] published successfully!
2026-07-26 09:51:00,374 [INFO] Failed posts list is empty.
2026-07-26 09:51:00,522 [INFO] ──────────────────────────────────────────────────
2026-07-26 09:51:00,522 [INFO] ▶  Running slot: funny_meme
2026-07-26 09:51:00,522 [INFO] ──────────────────────────────────────────────────
2026-07-26 09:51:00,576 [INFO] 📝 Content selected: Me talking myself into a purchase: You've been so good. You deserve this....
2026-07-26 09:51:00,733 [INFO] Publishing [funny_meme] | image: /home/runner/work/bright-side-daily/bright-side-daily/images/output/funny_meme_20260726_095100.png
2026-07-26 09:51:00,734 [INFO] Caption preview: 😄 Me talking myself into a purchase: You've been so good. You deserve this.

Tag someone who can relate! 😂

#RelatableLi...
2026-07-26 09:51:06,137 [INFO] ✅ Posted successfully [funny_meme]
2026-07-26 09:51:06,144 [INFO] ✅ Slot [funny_meme] published successfully!
2026-07-26 10:42:43,403 [INFO] Failed posts list is empty.
2026-07-26 10:42:43,548 [INFO] ──────────────────────────────────────────────────
2026-07-26 10:42:43,548 [INFO] ▶  Running slot: midday_encouragement
2026-07-26 10:42:43,548 [INFO] ──────────────────────────────────────────────────
2026-07-26 10:42:43,603 [INFO] 📝 Content selected: Your breakthrough is closer than you think....
2026-07-26 10:42:43,770 [INFO] Publishing [midday_encouragement] | image: /home/runner/work/bright-side-daily/bright-side-daily/images/output/midday_encouragement_20260726_104243.png
2026-07-26 10:42:43,770 [INFO] Caption preview: 💪 Your breakthrough is closer than you think.

Share this with someone who needs it today! 💛

#YouGotThis #KeepGoing #Ne...
2026-07-26 10:42:56,324 [INFO] ✅ Posted successfully [midday_encouragement]
2026-07-26 10:42:56,331 [INFO] ✅ Slot [midday_encouragement] published successfully!
2026-07-26 11:23:50,993 [INFO] Failed posts list is empty.
2026-07-26 11:23:51,140 [INFO] ──────────────────────────────────────────────────
2026-07-26 11:23:51,140 [INFO] ▶  Running slot: afternoon_wisdom
2026-07-26 11:23:51,140 [INFO] ──────────────────────────────────────────────────
2026-07-26 11:23:51,193 [ERROR] ❌ Content selection failed: 'afternoon_wisdom'
2026-07-26 12:00:18,117 [INFO] Failed posts list is empty.
2026-07-26 12:00:18,265 [INFO] ──────────────────────────────────────────────────
2026-07-26 12:00:18,265 [INFO] ▶  Running slot: morning_motivation
2026-07-26 12:00:18,265 [INFO] ──────────────────────────────────────────────────
2026-07-26 12:00:18,319 [INFO] 📝 Content selected: Don't shrink yourself to fit into places you've outgrown....
2026-07-26 12:00:18,494 [INFO] Publishing [morning_motivation] | image: /home/runner/work/bright-side-daily/bright-side-daily/images/output/morning_motivation_20260726_120018.png
2026-07-26 12:00:18,494 [INFO] Caption preview: ☀️ Don't shrink yourself to fit into places you've outgrown.

Share this with someone who needs it today! 💛

#Motivation...
2026-07-26 12:00:24,966 [INFO] ✅ Posted successfully [morning_motivation]
2026-07-26 12:00:24,973 [INFO] ✅ Slot [morning_motivation] published successfully!
2026-07-26 14:41:16,141 [INFO] Failed posts list is empty.
2026-07-26 14:41:16,300 [INFO] ──────────────────────────────────────────────────
2026-07-26 14:41:16,300 [INFO] ▶  Running slot: morning_motivation
2026-07-26 14:41:16,300 [INFO] ──────────────────────────────────────────────────
2026-07-26 14:41:16,410 [INFO] 📝 Content selected: Don't wait. The time will never be just right....
2026-07-26 14:41:16,525 [INFO] Publishing [morning_motivation] | image: /home/runner/work/bright-side-daily/bright-side-daily/images/output/morning_motivation_20260726_144116.png
2026-07-26 14:41:16,525 [INFO] Caption preview: ☀️ Don't wait. The time will never be just right.

Share this with someone who needs it today! 💛

#Motivation #Success #...
2026-07-26 14:41:39,418 [INFO] ✅ Posted successfully [morning_motivation]
2026-07-26 14:41:39,426 [INFO] ✅ Slot [morning_motivation] published successfully!
2026-07-26 16:03:03,681 [INFO] Failed posts list is empty.
2026-07-26 16:03:03,797 [INFO] ──────────────────────────────────────────────────
2026-07-26 16:03:03,797 [INFO] ▶  Running slot: evening_reflection
2026-07-26 16:03:03,797 [INFO] ──────────────────────────────────────────────────
2026-07-26 16:03:03,840 [INFO] 📝 Content selected: Gratitude amplifies the good and diminishes the hard....
2026-07-26 16:03:03,935 [INFO] Publishing [evening_reflection] | image: /home/runner/work/bright-side-daily/bright-side-daily/images/output/evening_reflection_20260726_160303.png
2026-07-26 16:03:03,936 [INFO] Caption preview: 🌙 Gratitude amplifies the good and diminishes the hard.

Share this with someone who needs it today! 💛

#Gratitude #Than...
2026-07-26 16:03:09,583 [INFO] ✅ Posted successfully [evening_reflection]
2026-07-26 16:03:09,589 [INFO] ✅ Slot [evening_reflection] published successfully!
2026-07-26 16:40:58,903 [INFO] Failed posts list is empty.
2026-07-26 16:40:59,066 [INFO] ──────────────────────────────────────────────────
2026-07-26 16:40:59,066 [INFO] ▶  Running slot: evening_reflection
2026-07-26 16:40:59,066 [INFO] ──────────────────────────────────────────────────
2026-07-26 16:40:59,121 [INFO] 📝 Content selected: Thank the people who loved you into who you are....
2026-07-26 16:40:59,265 [INFO] Publishing [evening_reflection] | image: /home/runner/work/bright-side-daily/bright-side-daily/images/output/evening_reflection_20260726_164059.png
2026-07-26 16:40:59,265 [INFO] Caption preview: 🌙 Thank the people who loved you into who you are.

Share this with someone who needs it today! 💛

#Gratitude #Thankful ...
2026-07-26 16:41:05,953 [INFO] ✅ Posted successfully [evening_reflection]
2026-07-26 16:41:05,961 [INFO] ✅ Slot [evening_reflection] published successfully!
2026-07-26 19:01:44,843 [INFO] Failed posts list is empty.
2026-07-26 19:01:44,996 [INFO] ──────────────────────────────────────────────────
2026-07-26 19:01:44,996 [INFO] ▶  Running slot: morning_motivation
2026-07-26 19:01:44,996 [INFO] ──────────────────────────────────────────────────
2026-07-26 19:01:45,052 [INFO] 📝 Content selected: Your strongest muscle is your will. Work it out daily....
2026-07-26 19:01:45,223 [INFO] Publishing [morning_motivation] | image: /home/runner/work/bright-side-daily/bright-side-daily/images/output/morning_motivation_20260726_190145.png
2026-07-26 19:01:45,223 [INFO] Caption preview: ☀️ Your strongest muscle is your will. Work it out daily.

Share this with someone who needs it today! 💛

#Motivation #S...
2026-07-26 19:01:48,535 [INFO] ✅ Posted successfully [morning_motivation]
2026-07-26 19:01:48,548 [INFO] ✅ Slot [morning_motivation] published successfully!
2026-07-27 08:30:30,043 [INFO] Failed posts list is empty.
2026-07-27 08:30:30,191 [INFO] ──────────────────────────────────────────────────
2026-07-27 08:30:30,191 [INFO] ▶  Running slot: self_improvement
2026-07-27 08:30:30,192 [INFO] ──────────────────────────────────────────────────
2026-07-27 08:30:30,247 [INFO] 📝 Content selected: Be the one who grew the most, loved the most, and gave the most....
2026-07-27 08:30:30,358 [INFO] Publishing [self_improvement] | image: /home/runner/work/bright-side-daily/bright-side-daily/images/output/self_improvement_20260727_083030.png
2026-07-27 08:30:30,358 [INFO] Caption preview: 📈 Be the one who grew the most, loved the most, and gave the most.

Share this with someone who needs it today! 💛

#Pers...
2026-07-27 08:30:35,883 [INFO] ✅ Posted successfully [self_improvement]
2026-07-27 08:30:35,896 [INFO] ✅ Slot [self_improvement] published successfully!
2026-07-27 10:44:33,336 [INFO] Failed posts list is empty.
2026-07-27 10:44:33,487 [INFO] ──────────────────────────────────────────────────
2026-07-27 10:44:33,487 [INFO] ▶  Running slot: midday_encouragement
2026-07-27 10:44:33,487 [INFO] ──────────────────────────────────────────────────
2026-07-27 10:44:33,546 [INFO] 📝 Content selected: You are a blessing in someone's life. Remember that....
2026-07-27 10:44:33,653 [INFO] Publishing [midday_encouragement] | image: /home/runner/work/bright-side-daily/bright-side-daily/images/output/midday_encouragement_20260727_104433.png
2026-07-27 10:44:33,653 [INFO] Caption preview: 💪 You are a blessing in someone's life. Remember that.

Share this with someone who needs it today! 💛

#YouGotThis #Keep...
2026-07-27 10:44:39,425 [INFO] ✅ Posted successfully [midday_encouragement]
2026-07-27 10:44:39,438 [INFO] ✅ Slot [midday_encouragement] published successfully!
2026-07-27 11:10:34,454 [INFO] Failed posts list is empty.
2026-07-27 11:10:34,620 [INFO] ──────────────────────────────────────────────────
2026-07-27 11:10:34,620 [INFO] ▶  Running slot: afternoon_wisdom
2026-07-27 11:10:34,620 [INFO] ──────────────────────────────────────────────────
2026-07-27 11:10:34,677 [ERROR] ❌ Content selection failed: 'afternoon_wisdom'
2026-07-27 12:19:22,212 [INFO] Failed posts list is empty.
2026-07-27 12:19:22,308 [INFO] ──────────────────────────────────────────────────
2026-07-27 12:19:22,308 [INFO] ▶  Running slot: morning_motivation
2026-07-27 12:19:22,308 [INFO] ──────────────────────────────────────────────────
2026-07-27 12:19:22,344 [INFO] 📝 Content selected: Don't watch the clock. Do what it does — keep going....
2026-07-27 12:19:22,413 [INFO] Publishing [morning_motivation] | image: /home/runner/work/bright-side-daily/bright-side-daily/images/output/morning_motivation_20260727_121922.png
2026-07-27 12:19:22,413 [INFO] Caption preview: ☀️ Don't watch the clock. Do what it does — keep going.

Share this with someone who needs it today! 💛

#Motivation #Suc...
2026-07-27 12:19:28,132 [INFO] ✅ Posted successfully [morning_motivation]
2026-07-27 12:19:28,141 [INFO] ✅ Slot [morning_motivation] published successfully!
2026-07-27 13:15:32,930 [INFO] Failed posts list is empty.
2026-07-27 13:15:33,079 [INFO] ──────────────────────────────────────────────────
2026-07-27 13:15:33,079 [INFO] ▶  Running slot: gratitude_moment
2026-07-27 13:15:33,079 [INFO] ──────────────────────────────────────────────────
2026-07-27 13:15:33,136 [ERROR] ❌ Content selection failed: 'gratitude_moment'
2026-07-27 13:37:04,882 [INFO] Failed posts list is empty.
2026-07-27 13:37:05,051 [INFO] ──────────────────────────────────────────────────
2026-07-27 13:37:05,051 [INFO] ▶  Running slot: gratitude_moment
2026-07-27 13:37:05,051 [INFO] ──────────────────────────────────────────────────
2026-07-27 13:37:05,123 [ERROR] ❌ Content selection failed: 'gratitude_moment'
2026-07-27 15:46:51,883 [INFO] Failed posts list is empty.
2026-07-27 15:46:51,977 [INFO] ──────────────────────────────────────────────────
2026-07-27 15:46:51,977 [INFO] ▶  Running slot: engagement_question
2026-07-27 15:46:51,977 [INFO] ──────────────────────────────────────────────────
2026-07-27 15:46:52,019 [INFO] 📝 Content selected: What's a quality you're actively developing in yourself right now?...
2026-07-27 15:46:52,251 [INFO] Publishing [engagement_question] | image: /home/runner/work/bright-side-daily/bright-side-daily/images/output/engagement_question_20260727_154652.png
2026-07-27 15:46:52,251 [INFO] Caption preview: 💬 What's a quality you're actively developing in yourself right now?

Drop your answer in the comments below 👇

#Communi...
2026-07-27 15:46:58,632 [INFO] ✅ Posted successfully [engagement_question]
2026-07-27 15:46:58,637 [INFO] ✅ Slot [engagement_question] published successfully!
2026-07-27 16:59:36,958 [INFO] Failed posts list is empty.
2026-07-27 16:59:37,075 [INFO] ──────────────────────────────────────────────────
2026-07-27 16:59:37,075 [INFO] ▶  Running slot: evening_reflection
2026-07-27 16:59:37,075 [INFO] ──────────────────────────────────────────────────
2026-07-27 16:59:37,120 [INFO] 📝 Content selected: Not everything is as it seems — sometimes things are better....
2026-07-27 16:59:37,212 [INFO] Publishing [evening_reflection] | image: /home/runner/work/bright-side-daily/bright-side-daily/images/output/evening_reflection_20260727_165937.png
2026-07-27 16:59:37,212 [INFO] Caption preview: 🌙 Not everything is as it seems — sometimes things are better.

Share this with someone who needs it today! 💛

#Gratitud...
2026-07-27 16:59:57,833 [WARNING] Attempt 1/3 failed: {'code': 1, 'message': "Please reduce the amount of data you're asking for, then retry your request"}
2026-07-27 16:59:57,833 [INFO] Retrying in 30s...
2026-07-27 17:00:48,362 [INFO] ✅ Posted successfully [evening_reflection]
2026-07-27 17:00:48,368 [INFO] ✅ Slot [evening_reflection] published successfully!
2026-07-27 17:24:55,448 [INFO] Failed posts list is empty.
2026-07-27 17:24:55,562 [INFO] ──────────────────────────────────────────────────
2026-07-27 17:24:55,562 [INFO] ▶  Running slot: morning_motivation
2026-07-27 17:24:55,562 [INFO] ──────────────────────────────────────────────────
2026-07-27 17:24:55,607 [INFO] 📝 Content selected: Build your empire one brick at a time....
2026-07-27 17:24:55,692 [INFO] Publishing [morning_motivation] | image: /home/runner/work/bright-side-daily/bright-side-daily/images/output/morning_motivation_20260727_172455.png
2026-07-27 17:24:55,693 [INFO] Caption preview: ☀️ Build your empire one brick at a time.

Share this with someone who needs it today! 💛

#Motivation #Success #MindsetM...
2026-07-27 17:25:00,757 [INFO] ✅ Posted successfully [morning_motivation]
2026-07-27 17:25:00,763 [INFO] ✅ Slot [morning_motivation] published successfully!
2026-07-27 19:18:11,414 [INFO] Failed posts list is empty.
2026-07-27 19:18:11,575 [INFO] ──────────────────────────────────────────────────
2026-07-27 19:18:11,575 [INFO] ▶  Running slot: morning_motivation
2026-07-27 19:18:11,575 [INFO] ──────────────────────────────────────────────────
2026-07-27 19:18:11,635 [INFO] 📝 Content selected: Your name deserves to be on the list of people who made it. Put it there....
2026-07-27 19:18:11,788 [INFO] Publishing [morning_motivation] | image: /home/runner/work/bright-side-daily/bright-side-daily/images/output/morning_motivation_20260727_191811.png
2026-07-27 19:18:11,788 [INFO] Caption preview: ☀️ Your name deserves to be on the list of people who made it. Put it there.

Share this with someone who needs it today...
2026-07-27 19:18:18,819 [INFO] ✅ Posted successfully [morning_motivation]
2026-07-27 19:18:18,828 [INFO] ✅ Slot [morning_motivation] published successfully!
2026-07-28 07:38:22,109 [INFO] Failed posts list is empty.
2026-07-28 07:38:22,271 [INFO] ──────────────────────────────────────────────────
2026-07-28 07:38:22,271 [INFO] ▶  Running slot: positive_quote
2026-07-28 07:38:22,271 [INFO] ──────────────────────────────────────────────────
2026-07-28 07:38:22,338 [INFO] 📝 Content selected: You are the author of a story the world needs to hear....
2026-07-28 07:38:22,759 [INFO] Publishing [positive_quote] | image: /home/runner/work/bright-side-daily/bright-side-daily/images/output/positive_quote_20260728_073822.png
2026-07-28 07:38:22,759 [INFO] Caption preview: 🌟 You are the author of a story the world needs to hear.

Share this with someone who needs it today! 💛

#PositiveVibes ...
2026-07-28 07:38:30,210 [INFO] ✅ Posted successfully [positive_quote]
2026-07-28 07:38:30,217 [INFO] ✅ Slot [positive_quote] published successfully!
2026-07-28 09:37:16,794 [INFO] Failed posts list is empty.
2026-07-28 09:37:16,920 [INFO] ──────────────────────────────────────────────────
2026-07-28 09:37:16,920 [INFO] ▶  Running slot: funny_meme
2026-07-28 09:37:16,920 [INFO] ──────────────────────────────────────────────────
2026-07-28 09:37:16,979 [INFO] 📝 Content selected: My commitment to doing nothing on a rest day is unparalleled....
2026-07-28 09:37:17,080 [INFO] Publishing [funny_meme] | image: /home/runner/work/bright-side-daily/bright-side-daily/images/output/funny_meme_20260728_093717.png
2026-07-28 09:37:17,080 [INFO] Caption preview: 😄 My commitment to doing nothing on a rest day is unparalleled.

Tag someone who can relate! 😂

#RelatableLife #Funny #M...
2026-07-28 09:37:20,502 [INFO] ✅ Posted successfully [funny_meme]
2026-07-28 09:37:20,510 [INFO] ✅ Slot [funny_meme] published successfully!
2026-07-28 10:25:27,584 [INFO] Failed posts list is empty.
2026-07-28 10:25:27,736 [INFO] ──────────────────────────────────────────────────
2026-07-28 10:25:27,736 [INFO] ▶  Running slot: midday_encouragement
2026-07-28 10:25:27,736 [INFO] ──────────────────────────────────────────────────
2026-07-28 10:25:27,795 [INFO] 📝 Content selected: Keep going. The world needs your finished story....
2026-07-28 10:25:27,909 [INFO] Publishing [midday_encouragement] | image: /home/runner/work/bright-side-daily/bright-side-daily/images/output/midday_encouragement_20260728_102527.png
2026-07-28 10:25:27,910 [INFO] Caption preview: 💪 Keep going. The world needs your finished story.

Share this with someone who needs it today! 💛

#YouGotThis #KeepGoin...
2026-07-28 10:25:37,362 [INFO] ✅ Posted successfully [midday_encouragement]
2026-07-28 10:25:37,370 [INFO] ✅ Slot [midday_encouragement] published successfully!
2026-07-28 11:14:29,159 [INFO] Failed posts list is empty.
2026-07-28 11:14:29,299 [INFO] ──────────────────────────────────────────────────
2026-07-28 11:14:29,299 [INFO] ▶  Running slot: afternoon_wisdom
2026-07-28 11:14:29,299 [INFO] ──────────────────────────────────────────────────
2026-07-28 11:14:29,356 [ERROR] ❌ Content selection failed: 'afternoon_wisdom'
2026-07-28 12:02:39,272 [INFO] Failed posts list is empty.
2026-07-28 12:02:39,426 [INFO] ──────────────────────────────────────────────────
2026-07-28 12:02:39,426 [INFO] ▶  Running slot: morning_motivation
2026-07-28 12:02:39,426 [INFO] ──────────────────────────────────────────────────
2026-07-28 12:02:39,487 [INFO] 📝 Content selected: Every setback is a setup for the next level....
2026-07-28 12:02:39,643 [INFO] Publishing [morning_motivation] | image: /home/runner/work/bright-side-daily/bright-side-daily/images/output/morning_motivation_20260728_120239.png
2026-07-28 12:02:39,643 [INFO] Caption preview: ☀️ Every setback is a setup for the next level.

Share this with someone who needs it today! 💛

#Motivation #Success #Mi...
2026-07-28 12:02:43,169 [INFO] ✅ Posted successfully [morning_motivation]
2026-07-28 12:02:43,177 [INFO] ✅ Slot [morning_motivation] published successfully!
2026-07-28 12:50:54,729 [INFO] Failed posts list is empty.
2026-07-28 12:50:54,882 [INFO] ──────────────────────────────────────────────────
2026-07-28 12:50:54,882 [INFO] ▶  Running slot: morning_motivation
2026-07-28 12:50:54,882 [INFO] ──────────────────────────────────────────────────
2026-07-28 12:50:54,942 [INFO] 📝 Content selected: Be unafraid of your own potential....
2026-07-28 12:50:55,049 [INFO] Publishing [morning_motivation] | image: /home/runner/work/bright-side-daily/bright-side-daily/images/output/morning_motivation_20260728_125054.png
2026-07-28 12:50:55,049 [INFO] Caption preview: ☀️ Be unafraid of your own potential.

Share this with someone who needs it today! 💛

#Motivation #Success #MindsetMatte...
2026-07-28 12:51:01,635 [INFO] ✅ Posted successfully [morning_motivation]
2026-07-28 12:51:01,642 [INFO] ✅ Slot [morning_motivation] published successfully!
2026-07-28 15:25:01,304 [INFO] Failed posts list is empty.
2026-07-28 15:25:01,461 [INFO] ──────────────────────────────────────────────────
2026-07-28 15:25:01,461 [INFO] ▶  Running slot: engagement_question
2026-07-28 15:25:01,461 [INFO] ──────────────────────────────────────────────────
2026-07-28 15:25:01,519 [INFO] 📝 Content selected: What's your go-to meal that always lifts your mood?...
2026-07-28 15:25:01,633 [INFO] Publishing [engagement_question] | image: /home/runner/work/bright-side-daily/bright-side-daily/images/output/engagement_question_20260728_152501.png
2026-07-28 15:25:01,633 [INFO] Caption preview: 💬 What's your go-to meal that always lifts your mood?

Drop your answer in the comments below 👇

#Community #ShareYourTh...
2026-07-28 15:25:15,663 [WARNING] Attempt 1/3 failed: {'code': 1, 'message': "Please reduce the amount of data you're asking for, then retry your request"}
2026-07-28 15:25:15,663 [INFO] Retrying in 30s...
2026-07-28 15:25:49,609 [INFO] ✅ Posted successfully [engagement_question]
2026-07-28 15:25:49,616 [INFO] ✅ Slot [engagement_question] published successfully!
2026-07-28 16:41:50,767 [INFO] Failed posts list is empty.
2026-07-28 16:41:50,924 [INFO] ──────────────────────────────────────────────────
2026-07-28 16:41:50,924 [INFO] ▶  Running slot: evening_reflection
2026-07-28 16:41:50,924 [INFO] ──────────────────────────────────────────────────
2026-07-28 16:41:50,986 [INFO] 📝 Content selected: Be thankful for every new morning....
2026-07-28 16:41:51,092 [INFO] Publishing [evening_reflection] | image: /home/runner/work/bright-side-daily/bright-side-daily/images/output/evening_reflection_20260728_164151.png
2026-07-28 16:41:51,092 [INFO] Caption preview: 🌙 Be thankful for every new morning.

Share this with someone who needs it today! 💛

#Gratitude #Thankful #CountYourBles...
2026-07-28 16:41:56,926 [INFO] ✅ Posted successfully [evening_reflection]
2026-07-28 16:41:56,933 [INFO] ✅ Slot [evening_reflection] published successfully!
2026-07-28 17:14:09,797 [INFO] Failed posts list is empty.
2026-07-28 17:14:09,949 [INFO] ──────────────────────────────────────────────────
2026-07-28 17:14:09,949 [INFO] ▶  Running slot: morning_motivation
2026-07-28 17:14:09,949 [INFO] ──────────────────────────────────────────────────
2026-07-28 17:14:10,010 [INFO] 📝 Content selected: You are more powerful than you think....
2026-07-28 17:14:10,132 [INFO] Publishing [morning_motivation] | image: /home/runner/work/bright-side-daily/bright-side-daily/images/output/morning_motivation_20260728_171410.png
2026-07-28 17:14:10,132 [INFO] Caption preview: ☀️ You are more powerful than you think.

Share this with someone who needs it today! 💛

#Motivation #Success #MindsetMa...
2026-07-28 17:14:25,895 [INFO] ✅ Posted successfully [morning_motivation]
2026-07-28 17:14:25,903 [INFO] ✅ Slot [morning_motivation] published successfully!
2026-07-28 19:14:26,825 [INFO] Failed posts list is empty.
2026-07-28 19:14:26,972 [INFO] ──────────────────────────────────────────────────
2026-07-28 19:14:26,972 [INFO] ▶  Running slot: morning_motivation
2026-07-28 19:14:26,972 [INFO] ──────────────────────────────────────────────────
2026-07-28 19:14:27,032 [INFO] 📝 Content selected: The pain of discipline is nothing compared to the pain of regret....
2026-07-28 19:14:27,147 [INFO] Publishing [morning_motivation] | image: /home/runner/work/bright-side-daily/bright-side-daily/images/output/morning_motivation_20260728_191427.png
2026-07-28 19:14:27,147 [INFO] Caption preview: ☀️ The pain of discipline is nothing compared to the pain of regret.

Share this with someone who needs it today! 💛

#Mo...
2026-07-28 19:14:33,375 [INFO] ✅ Posted successfully [morning_motivation]
2026-07-28 19:14:33,383 [INFO] ✅ Slot [morning_motivation] published successfully!
2026-07-29 07:43:04,146 [INFO] Failed posts list is empty.
2026-07-29 07:43:04,262 [INFO] ──────────────────────────────────────────────────
2026-07-29 07:43:04,262 [INFO] ▶  Running slot: positive_quote
2026-07-29 07:43:04,262 [INFO] ──────────────────────────────────────────────────
2026-07-29 07:43:04,313 [INFO] 📝 Content selected: Let your joy be in your journey — not in some distant goal....
2026-07-29 07:43:04,404 [INFO] Publishing [positive_quote] | image: /home/runner/work/bright-side-daily/bright-side-daily/images/output/positive_quote_20260729_074304.png
2026-07-29 07:43:04,404 [INFO] Caption preview: 🌟 Let your joy be in your journey — not in some distant goal.

Share this with someone who needs it today! 💛

#PositiveV...
2026-07-29 07:43:10,741 [INFO] ✅ Posted successfully [positive_quote]
2026-07-29 07:43:10,747 [INFO] ✅ Slot [positive_quote] published successfully!
2026-07-29 09:39:15,174 [INFO] Failed posts list is empty.
2026-07-29 09:39:15,316 [INFO] ──────────────────────────────────────────────────
2026-07-29 09:39:15,316 [INFO] ▶  Running slot: funny_meme
2026-07-29 09:39:15,316 [INFO] ──────────────────────────────────────────────────
2026-07-29 09:39:15,384 [INFO] 📝 Content selected: My attention span vs. a 20-minute meeting that could have been an email....
2026-07-29 09:39:15,507 [INFO] Publishing [funny_meme] | image: /home/runner/work/bright-side-daily/bright-side-daily/images/output/funny_meme_20260729_093915.png
2026-07-29 09:39:15,507 [INFO] Caption preview: 😄 My attention span vs. a 20-minute meeting that could have been an email.

Tag someone who can relate! 😂

#RelatableLif...
2026-07-29 09:39:25,369 [INFO] ✅ Posted successfully [funny_meme]
2026-07-29 09:39:25,377 [INFO] ✅ Slot [funny_meme] published successfully!
2026-07-29 10:31:07,643 [INFO] Failed posts list is empty.
2026-07-29 10:31:07,785 [INFO] ──────────────────────────────────────────────────
2026-07-29 10:31:07,785 [INFO] ▶  Running slot: midday_encouragement
2026-07-29 10:31:07,785 [INFO] ──────────────────────────────────────────────────
2026-07-29 10:31:07,850 [INFO] 📝 Content selected: You were not built to be defeated by this....
2026-07-29 10:31:07,954 [INFO] Publishing [midday_encouragement] | image: /home/runner/work/bright-side-daily/bright-side-daily/images/output/midday_encouragement_20260729_103107.png
2026-07-29 10:31:07,954 [INFO] Caption preview: 💪 You were not built to be defeated by this.

Share this with someone who needs it today! 💛

#YouGotThis #KeepGoing #Nev...
2026-07-29 10:31:14,318 [INFO] ✅ Posted successfully [midday_encouragement]
2026-07-29 10:31:14,325 [INFO] ✅ Slot [midday_encouragement] published successfully!
2026-07-29 11:23:17,091 [INFO] Failed posts list is empty.
2026-07-29 11:23:17,245 [INFO] ──────────────────────────────────────────────────
2026-07-29 11:23:17,245 [INFO] ▶  Running slot: afternoon_wisdom
2026-07-29 11:23:17,245 [INFO] ──────────────────────────────────────────────────
2026-07-29 11:23:17,312 [ERROR] ❌ Content selection failed: 'afternoon_wisdom'
2026-07-29 12:07:13,595 [INFO] Failed posts list is empty.
2026-07-29 12:07:13,768 [INFO] ──────────────────────────────────────────────────
2026-07-29 12:07:13,769 [INFO] ▶  Running slot: morning_motivation
2026-07-29 12:07:13,769 [INFO] ──────────────────────────────────────────────────
2026-07-29 12:07:13,852 [INFO] 📝 Content selected: Excellence is not a destination; it's a continuous journey....
2026-07-29 12:07:13,975 [INFO] Publishing [morning_motivation] | image: /home/runner/work/bright-side-daily/bright-side-daily/images/output/morning_motivation_20260729_120713.png
2026-07-29 12:07:13,975 [INFO] Caption preview: ☀️ Excellence is not a destination; it's a continuous journey.

Share this with someone who needs it today! 💛

#Motivati...
2026-07-29 12:07:20,145 [INFO] ✅ Posted successfully [morning_motivation]
2026-07-29 12:07:20,155 [INFO] ✅ Slot [morning_motivation] published successfully!
2026-07-29 12:57:54,657 [INFO] Failed posts list is empty.
2026-07-29 12:57:54,797 [INFO] ──────────────────────────────────────────────────
2026-07-29 12:57:54,797 [INFO] ▶  Running slot: morning_motivation
2026-07-29 12:57:54,797 [INFO] ──────────────────────────────────────────────────
2026-07-29 12:57:54,864 [INFO] 📝 Content selected: Make today the day that changes everything....
2026-07-29 12:57:54,969 [INFO] Publishing [morning_motivation] | image: /home/runner/work/bright-side-daily/bright-side-daily/images/output/morning_motivation_20260729_125754.png
2026-07-29 12:57:54,969 [INFO] Caption preview: ☀️ Make today the day that changes everything.

Share this with someone who needs it today! 💛

#Motivation #Success #Min...
2026-07-29 12:58:03,820 [INFO] ✅ Posted successfully [morning_motivation]
2026-07-29 12:58:03,827 [INFO] ✅ Slot [morning_motivation] published successfully!
2026-07-29 15:11:01,499 [INFO] Failed posts list is empty.
2026-07-29 15:11:01,650 [INFO] ──────────────────────────────────────────────────
2026-07-29 15:11:01,650 [INFO] ▶  Running slot: engagement_question
2026-07-29 15:11:01,650 [INFO] ──────────────────────────────────────────────────
2026-07-29 15:11:01,719 [INFO] 📝 Content selected: What's a word of encouragement you need to hear today?...
2026-07-29 15:11:01,828 [INFO] Publishing [engagement_question] | image: /home/runner/work/bright-side-daily/bright-side-daily/images/output/engagement_question_20260729_151101.png
2026-07-29 15:11:01,828 [INFO] Caption preview: 💬 What's a word of encouragement you need to hear today?

Drop your answer in the comments below 👇

#Community #ShareYou...
2026-07-29 15:11:11,576 [INFO] ✅ Posted successfully [engagement_question]
2026-07-29 15:11:11,584 [INFO] ✅ Slot [engagement_question] published successfully!
2026-07-29 16:23:14,450 [INFO] Failed posts list is empty.
2026-07-29 16:23:14,578 [INFO] ──────────────────────────────────────────────────
2026-07-29 16:23:14,578 [INFO] ▶  Running slot: evening_reflection
2026-07-29 16:23:14,578 [INFO] ──────────────────────────────────────────────────
2026-07-29 16:23:14,647 [INFO] 📝 Content selected: Give thanks in the storm and the storm loses its power over you....
2026-07-29 16:23:14,745 [INFO] Publishing [evening_reflection] | image: /home/runner/work/bright-side-daily/bright-side-daily/images/output/evening_reflection_20260729_162314.png
2026-07-29 16:23:14,745 [INFO] Caption preview: 🌙 Give thanks in the storm and the storm loses its power over you.

Share this with someone who needs it today! 💛

#Grat...
2026-07-29 16:23:25,761 [INFO] ✅ Posted successfully [evening_reflection]
2026-07-29 16:23:25,769 [INFO] ✅ Slot [evening_reflection] published successfully!
2026-07-29 16:59:51,958 [INFO] Failed posts list is empty.
2026-07-29 16:59:52,121 [INFO] ──────────────────────────────────────────────────
2026-07-29 16:59:52,121 [INFO] ▶  Running slot: evening_reflection
2026-07-29 16:59:52,121 [INFO] ──────────────────────────────────────────────────
2026-07-29 16:59:52,192 [INFO] 📝 Content selected: Gratitude is not the end of the journey. It is the fuel for continuing it....
2026-07-29 16:59:52,292 [INFO] Publishing [evening_reflection] | image: /home/runner/work/bright-side-daily/bright-side-daily/images/output/evening_reflection_20260729_165952.png
2026-07-29 16:59:52,292 [INFO] Caption preview: 🌙 Gratitude is not the end of the journey. It is the fuel for continuing it.

Share this with someone who needs it today...
2026-07-29 16:59:56,476 [INFO] ✅ Posted successfully [evening_reflection]
2026-07-29 16:59:56,485 [INFO] ✅ Slot [evening_reflection] published successfully!
2026-07-29 19:04:20,321 [INFO] Failed posts list is empty.
2026-07-29 19:04:20,463 [INFO] ──────────────────────────────────────────────────
2026-07-29 19:04:20,463 [INFO] ▶  Running slot: morning_motivation
2026-07-29 19:04:20,463 [INFO] ──────────────────────────────────────────────────
2026-07-29 19:04:20,531 [INFO] 📝 Content selected: You are not done. Not even close....
2026-07-29 19:04:20,634 [INFO] Publishing [morning_motivation] | image: /home/runner/work/bright-side-daily/bright-side-daily/images/output/morning_motivation_20260729_190420.png
2026-07-29 19:04:20,634 [INFO] Caption preview: ☀️ You are not done. Not even close.

Share this with someone who needs it today! 💛

#Motivation #Success #MindsetMatter...
2026-07-29 19:04:27,461 [INFO] ✅ Posted successfully [morning_motivation]
2026-07-29 19:04:27,468 [INFO] ✅ Slot [morning_motivation] published successfully!
2026-07-30 07:33:28,223 [INFO] Failed posts list is empty.
2026-07-30 07:33:28,322 [INFO] ──────────────────────────────────────────────────
2026-07-30 07:33:28,322 [INFO] ▶  Running slot: positive_quote
2026-07-30 07:33:28,322 [INFO] ──────────────────────────────────────────────────
2026-07-30 07:33:28,372 [INFO] 📝 Content selected: Let the beauty of what you love be what you do....
2026-07-30 07:33:28,451 [INFO] Publishing [positive_quote] | image: /home/runner/work/bright-side-daily/bright-side-daily/images/output/positive_quote_20260730_073328.png
2026-07-30 07:33:28,451 [INFO] Caption preview: 🌟 Let the beauty of what you love be what you do.

Share this with someone who needs it today! 💛

#PositiveVibes #HappyL...
2026-07-30 07:33:37,367 [INFO] ✅ Posted successfully [positive_quote]
2026-07-30 07:33:37,372 [INFO] ✅ Slot [positive_quote] published successfully!
2026-07-30 09:32:22,178 [INFO] Failed posts list is empty.
2026-07-30 09:32:22,289 [INFO] ──────────────────────────────────────────────────
2026-07-30 09:32:22,289 [INFO] ▶  Running slot: funny_meme
2026-07-30 09:32:22,289 [INFO] ──────────────────────────────────────────────────
2026-07-30 09:32:22,346 [INFO] 📝 Content selected: Me and my phone pretending we don't need each other while clearly needing each o...
2026-07-30 09:32:22,435 [INFO] Publishing [funny_meme] | image: /home/runner/work/bright-side-daily/bright-side-daily/images/output/funny_meme_20260730_093222.png
2026-07-30 09:32:22,435 [INFO] Caption preview: 😄 Me and my phone pretending we don't need each other while clearly needing each other.

Tag someone who can relate! 😂

...
2026-07-30 09:32:29,142 [INFO] ✅ Posted successfully [funny_meme]
2026-07-30 09:32:29,148 [INFO] ✅ Slot [funny_meme] published successfully!
2026-07-30 10:13:12,817 [INFO] Failed posts list is empty.
2026-07-30 10:13:12,969 [INFO] ──────────────────────────────────────────────────
2026-07-30 10:13:12,969 [INFO] ▶  Running slot: midday_encouragement
2026-07-30 10:13:12,969 [INFO] ──────────────────────────────────────────────────
2026-07-30 10:13:13,037 [INFO] 📝 Content selected: You are not defined by what knocked you down. You are defined by how you rise....
2026-07-30 10:13:13,228 [INFO] Publishing [midday_encouragement] | image: /home/runner/work/bright-side-daily/bright-side-daily/images/output/midday_encouragement_20260730_101313.png
2026-07-30 10:13:13,228 [INFO] Caption preview: 💪 You are not defined by what knocked you down. You are defined by how you rise.

Share this with someone who needs it t...
2026-07-30 10:13:20,611 [INFO] ✅ Posted successfully [midday_encouragement]
2026-07-30 10:13:20,619 [INFO] ✅ Slot [midday_encouragement] published successfully!
2026-07-30 11:04:31,253 [INFO] Failed posts list is empty.
2026-07-30 11:04:31,420 [INFO] ──────────────────────────────────────────────────
2026-07-30 11:04:31,421 [INFO] ▶  Running slot: afternoon_wisdom
2026-07-30 11:04:31,421 [INFO] ──────────────────────────────────────────────────
2026-07-30 11:04:31,493 [ERROR] ❌ Content selection failed: 'afternoon_wisdom'
2026-07-30 11:56:43,543 [INFO] Failed posts list is empty.
2026-07-30 11:56:43,675 [INFO] ──────────────────────────────────────────────────
2026-07-30 11:56:43,675 [INFO] ▶  Running slot: afternoon_wisdom
2026-07-30 11:56:43,675 [INFO] ──────────────────────────────────────────────────
2026-07-30 11:56:43,746 [ERROR] ❌ Content selection failed: 'afternoon_wisdom'
2026-07-30 12:26:44,840 [INFO] Failed posts list is empty.
2026-07-30 12:26:44,988 [INFO] ──────────────────────────────────────────────────
2026-07-30 12:26:44,988 [INFO] ▶  Running slot: morning_motivation
2026-07-30 12:26:44,988 [INFO] ──────────────────────────────────────────────────
2026-07-30 12:26:45,058 [INFO] 📝 Content selected: Hustle in silence and let your success do the talking....
2026-07-30 12:26:45,167 [INFO] Publishing [morning_motivation] | image: /home/runner/work/bright-side-daily/bright-side-daily/images/output/morning_motivation_20260730_122645.png
2026-07-30 12:26:45,167 [INFO] Caption preview: ☀️ Hustle in silence and let your success do the talking.

Share this with someone who needs it today! 💛

#Motivation #S...
2026-07-30 12:26:50,727 [INFO] ✅ Posted successfully [morning_motivation]
2026-07-30 12:26:50,735 [INFO] ✅ Slot [morning_motivation] published successfully!
2026-07-30 15:15:47,252 [INFO] Failed posts list is empty.
2026-07-30 15:15:47,394 [INFO] ──────────────────────────────────────────────────
2026-07-30 15:15:47,394 [INFO] ▶  Running slot: engagement_question
2026-07-30 15:15:47,394 [INFO] ──────────────────────────────────────────────────
2026-07-30 15:15:47,468 [INFO] 📝 Content selected: What does success look like to you personally?...
2026-07-30 15:15:47,614 [INFO] Publishing [engagement_question] | image: /home/runner/work/bright-side-daily/bright-side-daily/images/output/engagement_question_20260730_151547.png
2026-07-30 15:15:47,614 [INFO] Caption preview: 💬 What does success look like to you personally?

Drop your answer in the comments below 👇

#Community #ShareYourThought...
2026-07-30 15:15:51,223 [INFO] ✅ Posted successfully [engagement_question]
2026-07-30 15:15:51,231 [INFO] ✅ Slot [engagement_question] published successfully!
2026-07-30 16:37:24,487 [INFO] Failed posts list is empty.
2026-07-30 16:37:24,638 [INFO] ──────────────────────────────────────────────────
2026-07-30 16:37:24,638 [INFO] ▶  Running slot: evening_reflection
2026-07-30 16:37:24,638 [INFO] ──────────────────────────────────────────────────
2026-07-30 16:37:24,709 [INFO] 📝 Content selected: Even your unanswered prayers hold hidden blessings....
2026-07-30 16:37:24,824 [INFO] Publishing [evening_reflection] | image: /home/runner/work/bright-side-daily/bright-side-daily/images/output/evening_reflection_20260730_163724.png
2026-07-30 16:37:24,824 [INFO] Caption preview: 🌙 Even your unanswered prayers hold hidden blessings.

Share this with someone who needs it today! 💛

#Gratitude #Thankf...
2026-07-30 16:37:30,645 [INFO] ✅ Posted successfully [evening_reflection]
2026-07-30 16:37:30,654 [INFO] ✅ Slot [evening_reflection] published successfully!
2026-07-30 17:11:32,047 [INFO] Failed posts list is empty.
2026-07-30 17:11:32,157 [INFO] ──────────────────────────────────────────────────
2026-07-30 17:11:32,157 [INFO] ▶  Running slot: morning_motivation
2026-07-30 17:11:32,157 [INFO] ──────────────────────────────────────────────────
2026-07-30 17:11:32,217 [INFO] 📝 Content selected: Aim higher than yesterday....
2026-07-30 17:11:32,309 [INFO] Publishing [morning_motivation] | image: /home/runner/work/bright-side-daily/bright-side-daily/images/output/morning_motivation_20260730_171132.png
2026-07-30 17:11:32,309 [INFO] Caption preview: ☀️ Aim higher than yesterday.

Share this with someone who needs it today! 💛

#Motivation #Success #MindsetMatters #Dail...
2026-07-30 17:11:37,822 [INFO] ✅ Posted successfully [morning_motivation]
2026-07-30 17:11:37,828 [INFO] ✅ Slot [morning_motivation] published successfully!
2026-07-30 19:15:57,264 [INFO] Failed posts list is empty.
2026-07-30 19:15:57,416 [INFO] ──────────────────────────────────────────────────
2026-07-30 19:15:57,416 [INFO] ▶  Running slot: morning_motivation
2026-07-30 19:15:57,416 [INFO] ──────────────────────────────────────────────────
2026-07-30 19:15:57,488 [INFO] 📝 Content selected: Ambition without action is just a fantasy....
2026-07-30 19:15:57,624 [INFO] Publishing [morning_motivation] | image: /home/runner/work/bright-side-daily/bright-side-daily/images/output/morning_motivation_20260730_191557.png
2026-07-30 19:15:57,624 [INFO] Caption preview: ☀️ Ambition without action is just a fantasy.

Share this with someone who needs it today! 💛

#Motivation #Success #Mind...
2026-07-30 19:16:02,924 [INFO] ✅ Posted successfully [morning_motivation]
2026-07-30 19:16:02,932 [INFO] ✅ Slot [morning_motivation] published successfully!
2026-07-31 07:50:05,666 [INFO] Failed posts list is empty.
2026-07-31 07:50:05,803 [INFO] ──────────────────────────────────────────────────
2026-07-31 07:50:05,804 [INFO] ▶  Running slot: positive_quote
2026-07-31 07:50:05,804 [INFO] ──────────────────────────────────────────────────
2026-07-31 07:50:05,873 [INFO] 📝 Content selected: Gratitude turns what we have into enough....
2026-07-31 07:50:05,976 [INFO] Publishing [positive_quote] | image: /home/runner/work/bright-side-daily/bright-side-daily/images/output/positive_quote_20260731_075005.png
2026-07-31 07:50:05,976 [INFO] Caption preview: 🌟 Gratitude turns what we have into enough.

Share this with someone who needs it today! 💛

#PositiveVibes #HappyLife #G...
2026-07-31 07:50:12,394 [INFO] ✅ Posted successfully [positive_quote]
2026-07-31 07:50:12,422 [INFO] ✅ Slot [positive_quote] published successfully!
2026-07-31 09:46:10,199 [INFO] Failed posts list is empty.
2026-07-31 09:46:10,326 [INFO] ──────────────────────────────────────────────────
2026-07-31 09:46:10,326 [INFO] ▶  Running slot: funny_meme
2026-07-31 09:46:10,326 [INFO] ──────────────────────────────────────────────────
2026-07-31 09:46:10,398 [INFO] 📝 Content selected: When someone asks 'how long have you been awake' and I'm afraid to answer....
2026-07-31 09:46:10,533 [INFO] Publishing [funny_meme] | image: /home/runner/work/bright-side-daily/bright-side-daily/images/output/funny_meme_20260731_094610.png
2026-07-31 09:46:10,533 [INFO] Caption preview: 😄 When someone asks 'how long have you been awake' and I'm afraid to answer.

Tag someone who can relate! 😂

#RelatableL...
2026-07-31 09:46:14,687 [INFO] ✅ Posted successfully [funny_meme]
2026-07-31 09:46:14,697 [INFO] ✅ Slot [funny_meme] published successfully!
2026-07-31 10:28:56,626 [INFO] Failed posts list is empty.
2026-07-31 10:28:56,722 [INFO] ──────────────────────────────────────────────────
2026-07-31 10:28:56,722 [INFO] ▶  Running slot: midday_encouragement
2026-07-31 10:28:56,722 [INFO] ──────────────────────────────────────────────────
2026-07-31 10:28:56,773 [INFO] 📝 Content selected: Rise. Fight. Win. Repeat....
2026-07-31 10:28:56,834 [INFO] Publishing [midday_encouragement] | image: /home/runner/work/bright-side-daily/bright-side-daily/images/output/midday_encouragement_20260731_102856.png
2026-07-31 10:28:56,834 [INFO] Caption preview: 💪 Rise. Fight. Win. Repeat.

Share this with someone who needs it today! 💛

#YouGotThis #KeepGoing #NeverGiveUp #StayStr...
2026-07-31 10:29:01,109 [INFO] ✅ Posted successfully [midday_encouragement]
2026-07-31 10:29:01,114 [INFO] ✅ Slot [midday_encouragement] published successfully!
2026-07-31 11:27:04,123 [INFO] Failed posts list is empty.
2026-07-31 11:27:04,273 [INFO] ──────────────────────────────────────────────────
2026-07-31 11:27:04,274 [INFO] ▶  Running slot: afternoon_wisdom
2026-07-31 11:27:04,274 [INFO] ──────────────────────────────────────────────────
2026-07-31 11:27:04,350 [ERROR] ❌ Content selection failed: 'afternoon_wisdom'
2026-07-31 12:05:55,053 [INFO] Failed posts list is empty.
2026-07-31 12:05:55,204 [INFO] ──────────────────────────────────────────────────
2026-07-31 12:05:55,205 [INFO] ▶  Running slot: morning_motivation
2026-07-31 12:05:55,205 [INFO] ──────────────────────────────────────────────────
2026-07-31 12:05:55,279 [INFO] 📝 Content selected: Believe in the work when no one else believes in you....
2026-07-31 12:05:55,395 [INFO] Publishing [morning_motivation] | image: /home/runner/work/bright-side-daily/bright-side-daily/images/output/morning_motivation_20260731_120555.png
2026-07-31 12:05:55,395 [INFO] Caption preview: ☀️ Believe in the work when no one else believes in you.

Share this with someone who needs it today! 💛

#Motivation #Su...
2026-07-31 12:06:00,390 [INFO] ✅ Posted successfully [morning_motivation]
2026-07-31 12:06:00,398 [INFO] ✅ Slot [morning_motivation] published successfully!
2026-07-31 12:53:12,508 [INFO] Failed posts list is empty.
2026-07-31 12:53:12,655 [INFO] ──────────────────────────────────────────────────
2026-07-31 12:53:12,655 [INFO] ▶  Running slot: morning_motivation
2026-07-31 12:53:12,655 [INFO] ──────────────────────────────────────────────────
2026-07-31 12:53:12,726 [INFO] 📝 Content selected: Eat, sleep, grind, repeat....
2026-07-31 12:53:13,018 [INFO] Publishing [morning_motivation] | image: /home/runner/work/bright-side-daily/bright-side-daily/images/output/morning_motivation_20260731_125312.png
2026-07-31 12:53:13,018 [INFO] Caption preview: ☀️ Eat, sleep, grind, repeat.

Share this with someone who needs it today! 💛

#Motivation #Success #MindsetMatters #Dail...
2026-07-31 12:53:19,161 [INFO] ✅ Posted successfully [morning_motivation]
2026-07-31 12:53:19,169 [INFO] ✅ Slot [morning_motivation] published successfully!
2026-07-31 15:23:31,752 [INFO] Failed posts list is empty.
2026-07-31 15:23:31,858 [INFO] ──────────────────────────────────────────────────
2026-07-31 15:23:31,858 [INFO] ▶  Running slot: engagement_question
2026-07-31 15:23:31,858 [INFO] ──────────────────────────────────────────────────
2026-07-31 15:23:31,916 [INFO] 📝 Content selected: What does growing up mean to you now versus what you thought it meant as a child...
2026-07-31 15:23:32,016 [INFO] Publishing [engagement_question] | image: /home/runner/work/bright-side-daily/bright-side-daily/images/output/engagement_question_20260731_152331.png
2026-07-31 15:23:32,016 [INFO] Caption preview: 💬 What does growing up mean to you now versus what you thought it meant as a child?

Drop your answer in the comments be...
2026-07-31 15:23:35,259 [INFO] ✅ Posted successfully [engagement_question]
2026-07-31 15:23:35,265 [INFO] ✅ Slot [engagement_question] published successfully!
2026-07-31 16:46:49,790 [INFO] Failed posts list is empty.
2026-07-31 16:46:49,933 [INFO] ──────────────────────────────────────────────────
2026-07-31 16:46:49,933 [INFO] ▶  Running slot: evening_reflection
2026-07-31 16:46:49,933 [INFO] ──────────────────────────────────────────────────
2026-07-31 16:46:50,008 [INFO] 📝 Content selected: The more you give thanks, the more life gives back....
2026-07-31 16:46:50,067 [INFO] Publishing [evening_reflection] | image: /home/runner/work/bright-side-daily/bright-side-daily/images/output/evening_reflection_20260731_164650.png
2026-07-31 16:46:50,067 [INFO] Caption preview: 🌙 The more you give thanks, the more life gives back.

Share this with someone who needs it today! 💛

#Gratitude #Thankf...
2026-07-31 16:46:55,269 [INFO] ✅ Posted successfully [evening_reflection]
2026-07-31 16:46:55,277 [INFO] ✅ Slot [evening_reflection] published successfully!
2026-07-31 17:13:45,688 [INFO] Failed posts list is empty.
2026-07-31 17:13:45,846 [INFO] ──────────────────────────────────────────────────
2026-07-31 17:13:45,846 [INFO] ▶  Running slot: morning_motivation
2026-07-31 17:13:45,846 [INFO] ──────────────────────────────────────────────────
2026-07-31 17:13:45,919 [INFO] 📝 Content selected: Every great story began with a decision....
2026-07-31 17:13:46,024 [INFO] Publishing [morning_motivation] | image: /home/runner/work/bright-side-daily/bright-side-daily/images/output/morning_motivation_20260731_171345.png
2026-07-31 17:13:46,024 [INFO] Caption preview: ☀️ Every great story began with a decision.

Share this with someone who needs it today! 💛

#Motivation #Success #Mindse...
2026-07-31 17:13:51,914 [INFO] ✅ Posted successfully [morning_motivation]
2026-07-31 17:13:51,922 [INFO] ✅ Slot [morning_motivation] published successfully!
2026-07-31 19:15:15,780 [INFO] Failed posts list is empty.
2026-07-31 19:15:15,928 [INFO] ──────────────────────────────────────────────────
2026-07-31 19:15:15,928 [INFO] ▶  Running slot: morning_motivation
2026-07-31 19:15:15,928 [INFO] ──────────────────────────────────────────────────
2026-07-31 19:15:16,000 [INFO] 📝 Content selected: Rise higher. Go further. Shine brighter....
2026-07-31 19:15:16,116 [INFO] Publishing [morning_motivation] | image: /home/runner/work/bright-side-daily/bright-side-daily/images/output/morning_motivation_20260731_191516.png
2026-07-31 19:15:16,116 [INFO] Caption preview: ☀️ Rise higher. Go further. Shine brighter.

Share this with someone who needs it today! 💛

#Motivation #Success #Mindse...
2026-07-31 19:15:20,939 [INFO] ✅ Posted successfully [morning_motivation]
2026-07-31 19:15:20,948 [INFO] ✅ Slot [morning_motivation] published successfully!
2026-08-01 07:27:37,379 [INFO] Failed posts list is empty.
2026-08-01 07:27:37,551 [INFO] ──────────────────────────────────────────────────
2026-08-01 07:27:37,551 [INFO] ▶  Running slot: positive_quote
2026-08-01 07:27:37,551 [INFO] ──────────────────────────────────────────────────
2026-08-01 07:27:37,627 [INFO] 📝 Content selected: There is nothing more beautiful than a person who is fully themselves....
2026-08-01 07:27:37,738 [INFO] Publishing [positive_quote] | image: /home/runner/work/bright-side-daily/bright-side-daily/images/output/positive_quote_20260801_072737.png
2026-08-01 07:27:37,738 [INFO] Caption preview: 🌟 There is nothing more beautiful than a person who is fully themselves.

Share this with someone who needs it today! 💛
...
2026-08-01 07:27:42,796 [INFO] ✅ Posted successfully [positive_quote]
2026-08-01 07:27:42,805 [INFO] ✅ Slot [positive_quote] published successfully!
2026-08-01 09:07:30,695 [INFO] Failed posts list is empty.
2026-08-01 09:07:30,809 [INFO] ──────────────────────────────────────────────────
2026-08-01 09:07:30,810 [INFO] ▶  Running slot: funny_meme
2026-08-01 09:07:30,810 [INFO] ──────────────────────────────────────────────────
2026-08-01 09:07:30,869 [INFO] 📝 Content selected: The philosophical question of whether to wash one dish now or let it become a bi...
2026-08-01 09:07:30,973 [INFO] Publishing [funny_meme] | image: /home/runner/work/bright-side-daily/bright-side-daily/images/output/funny_meme_20260801_090730.png
2026-08-01 09:07:30,974 [INFO] Caption preview: 😄 The philosophical question of whether to wash one dish now or let it become a bigger job.

Tag someone who can relate!...
2026-08-01 09:07:35,216 [INFO] ✅ Posted successfully [funny_meme]
2026-08-01 09:07:35,222 [INFO] ✅ Slot [funny_meme] published successfully!
2026-08-01 09:49:48,706 [INFO] Failed posts list is empty.
2026-08-01 09:49:48,858 [INFO] ──────────────────────────────────────────────────
2026-08-01 09:49:48,858 [INFO] ▶  Running slot: funny_meme
2026-08-01 09:49:48,858 [INFO] ──────────────────────────────────────────────────
2026-08-01 09:49:48,933 [INFO] 📝 Content selected: Being fully committed to staying in. Someone cancels. Joy....
2026-08-01 09:49:49,088 [INFO] Publishing [funny_meme] | image: /home/runner/work/bright-side-daily/bright-side-daily/images/output/funny_meme_20260801_094949.png
2026-08-01 09:49:49,088 [INFO] Caption preview: 😄 Being fully committed to staying in. Someone cancels. Joy.

Tag someone who can relate! 😂

#RelatableLife #Funny #Mond...
2026-08-01 09:49:52,810 [INFO] ✅ Posted successfully [funny_meme]
2026-08-01 09:49:52,818 [INFO] ✅ Slot [funny_meme] published successfully!
2026-08-01 10:38:18,344 [INFO] Failed posts list is empty.
2026-08-01 10:38:18,513 [INFO] ──────────────────────────────────────────────────
2026-08-01 10:38:18,513 [INFO] ▶  Running slot: midday_encouragement
2026-08-01 10:38:18,513 [INFO] ──────────────────────────────────────────────────
2026-08-01 10:38:18,597 [INFO] 📝 Content selected: Keep going. Keep growing. Keep glowing....
2026-08-01 10:38:18,660 [INFO] Publishing [midday_encouragement] | image: /home/runner/work/bright-side-daily/bright-side-daily/images/output/midday_encouragement_20260801_103818.png
2026-08-01 10:38:18,660 [INFO] Caption preview: 💪 Keep going. Keep growing. Keep glowing.

Share this with someone who needs it today! 💛

#YouGotThis #KeepGoing #NeverG...
2026-08-01 10:38:25,639 [INFO] ✅ Posted successfully [midday_encouragement]
2026-08-01 10:38:25,648 [INFO] ✅ Slot [midday_encouragement] published successfully!
2026-08-01 11:22:59,081 [INFO] Failed posts list is empty.
2026-08-01 11:22:59,241 [INFO] ──────────────────────────────────────────────────
2026-08-01 11:22:59,241 [INFO] ▶  Running slot: afternoon_wisdom
2026-08-01 11:22:59,241 [INFO] ──────────────────────────────────────────────────
2026-08-01 11:22:59,316 [ERROR] ❌ Content selection failed: 'afternoon_wisdom'
2026-08-01 12:00:21,869 [INFO] Failed posts list is empty.
2026-08-01 12:00:22,016 [INFO] ──────────────────────────────────────────────────
2026-08-01 12:00:22,016 [INFO] ▶  Running slot: morning_motivation
2026-08-01 12:00:22,016 [INFO] ──────────────────────────────────────────────────
2026-08-01 12:00:22,091 [INFO] 📝 Content selected: Life is 10% what happens to you and 90% how you react to it....
2026-08-01 12:00:22,150 [INFO] Publishing [morning_motivation] | image: /home/runner/work/bright-side-daily/bright-side-daily/images/output/morning_motivation_20260801_120022.png
2026-08-01 12:00:22,150 [INFO] Caption preview: ☀️ Life is 10% what happens to you and 90% how you react to it.

Share this with someone who needs it today! 💛

#Motivat...
2026-08-01 12:00:27,482 [INFO] ✅ Posted successfully [morning_motivation]
2026-08-01 12:00:27,491 [INFO] ✅ Slot [morning_motivation] published successfully!
2026-08-01 14:36:50,524 [INFO] Failed posts list is empty.
2026-08-01 14:36:50,669 [INFO] ──────────────────────────────────────────────────
2026-08-01 14:36:50,669 [INFO] ▶  Running slot: morning_motivation
2026-08-01 14:36:50,669 [INFO] ──────────────────────────────────────────────────
2026-08-01 14:36:50,745 [INFO] 📝 Content selected: Success is not an accident. It's a product of your daily decisions....
2026-08-01 14:36:50,913 [INFO] Publishing [morning_motivation] | image: /home/runner/work/bright-side-daily/bright-side-daily/images/output/morning_motivation_20260801_143650.png
2026-08-01 14:36:50,913 [INFO] Caption preview: ☀️ Success is not an accident. It's a product of your daily decisions.

Share this with someone who needs it today! 💛

#...
2026-08-01 14:36:56,062 [INFO] ✅ Posted successfully [morning_motivation]
2026-08-01 14:36:56,070 [INFO] ✅ Slot [morning_motivation] published successfully!
2026-08-01 16:02:28,018 [INFO] Failed posts list is empty.
2026-08-01 16:02:28,149 [INFO] ──────────────────────────────────────────────────
2026-08-01 16:02:28,149 [INFO] ▶  Running slot: evening_reflection
2026-08-01 16:02:28,149 [INFO] ──────────────────────────────────────────────────
2026-08-01 16:02:28,222 [INFO] 📝 Content selected: Thank the rain. It makes the flowers possible....
2026-08-01 16:02:28,357 [INFO] Publishing [evening_reflection] | image: /home/runner/work/bright-side-daily/bright-side-daily/images/output/evening_reflection_20260801_160228.png
2026-08-01 16:02:28,357 [INFO] Caption preview: 🌙 Thank the rain. It makes the flowers possible.

Share this with someone who needs it today! 💛

#Gratitude #Thankful #C...
2026-08-01 16:02:33,210 [INFO] ✅ Posted successfully [evening_reflection]
2026-08-01 16:02:33,218 [INFO] ✅ Slot [evening_reflection] published successfully!
2026-08-01 16:42:25,068 [INFO] Failed posts list is empty.
2026-08-01 16:42:25,214 [INFO] ──────────────────────────────────────────────────
2026-08-01 16:42:25,214 [INFO] ▶  Running slot: evening_reflection
2026-08-01 16:42:25,214 [INFO] ──────────────────────────────────────────────────
2026-08-01 16:42:25,289 [INFO] 📝 Content selected: Gratitude is the art of seeing enough in what already is....
2026-08-01 16:42:25,397 [INFO] Publishing [evening_reflection] | image: /home/runner/work/bright-side-daily/bright-side-daily/images/output/evening_reflection_20260801_164225.png
2026-08-01 16:42:25,397 [INFO] Caption preview: 🌙 Gratitude is the art of seeing enough in what already is.

Share this with someone who needs it today! 💛

#Gratitude #...
2026-08-01 16:42:35,327 [INFO] ✅ Posted successfully [evening_reflection]
2026-08-01 16:42:35,336 [INFO] ✅ Slot [evening_reflection] published successfully!
2026-08-01 18:59:38,050 [INFO] Failed posts list is empty.
2026-08-01 18:59:38,211 [INFO] ──────────────────────────────────────────────────
2026-08-01 18:59:38,212 [INFO] ▶  Running slot: night_inspiration
2026-08-01 18:59:38,212 [INFO] ──────────────────────────────────────────────────
2026-08-01 18:59:38,291 [ERROR] ❌ Content selection failed: 'night_inspiration'
2026-08-02 07:31:35,044 [INFO] Failed posts list is empty.
2026-08-02 07:31:35,205 [INFO] ──────────────────────────────────────────────────
2026-08-02 07:31:35,205 [INFO] ▶  Running slot: positive_quote
2026-08-02 07:31:35,205 [INFO] ──────────────────────────────────────────────────
2026-08-02 07:31:35,284 [INFO] 📝 Content selected: Every act of love is a monument that outlasts its moment....
2026-08-02 07:31:35,483 [INFO] Publishing [positive_quote] | image: /home/runner/work/bright-side-daily/bright-side-daily/images/output/positive_quote_20260802_073135.png
2026-08-02 07:31:35,483 [INFO] Caption preview: 🌟 Every act of love is a monument that outlasts its moment.

Share this with someone who needs it today! 💛

#PositiveVib...
2026-08-02 07:31:39,806 [INFO] ✅ Posted successfully [positive_quote]
2026-08-02 07:31:39,815 [INFO] ✅ Slot [positive_quote] published successfully!
2026-08-02 09:10:08,226 [INFO] Failed posts list is empty.
2026-08-02 09:10:08,369 [INFO] ──────────────────────────────────────────────────
2026-08-02 09:10:08,369 [INFO] ▶  Running slot: funny_meme
2026-08-02 09:10:08,369 [INFO] ──────────────────────────────────────────────────
2026-08-02 09:10:08,447 [INFO] 📝 Content selected: When 'I'll start tomorrow' becomes 'I'll start when the timing feels right.'...
2026-08-02 09:10:08,548 [INFO] Publishing [funny_meme] | image: /home/runner/work/bright-side-daily/bright-side-daily/images/output/funny_meme_20260802_091008.png
2026-08-02 09:10:08,549 [INFO] Caption preview: 😄 When 'I'll start tomorrow' becomes 'I'll start when the timing feels right.'

Tag someone who can relate! 😂

#Relatabl...
2026-08-02 09:10:14,058 [INFO] ✅ Posted successfully [funny_meme]
2026-08-02 09:10:14,066 [INFO] ✅ Slot [funny_meme] published successfully!
2026-08-02 09:48:39,881 [INFO] Failed posts list is empty.
2026-08-02 09:48:40,023 [INFO] ──────────────────────────────────────────────────
2026-08-02 09:48:40,023 [INFO] ▶  Running slot: funny_meme
2026-08-02 09:48:40,023 [INFO] ──────────────────────────────────────────────────
2026-08-02 09:48:40,101 [INFO] 📝 Content selected: When 'I'm not really hungry' becomes finishing someone else's meal because it's ...
2026-08-02 09:48:40,243 [INFO] Publishing [funny_meme] | image: /home/runner/work/bright-side-daily/bright-side-daily/images/output/funny_meme_20260802_094840.png
2026-08-02 09:48:40,243 [INFO] Caption preview: 😄 When 'I'm not really hungry' becomes finishing someone else's meal because it's there.

Tag someone who can relate! 😂
...
2026-08-02 09:48:44,676 [INFO] ✅ Posted successfully [funny_meme]
2026-08-02 09:48:44,685 [INFO] ✅ Slot [funny_meme] published successfully!
2026-08-02 10:38:15,321 [INFO] Failed posts list is empty.
2026-08-02 10:38:15,477 [INFO] ──────────────────────────────────────────────────
2026-08-02 10:38:15,477 [INFO] ▶  Running slot: midday_encouragement
2026-08-02 10:38:15,477 [INFO] ──────────────────────────────────────────────────
2026-08-02 10:38:15,569 [INFO] 📝 Content selected: You are exactly who you need to be right now....
2026-08-02 10:38:15,872 [INFO] Publishing [midday_encouragement] | image: /home/runner/work/bright-side-daily/bright-side-daily/images/output/midday_encouragement_20260802_103815.png
2026-08-02 10:38:15,872 [INFO] Caption preview: 💪 You are exactly who you need to be right now.

Share this with someone who needs it today! 💛

#YouGotThis #KeepGoing #...
2026-08-02 10:38:21,529 [INFO] ✅ Posted successfully [midday_encouragement]
2026-08-02 10:38:21,538 [INFO] ✅ Slot [midday_encouragement] published successfully!
2026-08-02 11:21:38,162 [INFO] Failed posts list is empty.
2026-08-02 11:21:38,304 [INFO] ──────────────────────────────────────────────────
2026-08-02 11:21:38,304 [INFO] ▶  Running slot: afternoon_wisdom
2026-08-02 11:21:38,304 [INFO] ──────────────────────────────────────────────────
2026-08-02 11:21:38,380 [ERROR] ❌ Content selection failed: 'afternoon_wisdom'
2026-08-02 11:59:27,309 [INFO] Failed posts list is empty.
2026-08-02 11:59:27,425 [INFO] ──────────────────────────────────────────────────
2026-08-02 11:59:27,425 [INFO] ▶  Running slot: afternoon_wisdom
2026-08-02 11:59:27,426 [INFO] ──────────────────────────────────────────────────
2026-08-02 11:59:27,486 [ERROR] ❌ Content selection failed: 'afternoon_wisdom'
2026-08-02 14:38:55,952 [INFO] Failed posts list is empty.
2026-08-02 14:38:56,094 [INFO] ──────────────────────────────────────────────────
2026-08-02 14:38:56,094 [INFO] ▶  Running slot: morning_motivation
2026-08-02 14:38:56,094 [INFO] ──────────────────────────────────────────────────
2026-08-02 14:38:56,176 [INFO] 📝 Content selected: A year from now, you'll wish you had started today....
2026-08-02 14:38:56,285 [INFO] Publishing [morning_motivation] | image: /home/runner/work/bright-side-daily/bright-side-daily/images/output/morning_motivation_20260802_143856.png
2026-08-02 14:38:56,285 [INFO] Caption preview: ☀️ A year from now, you'll wish you had started today.

Share this with someone who needs it today! 💛

#Motivation #Succ...
2026-08-02 14:39:03,173 [INFO] ✅ Posted successfully [morning_motivation]
2026-08-02 14:39:03,181 [INFO] ✅ Slot [morning_motivation] published successfully!
2026-08-02 16:01:46,331 [INFO] Failed posts list is empty.
2026-08-02 16:01:46,480 [INFO] ──────────────────────────────────────────────────
2026-08-02 16:01:46,480 [INFO] ▶  Running slot: evening_reflection
2026-08-02 16:01:46,480 [INFO] ──────────────────────────────────────────────────
2026-08-02 16:01:46,557 [INFO] 📝 Content selected: A life of gratitude is a life of joy....
2026-08-02 16:01:46,684 [INFO] Publishing [evening_reflection] | image: /home/runner/work/bright-side-daily/bright-side-daily/images/output/evening_reflection_20260802_160146.png
2026-08-02 16:01:46,684 [INFO] Caption preview: 🌙 A life of gratitude is a life of joy.

Share this with someone who needs it today! 💛

#Gratitude #Thankful #CountYourB...
2026-08-02 16:01:50,330 [INFO] ✅ Posted successfully [evening_reflection]
2026-08-02 16:01:50,338 [INFO] ✅ Slot [evening_reflection] published successfully!
2026-08-02 16:41:05,833 [INFO] Failed posts list is empty.
2026-08-02 16:41:05,977 [INFO] ──────────────────────────────────────────────────
2026-08-02 16:41:05,977 [INFO] ▶  Running slot: evening_reflection
2026-08-02 16:41:05,977 [INFO] ──────────────────────────────────────────────────
2026-08-02 16:41:06,054 [INFO] 📝 Content selected: Your blessings, counted daily, always add up to more than you imagined....
2026-08-02 16:41:06,162 [INFO] Publishing [evening_reflection] | image: /home/runner/work/bright-side-daily/bright-side-daily/images/output/evening_reflection_20260802_164106.png
2026-08-02 16:41:06,162 [INFO] Caption preview: 🌙 Your blessings, counted daily, always add up to more than you imagined.

Share this with someone who needs it today! 💛...
2026-08-02 16:41:10,720 [INFO] ✅ Posted successfully [evening_reflection]
2026-08-02 16:41:10,728 [INFO] ✅ Slot [evening_reflection] published successfully!
2026-08-02 19:00:35,603 [INFO] Failed posts list is empty.
2026-08-02 19:00:35,743 [INFO] ──────────────────────────────────────────────────
2026-08-02 19:00:35,743 [INFO] ▶  Running slot: morning_motivation
2026-08-02 19:00:35,743 [INFO] ──────────────────────────────────────────────────
2026-08-02 19:00:35,821 [INFO] 📝 Content selected: Believe you can and you're halfway there....
2026-08-02 19:00:35,936 [INFO] Publishing [morning_motivation] | image: /home/runner/work/bright-side-daily/bright-side-daily/images/output/morning_motivation_20260802_190035.png
2026-08-02 19:00:35,936 [INFO] Caption preview: ☀️ Believe you can and you're halfway there.

Share this with someone who needs it today! 💛

#Motivation #Success #Minds...
2026-08-02 19:00:41,398 [INFO] ✅ Posted successfully [morning_motivation]
2026-08-02 19:00:41,406 [INFO] ✅ Slot [morning_motivation] published successfully!
2026-08-03 08:28:53,825 [INFO] Failed posts list is empty.
2026-08-03 08:28:53,977 [INFO] ──────────────────────────────────────────────────
2026-08-03 08:28:53,977 [INFO] ▶  Running slot: self_improvement
2026-08-03 08:28:53,977 [INFO] ──────────────────────────────────────────────────
2026-08-03 08:28:54,064 [INFO] 📝 Content selected: Make self-improvement the foundation on which everything else is built....
2026-08-03 08:28:54,172 [INFO] Publishing [self_improvement] | image: /home/runner/work/bright-side-daily/bright-side-daily/images/output/self_improvement_20260803_082854.png
2026-08-03 08:28:54,172 [INFO] Caption preview: 📈 Make self-improvement the foundation on which everything else is built.

Share this with someone who needs it today! 💛...
2026-08-03 08:29:04,278 [INFO] ✅ Posted successfully [self_improvement]
2026-08-03 08:29:04,286 [INFO] ✅ Slot [self_improvement] published successfully!
2026-08-03 10:44:37,027 [INFO] Failed posts list is empty.
2026-08-03 10:44:37,169 [INFO] ──────────────────────────────────────────────────
2026-08-03 10:44:37,169 [INFO] ▶  Running slot: midday_encouragement
2026-08-03 10:44:37,169 [INFO] ──────────────────────────────────────────────────
2026-08-03 10:44:37,250 [INFO] 📝 Content selected: The darkest hours have always given way to morning for you. This time is no diff...
2026-08-03 10:44:37,367 [INFO] Publishing [midday_encouragement] | image: /home/runner/work/bright-side-daily/bright-side-daily/images/output/midday_encouragement_20260803_104437.png
2026-08-03 10:44:37,368 [INFO] Caption preview: 💪 The darkest hours have always given way to morning for you. This time is no different.

Share this with someone who ne...
2026-08-03 10:44:44,593 [INFO] ✅ Posted successfully [midday_encouragement]
2026-08-03 10:44:44,602 [INFO] ✅ Slot [midday_encouragement] published successfully!
2026-08-03 11:13:03,154 [INFO] Failed posts list is empty.
2026-08-03 11:13:03,272 [INFO] ──────────────────────────────────────────────────
2026-08-03 11:13:03,272 [INFO] ▶  Running slot: afternoon_wisdom
2026-08-03 11:13:03,272 [INFO] ──────────────────────────────────────────────────
2026-08-03 11:13:03,336 [ERROR] ❌ Content selection failed: 'afternoon_wisdom'
2026-08-03 12:19:39,062 [INFO] Failed posts list is empty.
2026-08-03 12:19:39,220 [INFO] ──────────────────────────────────────────────────
2026-08-03 12:19:39,220 [INFO] ▶  Running slot: morning_motivation
2026-08-03 12:19:39,220 [INFO] ──────────────────────────────────────────────────
2026-08-03 12:19:39,314 [INFO] 📝 Content selected: Your struggle is part of your story....
2026-08-03 12:19:39,431 [INFO] Publishing [morning_motivation] | image: /home/runner/work/bright-side-daily/bright-side-daily/images/output/morning_motivation_20260803_121939.png
2026-08-03 12:19:39,431 [INFO] Caption preview: ☀️ Your struggle is part of your story.

Share this with someone who needs it today! 💛

#Motivation #Success #MindsetMat...
2026-08-03 12:19:43,436 [INFO] ✅ Posted successfully [morning_motivation]
2026-08-03 12:19:43,448 [INFO] ✅ Slot [morning_motivation] published successfully!
2026-08-03 13:14:44,109 [INFO] Failed posts list is empty.
2026-08-03 13:14:44,236 [INFO] ──────────────────────────────────────────────────
2026-08-03 13:14:44,236 [INFO] ▶  Running slot: gratitude_moment
2026-08-03 13:14:44,236 [INFO] ──────────────────────────────────────────────────
2026-08-03 13:14:44,299 [ERROR] ❌ Content selection failed: 'gratitude_moment'
2026-08-03 13:38:08,420 [INFO] Failed posts list is empty.
2026-08-03 13:38:08,551 [INFO] ──────────────────────────────────────────────────
2026-08-03 13:38:08,552 [INFO] ▶  Running slot: gratitude_moment
2026-08-03 13:38:08,552 [INFO] ──────────────────────────────────────────────────
2026-08-03 13:38:08,631 [ERROR] ❌ Content selection failed: 'gratitude_moment'
2026-08-03 15:46:53,926 [INFO] Failed posts list is empty.
2026-08-03 15:46:54,075 [INFO] ──────────────────────────────────────────────────
2026-08-03 15:46:54,075 [INFO] ▶  Running slot: engagement_question
2026-08-03 15:46:54,075 [INFO] ──────────────────────────────────────────────────
2026-08-03 15:46:54,158 [INFO] 📝 Content selected: What's your relationship with failure — has it changed over time?...
2026-08-03 15:46:54,306 [INFO] Publishing [engagement_question] | image: /home/runner/work/bright-side-daily/bright-side-daily/images/output/engagement_question_20260803_154654.png
2026-08-03 15:46:54,306 [INFO] Caption preview: 💬 What's your relationship with failure — has it changed over time?

Drop your answer in the comments below 👇

#Communit...
2026-08-03 15:46:59,868 [INFO] ✅ Posted successfully [engagement_question]
2026-08-03 15:46:59,877 [INFO] ✅ Slot [engagement_question] published successfully!
2026-08-03 17:09:43,316 [INFO] Failed posts list is empty.
2026-08-03 17:09:43,463 [INFO] ──────────────────────────────────────────────────
2026-08-03 17:09:43,463 [INFO] ▶  Running slot: morning_motivation
2026-08-03 17:09:43,463 [INFO] ──────────────────────────────────────────────────
2026-08-03 17:09:43,545 [INFO] 📝 Content selected: Don't break until you've broken through....
2026-08-03 17:09:43,649 [INFO] Publishing [morning_motivation] | image: /home/runner/work/bright-side-daily/bright-side-daily/images/output/morning_motivation_20260803_170943.png
2026-08-03 17:09:43,650 [INFO] Caption preview: ☀️ Don't break until you've broken through.

Share this with someone who needs it today! 💛

#Motivation #Success #Mindse...
2026-08-03 17:09:49,521 [INFO] ✅ Posted successfully [morning_motivation]
2026-08-03 17:09:49,529 [INFO] ✅ Slot [morning_motivation] published successfully!
2026-08-03 17:30:27,363 [INFO] Failed posts list is empty.
2026-08-03 17:30:27,513 [INFO] ──────────────────────────────────────────────────
2026-08-03 17:30:27,513 [INFO] ▶  Running slot: morning_motivation
2026-08-03 17:30:27,513 [INFO] ──────────────────────────────────────────────────
2026-08-03 17:30:27,595 [INFO] 📝 Content selected: Your potential is endless....
2026-08-03 17:30:27,697 [INFO] Publishing [morning_motivation] | image: /home/runner/work/bright-side-daily/bright-side-daily/images/output/morning_motivation_20260803_173027.png
2026-08-03 17:30:27,697 [INFO] Caption preview: ☀️ Your potential is endless.

Share this with someone who needs it today! 💛

#Motivation #Success #MindsetMatters #Dail...
2026-08-03 17:30:32,914 [INFO] ✅ Posted successfully [morning_motivation]
2026-08-03 17:30:32,923 [INFO] ✅ Slot [morning_motivation] published successfully!
2026-08-03 19:23:04,878 [INFO] Failed posts list is empty.
2026-08-03 19:23:05,039 [INFO] ──────────────────────────────────────────────────
2026-08-03 19:23:05,039 [INFO] ▶  Running slot: morning_motivation
2026-08-03 19:23:05,039 [INFO] ──────────────────────────────────────────────────
2026-08-03 19:23:05,125 [INFO] 📝 Content selected: Be the change you wish to see in the world....
2026-08-03 19:23:05,228 [INFO] Publishing [morning_motivation] | image: /home/runner/work/bright-side-daily/bright-side-daily/images/output/morning_motivation_20260803_192305.png
2026-08-03 19:23:05,228 [INFO] Caption preview: ☀️ Be the change you wish to see in the world.

Share this with someone who needs it today! 💛

#Motivation #Success #Min...
2026-08-03 19:23:09,690 [INFO] ✅ Posted successfully [morning_motivation]
2026-08-03 19:23:09,702 [INFO] ✅ Slot [morning_motivation] published successfully!
2026-08-04 07:39:41,246 [INFO] Failed posts list is empty.
2026-08-04 07:39:41,396 [INFO] ──────────────────────────────────────────────────
2026-08-04 07:39:41,396 [INFO] ▶  Running slot: positive_quote
2026-08-04 07:39:41,396 [INFO] ──────────────────────────────────────────────────
2026-08-04 07:39:41,479 [INFO] 📝 Content selected: Give thanks for another beautiful day....
2026-08-04 07:39:41,582 [INFO] Publishing [positive_quote] | image: /home/runner/work/bright-side-daily/bright-side-daily/images/output/positive_quote_20260804_073941.png
2026-08-04 07:39:41,582 [INFO] Caption preview: 🌟 Give thanks for another beautiful day.

Share this with someone who needs it today! 💛

#PositiveVibes #HappyLife #Good...
2026-08-04 07:39:47,520 [INFO] ✅ Posted successfully [positive_quote]
2026-08-04 07:39:47,529 [INFO] ✅ Slot [positive_quote] published successfully!
2026-08-04 09:39:22,166 [INFO] Failed posts list is empty.
2026-08-04 09:39:22,309 [INFO] ──────────────────────────────────────────────────
2026-08-04 09:39:22,309 [INFO] ▶  Running slot: funny_meme
2026-08-04 09:39:22,309 [INFO] ──────────────────────────────────────────────────
2026-08-04 09:39:22,394 [INFO] 📝 Content selected: Waking up five minutes before the alarm and choosing chaos....
2026-08-04 09:39:22,500 [INFO] Publishing [funny_meme] | image: /home/runner/work/bright-side-daily/bright-side-daily/images/output/funny_meme_20260804_093922.png
2026-08-04 09:39:22,500 [INFO] Caption preview: 😄 Waking up five minutes before the alarm and choosing chaos.

Tag someone who can relate! 😂

#RelatableLife #Funny #Mon...
2026-08-04 09:39:28,153 [INFO] ✅ Posted successfully [funny_meme]
2026-08-04 09:39:28,161 [INFO] ✅ Slot [funny_meme] published successfully!
2026-08-04 10:27:25,612 [INFO] Failed posts list is empty.
2026-08-04 10:27:25,761 [INFO] ──────────────────────────────────────────────────
2026-08-04 10:27:25,761 [INFO] ▶  Running slot: midday_encouragement
2026-08-04 10:27:25,761 [INFO] ──────────────────────────────────────────────────
2026-08-04 10:27:25,842 [INFO] 📝 Content selected: One step at a time — that's all it takes....
2026-08-04 10:27:25,947 [INFO] Publishing [midday_encouragement] | image: /home/runner/work/bright-side-daily/bright-side-daily/images/output/midday_encouragement_20260804_102725.png
2026-08-04 10:27:25,947 [INFO] Caption preview: 💪 One step at a time — that's all it takes.

Share this with someone who needs it today! 💛

#YouGotThis #KeepGoing #Neve...
2026-08-04 10:27:29,419 [INFO] ✅ Posted successfully [midday_encouragement]
2026-08-04 10:27:29,428 [INFO] ✅ Slot [midday_encouragement] published successfully!
2026-08-04 11:21:06,047 [INFO] Failed posts list is empty.
2026-08-04 11:21:06,208 [INFO] ──────────────────────────────────────────────────
2026-08-04 11:21:06,208 [INFO] ▶  Running slot: afternoon_wisdom
2026-08-04 11:21:06,208 [INFO] ──────────────────────────────────────────────────
2026-08-04 11:21:06,292 [ERROR] ❌ Content selection failed: 'afternoon_wisdom'
2026-08-04 12:06:24,844 [INFO] Failed posts list is empty.
2026-08-04 12:06:24,993 [INFO] ──────────────────────────────────────────────────
2026-08-04 12:06:24,993 [INFO] ▶  Running slot: morning_motivation
2026-08-04 12:06:24,993 [INFO] ──────────────────────────────────────────────────
2026-08-04 12:06:25,076 [INFO] 📝 Content selected: The world makes room for passionate people....
2026-08-04 12:06:25,221 [INFO] Publishing [morning_motivation] | image: /home/runner/work/bright-side-daily/bright-side-daily/images/output/morning_motivation_20260804_120625.png
2026-08-04 12:06:25,221 [INFO] Caption preview: ☀️ The world makes room for passionate people.

Share this with someone who needs it today! 💛

#Motivation #Success #Min...
2026-08-04 12:06:30,438 [INFO] ✅ Posted successfully [morning_motivation]
2026-08-04 12:06:30,447 [INFO] ✅ Slot [morning_motivation] published successfully!
2026-08-04 12:58:32,436 [INFO] Failed posts list is empty.
2026-08-04 12:58:32,589 [INFO] ──────────────────────────────────────────────────
2026-08-04 12:58:32,589 [INFO] ▶  Running slot: morning_motivation
2026-08-04 12:58:32,589 [INFO] ──────────────────────────────────────────────────
2026-08-04 12:58:32,674 [INFO] 📝 Content selected: Go the extra mile. It's never crowded there....
2026-08-04 12:58:32,792 [INFO] Publishing [morning_motivation] | image: /home/runner/work/bright-side-daily/bright-side-daily/images/output/morning_motivation_20260804_125832.png
2026-08-04 12:58:32,792 [INFO] Caption preview: ☀️ Go the extra mile. It's never crowded there.

Share this with someone who needs it today! 💛

#Motivation #Success #Mi...
2026-08-04 12:58:37,454 [INFO] ✅ Posted successfully [morning_motivation]
2026-08-04 12:58:37,463 [INFO] ✅ Slot [morning_motivation] published successfully!
2026-08-04 15:27:24,026 [INFO] Failed posts list is empty.
2026-08-04 15:27:24,171 [INFO] ──────────────────────────────────────────────────
2026-08-04 15:27:24,171 [INFO] ▶  Running slot: engagement_question
2026-08-04 15:27:24,171 [INFO] ──────────────────────────────────────────────────
2026-08-04 15:27:24,256 [INFO] 📝 Content selected: What's the most important lesson your parents or guardians taught you?...
2026-08-04 15:27:24,364 [INFO] Publishing [engagement_question] | image: /home/runner/work/bright-side-daily/bright-side-daily/images/output/engagement_question_20260804_152724.png
2026-08-04 15:27:24,365 [INFO] Caption preview: 💬 What's the most important lesson your parents or guardians taught you?

Drop your answer in the comments below 👇

#Com...
2026-08-04 15:27:28,312 [INFO] ✅ Posted successfully [engagement_question]
2026-08-04 15:27:28,321 [INFO] ✅ Slot [engagement_question] published successfully!
2026-08-04 16:52:37,686 [INFO] Failed posts list is empty.
2026-08-04 16:52:37,839 [INFO] ──────────────────────────────────────────────────
2026-08-04 16:52:37,839 [INFO] ▶  Running slot: evening_reflection
2026-08-04 16:52:37,839 [INFO] ──────────────────────────────────────────────────
2026-08-04 16:52:37,924 [INFO] 📝 Content selected: Be grateful before you ask. Be grateful while you wait. Be grateful when you rec...
2026-08-04 16:52:38,033 [INFO] Publishing [evening_reflection] | image: /home/runner/work/bright-side-daily/bright-side-daily/images/output/evening_reflection_20260804_165237.png
2026-08-04 16:52:38,033 [INFO] Caption preview: 🌙 Be grateful before you ask. Be grateful while you wait. Be grateful when you receive.

Share this with someone who nee...
2026-08-04 16:52:44,703 [INFO] ✅ Posted successfully [evening_reflection]
2026-08-04 16:52:44,712 [INFO] ✅ Slot [evening_reflection] published successfully!
2026-08-04 17:25:28,739 [INFO] Failed posts list is empty.
2026-08-04 17:25:28,882 [INFO] ──────────────────────────────────────────────────
2026-08-04 17:25:28,882 [INFO] ▶  Running slot: morning_motivation
2026-08-04 17:25:28,883 [INFO] ──────────────────────────────────────────────────
2026-08-04 17:25:28,971 [INFO] 📝 Content selected: Your consistency today is your success tomorrow....
2026-08-04 17:25:29,077 [INFO] Publishing [morning_motivation] | image: /home/runner/work/bright-side-daily/bright-side-daily/images/output/morning_motivation_20260804_172529.png
2026-08-04 17:25:29,077 [INFO] Caption preview: ☀️ Your consistency today is your success tomorrow.

Share this with someone who needs it today! 💛

#Motivation #Success...
2026-08-04 17:25:33,728 [INFO] ✅ Posted successfully [morning_motivation]
2026-08-04 17:25:33,737 [INFO] ✅ Slot [morning_motivation] published successfully!
2026-08-04 19:22:53,562 [INFO] Failed posts list is empty.
2026-08-04 19:22:53,704 [INFO] ──────────────────────────────────────────────────
2026-08-04 19:22:53,704 [INFO] ▶  Running slot: morning_motivation
2026-08-04 19:22:53,704 [INFO] ──────────────────────────────────────────────────
2026-08-04 19:22:53,788 [INFO] 📝 Content selected: A focused mind is the most powerful force in the universe....
2026-08-04 19:22:53,896 [INFO] Publishing [morning_motivation] | image: /home/runner/work/bright-side-daily/bright-side-daily/images/output/morning_motivation_20260804_192253.png
2026-08-04 19:22:53,896 [INFO] Caption preview: ☀️ A focused mind is the most powerful force in the universe.

Share this with someone who needs it today! 💛

#Motivatio...
2026-08-04 19:22:58,221 [INFO] ✅ Posted successfully [morning_motivation]
2026-08-04 19:22:58,230 [INFO] ✅ Slot [morning_motivation] published successfully!
2026-08-05 07:38:40,907 [INFO] Failed posts list is empty.
2026-08-05 07:38:41,055 [INFO] ──────────────────────────────────────────────────
2026-08-05 07:38:41,055 [INFO] ▶  Running slot: positive_quote
2026-08-05 07:38:41,055 [INFO] ──────────────────────────────────────────────────
2026-08-05 07:38:41,139 [INFO] 📝 Content selected: Life is not something to be managed. It's something to be lived....
2026-08-05 07:38:41,248 [INFO] Publishing [positive_quote] | image: /home/runner/work/bright-side-daily/bright-side-daily/images/output/positive_quote_20260805_073841.png
2026-08-05 07:38:41,248 [INFO] Caption preview: 🌟 Life is not something to be managed. It's something to be lived.

Share this with someone who needs it today! 💛

#Posi...
2026-08-05 07:38:45,053 [INFO] ✅ Posted successfully [positive_quote]
2026-08-05 07:38:45,062 [INFO] ✅ Slot [positive_quote] published successfully!
2026-08-05 09:37:48,598 [INFO] Failed posts list is empty.
2026-08-05 09:37:48,747 [INFO] ──────────────────────────────────────────────────
2026-08-05 09:37:48,748 [INFO] ▶  Running slot: funny_meme
2026-08-05 09:37:48,748 [INFO] ──────────────────────────────────────────────────
2026-08-05 09:37:48,832 [INFO] 📝 Content selected: My to-do list: 47 tasks. Me: Organizes the list instead of doing the tasks....
2026-08-05 09:37:48,935 [INFO] Publishing [funny_meme] | image: /home/runner/work/bright-side-daily/bright-side-daily/images/output/funny_meme_20260805_093748.png
2026-08-05 09:37:48,935 [INFO] Caption preview: 😄 My to-do list: 47 tasks. Me: Organizes the list instead of doing the tasks.

Tag someone who can relate! 😂

#Relatable...
2026-08-05 09:37:56,616 [INFO] ✅ Posted successfully [funny_meme]
2026-08-05 09:37:56,625 [INFO] ✅ Slot [funny_meme] published successfully!
2026-08-05 10:25:40,289 [INFO] Failed posts list is empty.
2026-08-05 10:25:40,429 [INFO] ──────────────────────────────────────────────────
2026-08-05 10:25:40,429 [INFO] ▶  Running slot: midday_encouragement
2026-08-05 10:25:40,429 [INFO] ──────────────────────────────────────────────────
2026-08-05 10:25:40,510 [INFO] 📝 Content selected: The storms you've weathered were training for the life ahead....
2026-08-05 10:25:40,599 [INFO] Publishing [midday_encouragement] | image: /home/runner/work/bright-side-daily/bright-side-daily/images/output/midday_encouragement_20260805_102540.png
2026-08-05 10:25:40,599 [INFO] Caption preview: 💪 The storms you've weathered were training for the life ahead.

Share this with someone who needs it today! 💛

#YouGotT...
2026-08-05 10:25:47,685 [INFO] ✅ Posted successfully [midday_encouragement]
2026-08-05 10:25:47,694 [INFO] ✅ Slot [midday_encouragement] published successfully!
2026-08-05 11:18:09,549 [INFO] Failed posts list is empty.
2026-08-05 11:18:09,670 [INFO] ──────────────────────────────────────────────────
2026-08-05 11:18:09,670 [INFO] ▶  Running slot: afternoon_wisdom
2026-08-05 11:18:09,670 [INFO] ──────────────────────────────────────────────────
2026-08-05 11:18:09,741 [ERROR] ❌ Content selection failed: 'afternoon_wisdom'
2026-08-05 12:04:28,883 [INFO] Failed posts list is empty.
2026-08-05 12:04:29,025 [INFO] ──────────────────────────────────────────────────
2026-08-05 12:04:29,025 [INFO] ▶  Running slot: morning_motivation
2026-08-05 12:04:29,025 [INFO] ──────────────────────────────────────────────────
2026-08-05 12:04:29,109 [INFO] 📝 Content selected: Make today the starting line, not the excuse....
2026-08-05 12:04:29,260 [INFO] Publishing [morning_motivation] | image: /home/runner/work/bright-side-daily/bright-side-daily/images/output/morning_motivation_20260805_120429.png
2026-08-05 12:04:29,260 [INFO] Caption preview: ☀️ Make today the starting line, not the excuse.

Share this with someone who needs it today! 💛

#Motivation #Success #M...
2026-08-05 12:04:36,953 [INFO] ✅ Posted successfully [morning_motivation]
2026-08-05 12:04:36,961 [INFO] ✅ Slot [morning_motivation] published successfully!
2026-08-05 12:49:31,992 [INFO] Failed posts list is empty.
2026-08-05 12:49:32,168 [INFO] ──────────────────────────────────────────────────
2026-08-05 12:49:32,169 [INFO] ▶  Running slot: morning_motivation
2026-08-05 12:49:32,169 [INFO] ──────────────────────────────────────────────────
2026-08-05 12:49:32,255 [INFO] 📝 Content selected: Every drop of sweat is a deposit in the bank of success....
2026-08-05 12:49:32,363 [INFO] Publishing [morning_motivation] | image: /home/runner/work/bright-side-daily/bright-side-daily/images/output/morning_motivation_20260805_124932.png
2026-08-05 12:49:32,363 [INFO] Caption preview: ☀️ Every drop of sweat is a deposit in the bank of success.

Share this with someone who needs it today! 💛

#Motivation ...
2026-08-05 12:49:40,690 [INFO] ✅ Posted successfully [morning_motivation]
2026-08-05 12:49:40,699 [INFO] ✅ Slot [morning_motivation] published successfully!
2026-08-05 15:18:54,898 [INFO] Failed posts list is empty.
2026-08-05 15:18:55,066 [INFO] ──────────────────────────────────────────────────
2026-08-05 15:18:55,066 [INFO] ▶  Running slot: engagement_question
2026-08-05 15:18:55,066 [INFO] ──────────────────────────────────────────────────
2026-08-05 15:18:55,159 [INFO] 📝 Content selected: What's your intention for the rest of this week — and are you willing to say it ...
2026-08-05 15:18:55,271 [INFO] Publishing [engagement_question] | image: /home/runner/work/bright-side-daily/bright-side-daily/images/output/engagement_question_20260805_151855.png
2026-08-05 15:18:55,271 [INFO] Caption preview: 💬 What's your intention for the rest of this week — and are you willing to say it out loud?

Drop your answer in the com...
2026-08-05 15:19:00,662 [INFO] ✅ Posted successfully [engagement_question]
2026-08-05 15:19:00,671 [INFO] ✅ Slot [engagement_question] published successfully!
2026-08-05 16:43:27,782 [INFO] Failed posts list is empty.
2026-08-05 16:43:27,930 [INFO] ──────────────────────────────────────────────────
2026-08-05 16:43:27,930 [INFO] ▶  Running slot: evening_reflection
2026-08-05 16:43:27,930 [INFO] ──────────────────────────────────────────────────
2026-08-05 16:43:28,017 [INFO] 📝 Content selected: Your greatest blessings often wear the disguise of ordinary moments....
2026-08-05 16:43:28,127 [INFO] Publishing [evening_reflection] | image: /home/runner/work/bright-side-daily/bright-side-daily/images/output/evening_reflection_20260805_164328.png
2026-08-05 16:43:28,127 [INFO] Caption preview: 🌙 Your greatest blessings often wear the disguise of ordinary moments.

Share this with someone who needs it today! 💛

#...
2026-08-05 16:43:31,909 [INFO] ✅ Posted successfully [evening_reflection]
2026-08-05 16:43:31,918 [INFO] ✅ Slot [evening_reflection] published successfully!
2026-08-05 17:14:52,339 [INFO] Failed posts list is empty.
2026-08-05 17:14:52,486 [INFO] ──────────────────────────────────────────────────
2026-08-05 17:14:52,486 [INFO] ▶  Running slot: morning_motivation
2026-08-05 17:14:52,486 [INFO] ──────────────────────────────────────────────────
2026-08-05 17:14:52,573 [INFO] 📝 Content selected: No pressure. No diamonds....
2026-08-05 17:14:52,717 [INFO] Publishing [morning_motivation] | image: /home/runner/work/bright-side-daily/bright-side-daily/images/output/morning_motivation_20260805_171452.png
2026-08-05 17:14:52,717 [INFO] Caption preview: ☀️ No pressure. No diamonds.

Share this with someone who needs it today! 💛

#Motivation #Success #MindsetMatters #Daily...
2026-08-05 17:14:58,562 [INFO] ✅ Posted successfully [morning_motivation]
2026-08-05 17:14:58,571 [INFO] ✅ Slot [morning_motivation] published successfully!
2026-08-05 19:20:59,762 [INFO] Failed posts list is empty.
2026-08-05 19:20:59,878 [INFO] ──────────────────────────────────────────────────
2026-08-05 19:20:59,878 [INFO] ▶  Running slot: morning_motivation
2026-08-05 19:20:59,878 [INFO] ──────────────────────────────────────────────────
2026-08-05 19:20:59,950 [INFO] 📝 Content selected: Iron sharpens iron. Surround yourself with people who push you....
2026-08-05 19:21:00,101 [INFO] Publishing [morning_motivation] | image: /home/runner/work/bright-side-daily/bright-side-daily/images/output/morning_motivation_20260805_192100.png
2026-08-05 19:21:00,101 [INFO] Caption preview: ☀️ Iron sharpens iron. Surround yourself with people who push you.

Share this with someone who needs it today! 💛

#Moti...
2026-08-05 19:21:05,252 [INFO] ✅ Posted successfully [morning_motivation]
2026-08-05 19:21:05,259 [INFO] ✅ Slot [morning_motivation] published successfully!
2026-08-06 07:39:16,087 [INFO] Failed posts list is empty.
2026-08-06 07:39:16,236 [INFO] ──────────────────────────────────────────────────
2026-08-06 07:39:16,236 [INFO] ▶  Running slot: positive_quote
2026-08-06 07:39:16,236 [INFO] ──────────────────────────────────────────────────
2026-08-06 07:39:16,325 [INFO] 📝 Content selected: Life is most beautiful when you stop rushing through it....
2026-08-06 07:39:16,437 [INFO] Publishing [positive_quote] | image: /home/runner/work/bright-side-daily/bright-side-daily/images/output/positive_quote_20260806_073916.png
2026-08-06 07:39:16,437 [INFO] Caption preview: 🌟 Life is most beautiful when you stop rushing through it.

Share this with someone who needs it today! 💛

#PositiveVibe...
2026-08-06 07:39:21,160 [INFO] ✅ Posted successfully [positive_quote]
2026-08-06 07:39:21,169 [INFO] ✅ Slot [positive_quote] published successfully!
2026-08-06 09:41:06,108 [INFO] Failed posts list is empty.
2026-08-06 09:41:06,264 [INFO] ──────────────────────────────────────────────────
2026-08-06 09:41:06,264 [INFO] ▶  Running slot: funny_meme
2026-08-06 09:41:06,264 [INFO] ──────────────────────────────────────────────────
2026-08-06 09:41:06,352 [INFO] 📝 Content selected: My morning mood vs. my mood after the first cup of coffee: a transformation....
2026-08-06 09:41:06,537 [INFO] Publishing [funny_meme] | image: /home/runner/work/bright-side-daily/bright-side-daily/images/output/funny_meme_20260806_094106.png
2026-08-06 09:41:06,537 [INFO] Caption preview: 😄 My morning mood vs. my mood after the first cup of coffee: a transformation.

Tag someone who can relate! 😂

#Relatabl...
2026-08-06 09:41:12,051 [INFO] ✅ Posted successfully [funny_meme]
2026-08-06 09:41:12,060 [INFO] ✅ Slot [funny_meme] published successfully!
2026-08-06 10:28:36,888 [INFO] Failed posts list is empty.
2026-08-06 10:28:37,042 [INFO] ──────────────────────────────────────────────────
2026-08-06 10:28:37,042 [INFO] ▶  Running slot: midday_encouragement
2026-08-06 10:28:37,042 [INFO] ──────────────────────────────────────────────────
2026-08-06 10:28:37,128 [INFO] 📝 Content selected: You are walking in faith. That takes more courage than most people know....
2026-08-06 10:28:37,235 [INFO] Publishing [midday_encouragement] | image: /home/runner/work/bright-side-daily/bright-side-daily/images/output/midday_encouragement_20260806_102837.png
2026-08-06 10:28:37,235 [INFO] Caption preview: 💪 You are walking in faith. That takes more courage than most people know.

Share this with someone who needs it today! ...
2026-08-06 10:28:41,868 [INFO] ✅ Posted successfully [midday_encouragement]
2026-08-06 10:28:41,877 [INFO] ✅ Slot [midday_encouragement] published successfully!
2026-08-06 11:20:33,349 [INFO] Failed posts list is empty.
2026-08-06 11:20:33,499 [INFO] ──────────────────────────────────────────────────
2026-08-06 11:20:33,499 [INFO] ▶  Running slot: afternoon_wisdom
2026-08-06 11:20:33,499 [INFO] ──────────────────────────────────────────────────
2026-08-06 11:20:33,585 [ERROR] ❌ Content selection failed: 'afternoon_wisdom'
2026-08-06 12:07:11,253 [INFO] Failed posts list is empty.
2026-08-06 12:07:11,393 [INFO] ──────────────────────────────────────────────────
2026-08-06 12:07:11,394 [INFO] ▶  Running slot: morning_motivation
2026-08-06 12:07:11,394 [INFO] ──────────────────────────────────────────────────
2026-08-06 12:07:11,481 [INFO] 📝 Content selected: Your only competition is the person you were yesterday....
2026-08-06 12:07:11,586 [INFO] Publishing [morning_motivation] | image: /home/runner/work/bright-side-daily/bright-side-daily/images/output/morning_motivation_20260806_120711.png
2026-08-06 12:07:11,586 [INFO] Caption preview: ☀️ Your only competition is the person you were yesterday.

Share this with someone who needs it today! 💛

#Motivation #...
2026-08-06 12:07:15,319 [INFO] ✅ Posted successfully [morning_motivation]
2026-08-06 12:07:15,328 [INFO] ✅ Slot [morning_motivation] published successfully!
2026-08-06 12:53:53,886 [INFO] Failed posts list is empty.
2026-08-06 12:53:54,040 [INFO] ──────────────────────────────────────────────────
2026-08-06 12:53:54,040 [INFO] ▶  Running slot: morning_motivation
2026-08-06 12:53:54,040 [INFO] ──────────────────────────────────────────────────
2026-08-06 12:53:54,133 [INFO] 📝 Content selected: Be the exception, not the rule....
2026-08-06 12:53:54,234 [INFO] Publishing [morning_motivation] | image: /home/runner/work/bright-side-daily/bright-side-daily/images/output/morning_motivation_20260806_125354.png
2026-08-06 12:53:54,234 [INFO] Caption preview: ☀️ Be the exception, not the rule.

Share this with someone who needs it today! 💛

#Motivation #Success #MindsetMatters ...
2026-08-06 12:53:59,014 [INFO] ✅ Posted successfully [morning_motivation]
2026-08-06 12:53:59,023 [INFO] ✅ Slot [morning_motivation] published successfully!
2026-08-06 15:18:50,682 [INFO] Failed posts list is empty.
2026-08-06 15:18:50,829 [INFO] ──────────────────────────────────────────────────
2026-08-06 15:18:50,830 [INFO] ▶  Running slot: engagement_question
2026-08-06 15:18:50,830 [INFO] ──────────────────────────────────────────────────
2026-08-06 15:18:50,919 [INFO] 📝 Content selected: What's something you've let go of that made you lighter?...
2026-08-06 15:18:51,068 [INFO] Publishing [engagement_question] | image: /home/runner/work/bright-side-daily/bright-side-daily/images/output/engagement_question_20260806_151851.png
2026-08-06 15:18:51,068 [INFO] Caption preview: 💬 What's something you've let go of that made you lighter?

Drop your answer in the comments below 👇

#Community #ShareY...
2026-08-06 15:18:58,305 [INFO] ✅ Posted successfully [engagement_question]
2026-08-06 15:18:58,314 [INFO] ✅ Slot [engagement_question] published successfully!
2026-08-06 23:52:54,689 [INFO] Failed posts list is empty.
2026-08-06 23:52:54,837 [INFO] ──────────────────────────────────────────────────
2026-08-06 23:52:54,837 [INFO] ▶  Running slot: morning_motivation
2026-08-06 23:52:54,837 [INFO] ──────────────────────────────────────────────────
2026-08-06 23:52:54,926 [INFO] 📝 Content selected: Outlast the doubt. Outrun the fear. Outlive the setbacks....
2026-08-06 23:52:55,080 [INFO] Publishing [morning_motivation] | image: /home/runner/work/bright-side-daily/bright-side-daily/images/output/morning_motivation_20260806_235255.png
2026-08-06 23:52:55,080 [INFO] Caption preview: ☀️ Outlast the doubt. Outrun the fear. Outlive the setbacks.

Share this with someone who needs it today! 💛

#Motivation...
2026-08-06 23:53:01,079 [INFO] ✅ Posted successfully [morning_motivation]
2026-08-06 23:53:01,088 [INFO] ✅ Slot [morning_motivation] published successfully!
2026-08-07 06:09:02,992 [INFO] Failed posts list is empty.
2026-08-07 06:09:03,140 [INFO] ──────────────────────────────────────────────────
2026-08-07 06:09:03,140 [INFO] ▶  Running slot: morning_motivation
2026-08-07 06:09:03,140 [INFO] ──────────────────────────────────────────────────
2026-08-07 06:09:03,228 [INFO] 📝 Content selected: Success is not owned. It's rented — and rent is due every day....
2026-08-07 06:09:03,392 [INFO] Publishing [morning_motivation] | image: /home/runner/work/bright-side-daily/bright-side-daily/images/output/morning_motivation_20260807_060903.png
2026-08-07 06:09:03,392 [INFO] Caption preview: ☀️ Success is not owned. It's rented — and rent is due every day.

Share this with someone who needs it today! 💛

#Motiv...
2026-08-07 06:09:08,183 [INFO] ✅ Posted successfully [morning_motivation]
2026-08-07 06:09:08,193 [INFO] ✅ Slot [morning_motivation] published successfully!
2026-08-07 08:15:38,765 [INFO] Failed posts list is empty.
2026-08-07 08:15:38,916 [INFO] ──────────────────────────────────────────────────
2026-08-07 08:15:38,916 [INFO] ▶  Running slot: self_improvement
2026-08-07 08:15:38,916 [INFO] ──────────────────────────────────────────────────
2026-08-07 08:15:39,008 [INFO] 📝 Content selected: Your consistent effort is the most powerful force in your life....
2026-08-07 08:15:39,173 [INFO] Publishing [self_improvement] | image: /home/runner/work/bright-side-daily/bright-side-daily/images/output/self_improvement_20260807_081539.png
2026-08-07 08:15:39,173 [INFO] Caption preview: 📈 Your consistent effort is the most powerful force in your life.

Share this with someone who needs it today! 💛

#Perso...
2026-08-07 08:15:44,048 [INFO] ✅ Posted successfully [self_improvement]
2026-08-07 08:15:44,058 [INFO] ✅ Slot [self_improvement] published successfully!
2026-08-07 08:46:39,815 [INFO] Failed posts list is empty.
2026-08-07 08:46:39,957 [INFO] ──────────────────────────────────────────────────
2026-08-07 08:46:39,957 [INFO] ▶  Running slot: self_improvement
2026-08-07 08:46:39,957 [INFO] ──────────────────────────────────────────────────
2026-08-07 08:46:40,047 [INFO] 📝 Content selected: Be the most improved version of yourself every single day....
2026-08-07 08:46:40,164 [INFO] Publishing [self_improvement] | image: /home/runner/work/bright-side-daily/bright-side-daily/images/output/self_improvement_20260807_084640.png
2026-08-07 08:46:40,164 [INFO] Caption preview: 📈 Be the most improved version of yourself every single day.

Share this with someone who needs it today! 💛

#PersonalGr...
2026-08-07 08:46:44,313 [INFO] ✅ Posted successfully [self_improvement]
2026-08-07 08:46:44,322 [INFO] ✅ Slot [self_improvement] published successfully!
2026-08-07 09:58:33,957 [INFO] Failed posts list is empty.
2026-08-07 09:58:34,110 [INFO] ──────────────────────────────────────────────────
2026-08-07 09:58:34,110 [INFO] ▶  Running slot: funny_meme
2026-08-07 09:58:34,110 [INFO] ──────────────────────────────────────────────────
2026-08-07 09:58:34,200 [INFO] 📝 Content selected: Finding the thing I've been looking for in the last place I looked. Every time....
2026-08-07 09:58:34,308 [INFO] Publishing [funny_meme] | image: /home/runner/work/bright-side-daily/bright-side-daily/images/output/funny_meme_20260807_095834.png
2026-08-07 09:58:34,308 [INFO] Caption preview: 😄 Finding the thing I've been looking for in the last place I looked. Every time.

Tag someone who can relate! 😂

#Relat...
2026-08-07 09:58:40,551 [INFO] ✅ Posted successfully [funny_meme]
2026-08-07 09:58:40,561 [INFO] ✅ Slot [funny_meme] published successfully!
2026-08-07 10:59:17,472 [INFO] Failed posts list is empty.
2026-08-07 10:59:17,618 [INFO] ──────────────────────────────────────────────────
2026-08-07 10:59:17,618 [INFO] ▶  Running slot: midday_encouragement
2026-08-07 10:59:17,618 [INFO] ──────────────────────────────────────────────────
2026-08-07 10:59:17,707 [INFO] 📝 Content selected: Today you rise. Tomorrow you shine even brighter....
2026-08-07 10:59:17,810 [INFO] Publishing [midday_encouragement] | image: /home/runner/work/bright-side-daily/bright-side-daily/images/output/midday_encouragement_20260807_105917.png
2026-08-07 10:59:17,810 [INFO] Caption preview: 💪 Today you rise. Tomorrow you shine even brighter.

Share this with someone who needs it today! 💛

#YouGotThis #KeepGoi...
2026-08-07 10:59:24,775 [INFO] ✅ Posted successfully [midday_encouragement]
2026-08-07 10:59:24,790 [INFO] ✅ Slot [midday_encouragement] published successfully!
2026-08-07 11:42:39,143 [INFO] Failed posts list is empty.
2026-08-07 11:42:39,256 [INFO] ──────────────────────────────────────────────────
2026-08-07 11:42:39,257 [INFO] ▶  Running slot: afternoon_wisdom
2026-08-07 11:42:39,257 [INFO] ──────────────────────────────────────────────────
2026-08-07 11:42:39,333 [ERROR] ❌ Content selection failed: 'afternoon_wisdom'
2026-08-07 14:14:52,014 [INFO] Failed posts list is empty.
2026-08-07 14:14:52,146 [INFO] ──────────────────────────────────────────────────
2026-08-07 14:14:52,147 [INFO] ▶  Running slot: morning_motivation
2026-08-07 14:14:52,147 [INFO] ──────────────────────────────────────────────────
2026-08-07 14:14:52,233 [INFO] 📝 Content selected: Effort is the path to excellence....
2026-08-07 14:14:52,394 [INFO] Publishing [morning_motivation] | image: /home/runner/work/bright-side-daily/bright-side-daily/images/output/morning_motivation_20260807_141452.png
2026-08-07 14:14:52,394 [INFO] Caption preview: ☀️ Effort is the path to excellence.

Share this with someone who needs it today! 💛

#Motivation #Success #MindsetMatter...
2026-08-07 14:14:58,215 [INFO] ✅ Posted successfully [morning_motivation]
2026-08-07 14:14:58,224 [INFO] ✅ Slot [morning_motivation] published successfully!
2026-08-07 15:57:45,979 [INFO] Failed posts list is empty.
2026-08-07 15:57:46,095 [INFO] ──────────────────────────────────────────────────
2026-08-07 15:57:46,095 [INFO] ▶  Running slot: engagement_question
2026-08-07 15:57:46,095 [INFO] ──────────────────────────────────────────────────
2026-08-07 15:57:46,166 [INFO] 📝 Content selected: What does your ideal morning routine look like?...
2026-08-07 15:57:46,268 [INFO] Publishing [engagement_question] | image: /home/runner/work/bright-side-daily/bright-side-daily/images/output/engagement_question_20260807_155746.png
2026-08-07 15:57:46,269 [INFO] Caption preview: 💬 What does your ideal morning routine look like?

Drop your answer in the comments below 👇

#Community #ShareYourThough...
2026-08-07 15:57:51,395 [INFO] ✅ Posted successfully [engagement_question]
2026-08-07 15:57:51,494 [INFO] ✅ Slot [engagement_question] published successfully!
2026-08-07 16:37:00,412 [INFO] Failed posts list is empty.
2026-08-07 16:37:00,560 [INFO] ──────────────────────────────────────────────────
2026-08-07 16:37:00,561 [INFO] ▶  Running slot: evening_reflection
2026-08-07 16:37:00,561 [INFO] ──────────────────────────────────────────────────
2026-08-07 16:37:00,652 [INFO] 📝 Content selected: You are surrounded by beauty. Wake up to it....
2026-08-07 16:37:00,760 [INFO] Publishing [evening_reflection] | image: /home/runner/work/bright-side-daily/bright-side-daily/images/output/evening_reflection_20260807_163700.png
2026-08-07 16:37:00,760 [INFO] Caption preview: 🌙 You are surrounded by beauty. Wake up to it.

Share this with someone who needs it today! 💛

#Gratitude #Thankful #Cou...
2026-08-07 16:37:05,532 [INFO] ✅ Posted successfully [evening_reflection]
2026-08-07 16:37:05,541 [INFO] ✅ Slot [evening_reflection] published successfully!
2026-08-07 18:45:14,601 [INFO] Failed posts list is empty.
2026-08-07 18:45:14,758 [INFO] ──────────────────────────────────────────────────
2026-08-07 18:45:14,758 [INFO] ▶  Running slot: night_inspiration
2026-08-07 18:45:14,759 [INFO] ──────────────────────────────────────────────────
2026-08-07 18:45:14,848 [ERROR] ❌ Content selection failed: 'night_inspiration'
2026-08-08 05:42:12,897 [INFO] Failed posts list is empty.
2026-08-08 05:42:13,038 [INFO] ──────────────────────────────────────────────────
2026-08-08 05:42:13,038 [INFO] ▶  Running slot: morning_motivation
2026-08-08 05:42:13,038 [INFO] ──────────────────────────────────────────────────
2026-08-08 05:42:13,131 [INFO] 📝 Content selected: What you create today, you live in tomorrow....
2026-08-08 05:42:13,323 [INFO] Publishing [morning_motivation] | image: /home/runner/work/bright-side-daily/bright-side-daily/images/output/morning_motivation_20260808_054213.png
2026-08-08 05:42:13,323 [INFO] Caption preview: ☀️ What you create today, you live in tomorrow.

Share this with someone who needs it today! 💛

#Motivation #Success #Mi...
2026-08-08 05:42:17,134 [INFO] ✅ Posted successfully [morning_motivation]
2026-08-08 05:42:17,143 [INFO] ✅ Slot [morning_motivation] published successfully!
2026-08-08 07:51:10,059 [INFO] Failed posts list is empty.
2026-08-08 07:51:10,204 [INFO] ──────────────────────────────────────────────────
2026-08-08 07:51:10,204 [INFO] ▶  Running slot: positive_quote
2026-08-08 07:51:10,204 [INFO] ──────────────────────────────────────────────────
2026-08-08 07:51:10,297 [INFO] 📝 Content selected: Your life is not perfect, but it is meaningful — and that is enough....
2026-08-08 07:51:10,425 [INFO] Publishing [positive_quote] | image: /home/runner/work/bright-side-daily/bright-side-daily/images/output/positive_quote_20260808_075110.png
2026-08-08 07:51:10,425 [INFO] Caption preview: 🌟 Your life is not perfect, but it is meaningful — and that is enough.

Share this with someone who needs it today! 💛

#...
2026-08-08 07:51:14,480 [INFO] ✅ Posted successfully [positive_quote]
2026-08-08 07:51:14,490 [INFO] ✅ Slot [positive_quote] published successfully!
2026-08-08 08:28:42,396 [INFO] Failed posts list is empty.
2026-08-08 08:28:42,543 [INFO] ──────────────────────────────────────────────────
2026-08-08 08:28:42,543 [INFO] ▶  Running slot: self_improvement
2026-08-08 08:28:42,543 [INFO] ──────────────────────────────────────────────────
2026-08-08 08:28:42,636 [INFO] 📝 Content selected: Self-discipline is the master key....
2026-08-08 08:28:42,742 [INFO] Publishing [self_improvement] | image: /home/runner/work/bright-side-daily/bright-side-daily/images/output/self_improvement_20260808_082842.png
2026-08-08 08:28:42,742 [INFO] Caption preview: 📈 Self-discipline is the master key.

Share this with someone who needs it today! 💛

#PersonalGrowth #SelfImprovement #B...
2026-08-08 08:28:47,673 [INFO] ✅ Posted successfully [self_improvement]
2026-08-08 08:28:47,682 [INFO] ✅ Slot [self_improvement] published successfully!
2026-08-08 09:33:59,554 [INFO] Failed posts list is empty.
2026-08-08 09:33:59,716 [INFO] ──────────────────────────────────────────────────
2026-08-08 09:33:59,716 [INFO] ▶  Running slot: funny_meme
2026-08-08 09:33:59,716 [INFO] ──────────────────────────────────────────────────
2026-08-08 09:33:59,809 [INFO] 📝 Content selected: Bringing snacks on a road trip and finishing them within the first hour....
2026-08-08 09:33:59,964 [INFO] Publishing [funny_meme] | image: /home/runner/work/bright-side-daily/bright-side-daily/images/output/funny_meme_20260808_093359.png
2026-08-08 09:33:59,965 [INFO] Caption preview: 😄 Bringing snacks on a road trip and finishing them within the first hour.

Tag someone who can relate! 😂

#RelatableLif...
2026-08-08 09:34:05,482 [INFO] ✅ Posted successfully [funny_meme]
2026-08-08 09:34:05,492 [INFO] ✅ Slot [funny_meme] published successfully!
2026-08-08 10:40:15,463 [INFO] Failed posts list is empty.
2026-08-08 10:40:15,615 [INFO] ──────────────────────────────────────────────────
2026-08-08 10:40:15,615 [INFO] ▶  Running slot: midday_encouragement
2026-08-08 10:40:15,615 [INFO] ──────────────────────────────────────────────────
2026-08-08 10:40:15,712 [INFO] 📝 Content selected: Hold on a little longer....
2026-08-08 10:40:15,815 [INFO] Publishing [midday_encouragement] | image: /home/runner/work/bright-side-daily/bright-side-daily/images/output/midday_encouragement_20260808_104015.png
2026-08-08 10:40:15,815 [INFO] Caption preview: 💪 Hold on a little longer.

Share this with someone who needs it today! 💛

#YouGotThis #KeepGoing #NeverGiveUp #StayStro...
2026-08-08 10:40:19,834 [INFO] ✅ Posted successfully [midday_encouragement]
2026-08-08 10:40:19,844 [INFO] ✅ Slot [midday_encouragement] published successfully!
2026-08-08 11:24:09,932 [INFO] Failed posts list is empty.
2026-08-08 11:24:10,075 [INFO] ──────────────────────────────────────────────────
2026-08-08 11:24:10,075 [INFO] ▶  Running slot: afternoon_wisdom
2026-08-08 11:24:10,075 [INFO] ──────────────────────────────────────────────────
2026-08-08 11:24:10,170 [ERROR] ❌ Content selection failed: 'afternoon_wisdom'
2026-08-08 13:49:36,494 [INFO] Failed posts list is empty.
2026-08-08 13:49:36,638 [INFO] ──────────────────────────────────────────────────
2026-08-08 13:49:36,638 [INFO] ▶  Running slot: gratitude_moment
2026-08-08 13:49:36,638 [INFO] ──────────────────────────────────────────────────
2026-08-08 13:49:36,729 [ERROR] ❌ Content selection failed: 'gratitude_moment'
2026-08-08 15:31:39,208 [INFO] Failed posts list is empty.
2026-08-08 15:31:39,349 [INFO] ──────────────────────────────────────────────────
2026-08-08 15:31:39,349 [INFO] ▶  Running slot: engagement_question
2026-08-08 15:31:39,349 [INFO] ──────────────────────────────────────────────────
2026-08-08 15:31:39,445 [INFO] 📝 Content selected: What's your intention as you close out today and step into tomorrow?...
2026-08-08 15:31:39,597 [INFO] Publishing [engagement_question] | image: /home/runner/work/bright-side-daily/bright-side-daily/images/output/engagement_question_20260808_153139.png
2026-08-08 15:31:39,597 [INFO] Caption preview: 💬 What's your intention as you close out today and step into tomorrow?

Drop your answer in the comments below 👇

#Commu...
2026-08-08 15:31:45,943 [INFO] ✅ Posted successfully [engagement_question]
2026-08-08 15:31:45,952 [INFO] ✅ Slot [engagement_question] published successfully!
2026-08-08 16:15:34,671 [INFO] Failed posts list is empty.
2026-08-08 16:15:34,817 [INFO] ──────────────────────────────────────────────────
2026-08-08 16:15:34,817 [INFO] ▶  Running slot: evening_reflection
2026-08-08 16:15:34,818 [INFO] ──────────────────────────────────────────────────
2026-08-08 16:15:34,912 [INFO] 📝 Content selected: You already have more than enough to be happy....
2026-08-08 16:15:35,025 [INFO] Publishing [evening_reflection] | image: /home/runner/work/bright-side-daily/bright-side-daily/images/output/evening_reflection_20260808_161534.png
2026-08-08 16:15:35,026 [INFO] Caption preview: 🌙 You already have more than enough to be happy.

Share this with someone who needs it today! 💛

#Gratitude #Thankful #C...
2026-08-08 16:15:40,019 [INFO] ✅ Posted successfully [evening_reflection]
2026-08-08 16:15:40,028 [INFO] ✅ Slot [evening_reflection] published successfully!
2026-08-08 18:27:25,919 [INFO] Failed posts list is empty.
2026-08-08 18:27:26,078 [INFO] ──────────────────────────────────────────────────
2026-08-08 18:27:26,078 [INFO] ▶  Running slot: night_inspiration
2026-08-08 18:27:26,078 [INFO] ──────────────────────────────────────────────────
2026-08-08 18:27:26,176 [ERROR] ❌ Content selection failed: 'night_inspiration'
2026-08-09 05:46:47,387 [INFO] Failed posts list is empty.
2026-08-09 05:46:47,535 [INFO] ──────────────────────────────────────────────────
2026-08-09 05:46:47,535 [INFO] ▶  Running slot: morning_motivation
2026-08-09 05:46:47,535 [INFO] ──────────────────────────────────────────────────
2026-08-09 05:46:47,629 [INFO] 📝 Content selected: You are built for this....
2026-08-09 05:46:47,729 [INFO] Publishing [morning_motivation] | image: /home/runner/work/bright-side-daily/bright-side-daily/images/output/morning_motivation_20260809_054647.png
2026-08-09 05:46:47,729 [INFO] Caption preview: ☀️ You are built for this.

Share this with someone who needs it today! 💛

#Motivation #Success #MindsetMatters #DailyMo...
2026-08-09 05:46:51,759 [INFO] ✅ Posted successfully [morning_motivation]
2026-08-09 05:46:51,769 [INFO] ✅ Slot [morning_motivation] published successfully!
2026-08-09 07:54:43,673 [INFO] Failed posts list is empty.
2026-08-09 07:54:43,769 [INFO] ──────────────────────────────────────────────────
2026-08-09 07:54:43,769 [INFO] ▶  Running slot: positive_quote
2026-08-09 07:54:43,769 [INFO] ──────────────────────────────────────────────────
2026-08-09 07:54:43,839 [INFO] 📝 Content selected: Live in the moment. It's the only one we've got....
2026-08-09 07:54:43,999 [INFO] Publishing [positive_quote] | image: /home/runner/work/bright-side-daily/bright-side-daily/images/output/positive_quote_20260809_075443.png
2026-08-09 07:54:43,999 [INFO] Caption preview: 🌟 Live in the moment. It's the only one we've got.

Share this with someone who needs it today! 💛

#PositiveVibes #Happy...
2026-08-09 07:54:49,517 [INFO] ✅ Posted successfully [positive_quote]
2026-08-09 07:54:49,524 [INFO] ✅ Slot [positive_quote] published successfully!
2026-08-09 08:30:49,730 [INFO] Failed posts list is empty.
2026-08-09 08:30:49,893 [INFO] ──────────────────────────────────────────────────
2026-08-09 08:30:49,893 [INFO] ▶  Running slot: self_improvement
2026-08-09 08:30:49,893 [INFO] ──────────────────────────────────────────────────
2026-08-09 08:30:49,988 [INFO] 📝 Content selected: Your consistent, daily improvement is building something extraordinary....
2026-08-09 08:30:50,098 [INFO] Publishing [self_improvement] | image: /home/runner/work/bright-side-daily/bright-side-daily/images/output/self_improvement_20260809_083050.png
2026-08-09 08:30:50,098 [INFO] Caption preview: 📈 Your consistent, daily improvement is building something extraordinary.

Share this with someone who needs it today! 💛...
2026-08-09 08:30:56,062 [INFO] ✅ Posted successfully [self_improvement]
2026-08-09 08:30:56,071 [INFO] ✅ Slot [self_improvement] published successfully!
2026-08-09 09:35:36,303 [INFO] Failed posts list is empty.
2026-08-09 09:35:36,444 [INFO] ──────────────────────────────────────────────────
2026-08-09 09:35:36,444 [INFO] ▶  Running slot: funny_meme
2026-08-09 09:35:36,444 [INFO] ──────────────────────────────────────────────────
2026-08-09 09:35:36,558 [INFO] 📝 Content selected: When I eat a vegetable and expect my body to immediately transform....
2026-08-09 09:35:36,698 [INFO] Publishing [funny_meme] | image: /home/runner/work/bright-side-daily/bright-side-daily/images/output/funny_meme_20260809_093536.png
2026-08-09 09:35:36,698 [INFO] Caption preview: 😄 When I eat a vegetable and expect my body to immediately transform.

Tag someone who can relate! 😂

#RelatableLife #Fu...
2026-08-09 09:35:40,353 [INFO] ✅ Posted successfully [funny_meme]
2026-08-09 09:35:40,362 [INFO] ✅ Slot [funny_meme] published successfully!
2026-08-09 10:41:38,137 [INFO] Failed posts list is empty.
2026-08-09 10:41:38,329 [INFO] ──────────────────────────────────────────────────
2026-08-09 10:41:38,329 [INFO] ▶  Running slot: midday_encouragement
2026-08-09 10:41:38,329 [INFO] ──────────────────────────────────────────────────
2026-08-09 10:41:38,428 [INFO] 📝 Content selected: Be patient with where you are. Great destinations take time to reach....
2026-08-09 10:41:38,693 [INFO] Publishing [midday_encouragement] | image: /home/runner/work/bright-side-daily/bright-side-daily/images/output/midday_encouragement_20260809_104138.png
2026-08-09 10:41:38,693 [INFO] Caption preview: 💪 Be patient with where you are. Great destinations take time to reach.

Share this with someone who needs it today! 💛

...
2026-08-09 10:41:44,153 [INFO] ✅ Posted successfully [midday_encouragement]
2026-08-09 10:41:44,194 [INFO] ✅ Slot [midday_encouragement] published successfully!
2026-08-09 11:24:34,218 [INFO] Failed posts list is empty.
2026-08-09 11:24:34,372 [INFO] ──────────────────────────────────────────────────
2026-08-09 11:24:34,373 [INFO] ▶  Running slot: afternoon_wisdom
2026-08-09 11:24:34,373 [INFO] ──────────────────────────────────────────────────
2026-08-09 11:24:34,474 [ERROR] ❌ Content selection failed: 'afternoon_wisdom'
2026-08-09 13:52:55,162 [INFO] Failed posts list is empty.
2026-08-09 13:52:55,303 [INFO] ──────────────────────────────────────────────────
2026-08-09 13:52:55,303 [INFO] ▶  Running slot: gratitude_moment
2026-08-09 13:52:55,303 [INFO] ──────────────────────────────────────────────────
2026-08-09 13:52:55,398 [ERROR] ❌ Content selection failed: 'gratitude_moment'
2026-08-09 15:33:08,567 [INFO] Failed posts list is empty.
2026-08-09 15:33:08,721 [INFO] ──────────────────────────────────────────────────
2026-08-09 15:33:08,721 [INFO] ▶  Running slot: engagement_question
2026-08-09 15:33:08,721 [INFO] ──────────────────────────────────────────────────
2026-08-09 15:33:08,819 [INFO] 📝 Content selected: What's something you're growing into that once felt completely out of reach?...
2026-08-09 15:33:08,987 [INFO] Publishing [engagement_question] | image: /home/runner/work/bright-side-daily/bright-side-daily/images/output/engagement_question_20260809_153308.png
2026-08-09 15:33:08,987 [INFO] Caption preview: 💬 What's something you're growing into that once felt completely out of reach?

Drop your answer in the comments below 👇...
2026-08-09 15:33:13,661 [INFO] ✅ Posted successfully [engagement_question]
2026-08-09 15:33:13,671 [INFO] ✅ Slot [engagement_question] published successfully!
2026-08-09 16:16:50,243 [INFO] Failed posts list is empty.
2026-08-09 16:16:50,353 [INFO] ──────────────────────────────────────────────────
2026-08-09 16:16:50,354 [INFO] ▶  Running slot: evening_reflection
2026-08-09 16:16:50,354 [INFO] ──────────────────────────────────────────────────
2026-08-09 16:16:50,434 [INFO] 📝 Content selected: Gratitude is the highest form of thought....
2026-08-09 16:16:50,475 [INFO] Publishing [evening_reflection] | image: /home/runner/work/bright-side-daily/bright-side-daily/images/output/evening_reflection_20260809_161650.png
2026-08-09 16:16:50,475 [INFO] Caption preview: 🌙 Gratitude is the highest form of thought.

Share this with someone who needs it today! 💛

#Gratitude #Thankful #CountY...
2026-08-09 16:16:53,696 [INFO] ✅ Posted successfully [evening_reflection]
2026-08-09 16:16:53,704 [INFO] ✅ Slot [evening_reflection] published successfully!
2026-08-09 18:30:47,813 [INFO] Failed posts list is empty.
2026-08-09 18:30:47,959 [INFO] ──────────────────────────────────────────────────
2026-08-09 18:30:47,960 [INFO] ▶  Running slot: night_inspiration
2026-08-09 18:30:47,960 [INFO] ──────────────────────────────────────────────────
2026-08-09 18:30:48,056 [ERROR] ❌ Content selection failed: 'night_inspiration'
2026-08-10 06:09:40,420 [INFO] Failed posts list is empty.
2026-08-10 06:09:40,572 [INFO] ──────────────────────────────────────────────────
2026-08-10 06:09:40,572 [INFO] ▶  Running slot: morning_motivation
2026-08-10 06:09:40,572 [INFO] ──────────────────────────────────────────────────
2026-08-10 06:09:40,670 [INFO] 📝 Content selected: Keep working. The results are already in the mail....
2026-08-10 06:09:40,778 [INFO] Publishing [morning_motivation] | image: /home/runner/work/bright-side-daily/bright-side-daily/images/output/morning_motivation_20260810_060940.png
2026-08-10 06:09:40,778 [INFO] Caption preview: ☀️ Keep working. The results are already in the mail.

Share this with someone who needs it today! 💛

#Motivation #Succe...
2026-08-10 06:09:45,768 [INFO] ✅ Posted successfully [morning_motivation]
2026-08-10 06:09:45,778 [INFO] ✅ Slot [morning_motivation] published successfully!
2026-08-10 08:40:11,109 [INFO] Failed posts list is empty.
2026-08-10 08:40:11,259 [INFO] ──────────────────────────────────────────────────
2026-08-10 08:40:11,260 [INFO] ▶  Running slot: self_improvement
2026-08-10 08:40:11,260 [INFO] ──────────────────────────────────────────────────
2026-08-10 08:40:11,362 [INFO] 📝 Content selected: Own your mistakes. They are your greatest teachers....
2026-08-10 08:40:11,482 [INFO] Publishing [self_improvement] | image: /home/runner/work/bright-side-daily/bright-side-daily/images/output/self_improvement_20260810_084011.png
2026-08-10 08:40:11,483 [INFO] Caption preview: 📈 Own your mistakes. They are your greatest teachers.

Share this with someone who needs it today! 💛

#PersonalGrowth #S...
2026-08-10 08:40:15,623 [INFO] ✅ Posted successfully [self_improvement]
2026-08-10 08:40:15,633 [INFO] ✅ Slot [self_improvement] published successfully!
2026-08-10 09:07:43,745 [INFO] Failed posts list is empty.
2026-08-10 09:07:43,891 [INFO] ──────────────────────────────────────────────────
2026-08-10 09:07:43,891 [INFO] ▶  Running slot: funny_meme
2026-08-10 09:07:43,891 [INFO] ──────────────────────────────────────────────────
2026-08-10 09:07:43,991 [INFO] 📝 Content selected: Asking myself why I'm tired when I stayed up until 2am doing absolutely nothing....
2026-08-10 09:07:44,053 [INFO] Publishing [funny_meme] | image: /home/runner/work/bright-side-daily/bright-side-daily/images/output/funny_meme_20260810_090744.png
2026-08-10 09:07:44,053 [INFO] Caption preview: 😄 Asking myself why I'm tired when I stayed up until 2am doing absolutely nothing.

Tag someone who can relate! 😂

#Rela...
2026-08-10 09:07:51,593 [INFO] ✅ Posted successfully [funny_meme]
2026-08-10 09:07:51,604 [INFO] ✅ Slot [funny_meme] published successfully!
2026-08-10 10:13:48,428 [INFO] Failed posts list is empty.
2026-08-10 10:13:48,545 [INFO] ──────────────────────────────────────────────────
2026-08-10 10:13:48,545 [INFO] ▶  Running slot: midday_encouragement
2026-08-10 10:13:48,545 [INFO] ──────────────────────────────────────────────────
2026-08-10 10:13:48,623 [INFO] 📝 Content selected: The fight isn't over. You still have rounds left....
2026-08-10 10:13:48,706 [INFO] Publishing [midday_encouragement] | image: /home/runner/work/bright-side-daily/bright-side-daily/images/output/midday_encouragement_20260810_101348.png
2026-08-10 10:13:48,706 [INFO] Caption preview: 💪 The fight isn't over. You still have rounds left.

Share this with someone who needs it today! 💛

#YouGotThis #KeepGoi...
2026-08-10 10:13:53,564 [INFO] ✅ Posted successfully [midday_encouragement]
2026-08-10 10:13:53,572 [INFO] ✅ Slot [midday_encouragement] published successfully!
2026-08-10 11:14:13,874 [INFO] Failed posts list is empty.
2026-08-10 11:14:14,022 [INFO] ──────────────────────────────────────────────────
2026-08-10 11:14:14,022 [INFO] ▶  Running slot: afternoon_wisdom
2026-08-10 11:14:14,023 [INFO] ──────────────────────────────────────────────────
2026-08-10 11:14:14,121 [ERROR] ❌ Content selection failed: 'afternoon_wisdom'
2026-08-10 11:43:58,910 [INFO] Failed posts list is empty.
2026-08-10 11:43:59,056 [INFO] ──────────────────────────────────────────────────
2026-08-10 11:43:59,056 [INFO] ▶  Running slot: afternoon_wisdom
2026-08-10 11:43:59,056 [INFO] ──────────────────────────────────────────────────
2026-08-10 11:43:59,157 [ERROR] ❌ Content selection failed: 'afternoon_wisdom'
2026-08-10 14:21:50,298 [INFO] Failed posts list is empty.
2026-08-10 14:21:50,440 [INFO] ──────────────────────────────────────────────────
2026-08-10 14:21:50,440 [INFO] ▶  Running slot: morning_motivation
2026-08-10 14:21:50,440 [INFO] ──────────────────────────────────────────────────
2026-08-10 14:21:50,539 [INFO] 📝 Content selected: You were born to stand out, not to fit in....
2026-08-10 14:21:50,644 [INFO] Publishing [morning_motivation] | image: /home/runner/work/bright-side-daily/bright-side-daily/images/output/morning_motivation_20260810_142150.png
2026-08-10 14:21:50,644 [INFO] Caption preview: ☀️ You were born to stand out, not to fit in.

Share this with someone who needs it today! 💛

#Motivation #Success #Mind...
2026-08-10 14:21:54,990 [INFO] ✅ Posted successfully [morning_motivation]
2026-08-10 14:21:55,000 [INFO] ✅ Slot [morning_motivation] published successfully!
2026-08-10 16:00:56,124 [INFO] Failed posts list is empty.
2026-08-10 16:00:56,276 [INFO] ──────────────────────────────────────────────────
2026-08-10 16:00:56,276 [INFO] ▶  Running slot: evening_reflection
2026-08-10 16:00:56,276 [INFO] ──────────────────────────────────────────────────
2026-08-10 16:00:56,377 [INFO] 📝 Content selected: Thank the people who shaped you while they're still here to hear it....
2026-08-10 16:00:56,537 [INFO] Publishing [evening_reflection] | image: /home/runner/work/bright-side-daily/bright-side-daily/images/output/evening_reflection_20260810_160056.png
2026-08-10 16:00:56,537 [INFO] Caption preview: 🌙 Thank the people who shaped you while they're still here to hear it.

Share this with someone who needs it today! 💛

#...
2026-08-10 16:01:01,166 [INFO] ✅ Posted successfully [evening_reflection]
2026-08-10 16:01:01,177 [INFO] ✅ Slot [evening_reflection] published successfully!
2026-08-10 16:38:34,650 [INFO] Failed posts list is empty.
2026-08-10 16:38:34,793 [INFO] ──────────────────────────────────────────────────
2026-08-10 16:38:34,793 [INFO] ▶  Running slot: evening_reflection
2026-08-10 16:38:34,793 [INFO] ──────────────────────────────────────────────────
2026-08-10 16:38:34,894 [INFO] 📝 Content selected: Be thankful for everything because everything made you who you are....
2026-08-10 16:38:35,002 [INFO] Publishing [evening_reflection] | image: /home/runner/work/bright-side-daily/bright-side-daily/images/output/evening_reflection_20260810_163834.png
2026-08-10 16:38:35,002 [INFO] Caption preview: 🌙 Be thankful for everything because everything made you who you are.

Share this with someone who needs it today! 💛

#G...
2026-08-10 16:38:37,920 [INFO] ✅ Posted successfully [evening_reflection]
2026-08-10 16:38:37,931 [INFO] ✅ Slot [evening_reflection] published successfully!
2026-08-10 18:47:40,866 [INFO] Failed posts list is empty.
2026-08-10 18:47:41,016 [INFO] ──────────────────────────────────────────────────
2026-08-10 18:47:41,016 [INFO] ▶  Running slot: night_inspiration
2026-08-10 18:47:41,016 [INFO] ──────────────────────────────────────────────────
2026-08-10 18:47:41,124 [ERROR] ❌ Content selection failed: 'night_inspiration'
2026-08-11 05:52:56,740 [INFO] Failed posts list is empty.
2026-08-11 05:52:56,884 [INFO] ──────────────────────────────────────────────────
2026-08-11 05:52:56,884 [INFO] ▶  Running slot: morning_motivation
2026-08-11 05:52:56,884 [INFO] ──────────────────────────────────────────────────
2026-08-11 05:52:56,986 [INFO] 📝 Content selected: You are a rare kind of determined. Honor that....
2026-08-11 05:52:57,138 [INFO] Publishing [morning_motivation] | image: /home/runner/work/bright-side-daily/bright-side-daily/images/output/morning_motivation_20260811_055257.png
2026-08-11 05:52:57,138 [INFO] Caption preview: ☀️ You are a rare kind of determined. Honor that.

Share this with someone who needs it today! 💛

#Motivation #Success #...
2026-08-11 05:53:03,079 [INFO] ✅ Posted successfully [morning_motivation]
2026-08-11 05:53:03,089 [INFO] ✅ Slot [morning_motivation] published successfully!
2026-08-11 08:10:02,369 [INFO] Failed posts list is empty.
2026-08-11 08:10:02,520 [INFO] ──────────────────────────────────────────────────
2026-08-11 08:10:02,520 [INFO] ▶  Running slot: self_improvement
2026-08-11 08:10:02,520 [INFO] ──────────────────────────────────────────────────
2026-08-11 08:10:02,624 [INFO] 📝 Content selected: Be the most improved version of yourself every single day....
2026-08-11 08:10:02,715 [INFO] Publishing [self_improvement] | image: /home/runner/work/bright-side-daily/bright-side-daily/images/output/self_improvement_20260811_081002.png
2026-08-11 08:10:02,715 [INFO] Caption preview: 📈 Be the most improved version of yourself every single day.

Share this with someone who needs it today! 💛

#PersonalGr...
2026-08-11 08:10:10,139 [INFO] ✅ Posted successfully [self_improvement]
2026-08-11 08:10:10,149 [INFO] ✅ Slot [self_improvement] published successfully!
2026-08-11 08:43:53,054 [INFO] Failed posts list is empty.
2026-08-11 08:43:53,173 [INFO] ──────────────────────────────────────────────────
2026-08-11 08:43:53,173 [INFO] ▶  Running slot: self_improvement
2026-08-11 08:43:53,173 [INFO] ──────────────────────────────────────────────────
2026-08-11 08:43:53,253 [INFO] 📝 Content selected: Replace the habit of wishing with the habit of working....
2026-08-11 08:43:53,356 [INFO] Publishing [self_improvement] | image: /home/runner/work/bright-side-daily/bright-side-daily/images/output/self_improvement_20260811_084353.png
2026-08-11 08:43:53,356 [INFO] Caption preview: 📈 Replace the habit of wishing with the habit of working.

Share this with someone who needs it today! 💛

#PersonalGrowt...
2026-08-11 08:43:59,958 [INFO] ✅ Posted successfully [self_improvement]
2026-08-11 08:43:59,966 [INFO] ✅ Slot [self_improvement] published successfully!
2026-08-11 09:57:16,840 [INFO] Failed posts list is empty.
2026-08-11 09:57:17,002 [INFO] ──────────────────────────────────────────────────
2026-08-11 09:57:17,003 [INFO] ▶  Running slot: funny_meme
2026-08-11 09:57:17,003 [INFO] ──────────────────────────────────────────────────
2026-08-11 09:57:17,108 [INFO] 📝 Content selected: Me starting a budget spreadsheet with the energy of a financial genius....
2026-08-11 09:57:17,220 [INFO] Publishing [funny_meme] | image: /home/runner/work/bright-side-daily/bright-side-daily/images/output/funny_meme_20260811_095717.png
2026-08-11 09:57:17,221 [INFO] Caption preview: 😄 Me starting a budget spreadsheet with the energy of a financial genius.

Tag someone who can relate! 😂

#RelatableLife...
2026-08-11 09:57:25,372 [INFO] ✅ Posted successfully [funny_meme]
2026-08-11 09:57:25,382 [INFO] ✅ Slot [funny_meme] published successfully!
2026-08-11 10:56:42,018 [INFO] Failed posts list is empty.
2026-08-11 10:56:42,132 [INFO] ──────────────────────────────────────────────────
2026-08-11 10:56:42,132 [INFO] ▶  Running slot: midday_encouragement
2026-08-11 10:56:42,132 [INFO] ──────────────────────────────────────────────────
2026-08-11 10:56:42,216 [INFO] 📝 Content selected: Be brave. Be patient. Be persistent. It will pay off....
2026-08-11 10:56:42,300 [INFO] Publishing [midday_encouragement] | image: /home/runner/work/bright-side-daily/bright-side-daily/images/output/midday_encouragement_20260811_105642.png
2026-08-11 10:56:42,300 [INFO] Caption preview: 💪 Be brave. Be patient. Be persistent. It will pay off.

Share this with someone who needs it today! 💛

#YouGotThis #Kee...
2026-08-11 10:56:48,691 [INFO] ✅ Posted successfully [midday_encouragement]
2026-08-11 10:56:48,699 [INFO] ✅ Slot [midday_encouragement] published successfully!
2026-08-11 11:40:55,511 [INFO] Failed posts list is empty.
2026-08-11 11:40:55,658 [INFO] ──────────────────────────────────────────────────
2026-08-11 11:40:55,658 [INFO] ▶  Running slot: afternoon_wisdom
2026-08-11 11:40:55,658 [INFO] ──────────────────────────────────────────────────
2026-08-11 11:40:55,756 [ERROR] ❌ Content selection failed: 'afternoon_wisdom'
2026-08-11 14:21:23,365 [INFO] Failed posts list is empty.
2026-08-11 14:21:23,519 [INFO] ──────────────────────────────────────────────────
2026-08-11 14:21:23,519 [INFO] ▶  Running slot: morning_motivation
2026-08-11 14:21:23,519 [INFO] ──────────────────────────────────────────────────
2026-08-11 14:21:23,620 [INFO] 📝 Content selected: The dream is worth every sacrifice it demands....
2026-08-11 14:21:23,784 [INFO] Publishing [morning_motivation] | image: /home/runner/work/bright-side-daily/bright-side-daily/images/output/morning_motivation_20260811_142123.png
2026-08-11 14:21:23,785 [INFO] Caption preview: ☀️ The dream is worth every sacrifice it demands.

Share this with someone who needs it today! 💛

#Motivation #Success #...
2026-08-11 14:21:27,992 [INFO] ✅ Posted successfully [morning_motivation]
2026-08-11 14:21:28,002 [INFO] ✅ Slot [morning_motivation] published successfully!
2026-08-11 16:02:08,647 [INFO] Failed posts list is empty.
2026-08-11 16:02:08,794 [INFO] ──────────────────────────────────────────────────
2026-08-11 16:02:08,794 [INFO] ▶  Running slot: evening_reflection
2026-08-11 16:02:08,794 [INFO] ──────────────────────────────────────────────────
2026-08-11 16:02:08,898 [INFO] 📝 Content selected: Be thankful for the versions of yourself that were not yet complete....
2026-08-11 16:02:09,007 [INFO] Publishing [evening_reflection] | image: /home/runner/work/bright-side-daily/bright-side-daily/images/output/evening_reflection_20260811_160208.png
2026-08-11 16:02:09,007 [INFO] Caption preview: 🌙 Be thankful for the versions of yourself that were not yet complete.

Share this with someone who needs it today! 💛

#...
2026-08-11 16:02:14,294 [INFO] ✅ Posted successfully [evening_reflection]
2026-08-11 16:02:14,304 [INFO] ✅ Slot [evening_reflection] published successfully!
2026-08-11 16:42:11,015 [INFO] Failed posts list is empty.
2026-08-11 16:42:11,164 [INFO] ──────────────────────────────────────────────────
2026-08-11 16:42:11,164 [INFO] ▶  Running slot: evening_reflection
2026-08-11 16:42:11,164 [INFO] ──────────────────────────────────────────────────
2026-08-11 16:42:11,267 [INFO] 📝 Content selected: Every day is a blessing. Don't take it for granted....
2026-08-11 16:42:11,382 [INFO] Publishing [evening_reflection] | image: /home/runner/work/bright-side-daily/bright-side-daily/images/output/evening_reflection_20260811_164211.png
2026-08-11 16:42:11,382 [INFO] Caption preview: 🌙 Every day is a blessing. Don't take it for granted.

Share this with someone who needs it today! 💛

#Gratitude #Thankf...
2026-08-11 16:42:16,733 [INFO] ✅ Posted successfully [evening_reflection]
2026-08-11 16:42:16,743 [INFO] ✅ Slot [evening_reflection] published successfully!
2026-08-11 18:53:48,482 [INFO] Failed posts list is empty.
2026-08-11 18:53:48,583 [INFO] ──────────────────────────────────────────────────
2026-08-11 18:53:48,583 [INFO] ▶  Running slot: night_inspiration
2026-08-11 18:53:48,583 [INFO] ──────────────────────────────────────────────────
2026-08-11 18:53:48,659 [ERROR] ❌ Content selection failed: 'night_inspiration'
2026-08-12 06:14:20,345 [INFO] Failed posts list is empty.
2026-08-12 06:14:20,488 [INFO] ──────────────────────────────────────────────────
2026-08-12 06:14:20,488 [INFO] ▶  Running slot: morning_motivation
2026-08-12 06:14:20,488 [INFO] ──────────────────────────────────────────────────
2026-08-12 06:14:20,598 [INFO] 📝 Content selected: The best time to start was yesterday. The next best time is now....
2026-08-12 06:14:20,790 [INFO] Publishing [morning_motivation] | image: /home/runner/work/bright-side-daily/bright-side-daily/images/output/morning_motivation_20260812_061420.png
2026-08-12 06:14:20,790 [INFO] Caption preview: ☀️ The best time to start was yesterday. The next best time is now.

Share this with someone who needs it today! 💛

#Mot...
2026-08-12 06:14:25,006 [INFO] ✅ Posted successfully [morning_motivation]
2026-08-12 06:14:25,016 [INFO] ✅ Slot [morning_motivation] published successfully!
2026-08-12 08:19:21,151 [INFO] Failed posts list is empty.
2026-08-12 08:19:21,302 [INFO] ──────────────────────────────────────────────────
2026-08-12 08:19:21,302 [INFO] ▶  Running slot: self_improvement
2026-08-12 08:19:21,302 [INFO] ──────────────────────────────────────────────────
2026-08-12 08:19:21,405 [INFO] 📝 Content selected: Your daily decisions compound. Make them carefully....
2026-08-12 08:19:21,546 [INFO] Publishing [self_improvement] | image: /home/runner/work/bright-side-daily/bright-side-daily/images/output/self_improvement_20260812_081921.png
2026-08-12 08:19:21,546 [INFO] Caption preview: 📈 Your daily decisions compound. Make them carefully.

Share this with someone who needs it today! 💛

#PersonalGrowth #S...
2026-08-12 08:19:32,584 [INFO] ✅ Posted successfully [self_improvement]
2026-08-12 08:19:32,593 [INFO] ✅ Slot [self_improvement] published successfully!
2026-08-12 09:02:07,842 [INFO] Failed posts list is empty.
2026-08-12 09:02:07,987 [INFO] ──────────────────────────────────────────────────
2026-08-12 09:02:07,988 [INFO] ▶  Running slot: funny_meme
2026-08-12 09:02:07,988 [INFO] ──────────────────────────────────────────────────
2026-08-12 09:02:08,093 [INFO] 📝 Content selected: The moment between setting a goal and doing literally anything about it....
2026-08-12 09:02:08,209 [INFO] Publishing [funny_meme] | image: /home/runner/work/bright-side-daily/bright-side-daily/images/output/funny_meme_20260812_090208.png
2026-08-12 09:02:08,209 [INFO] Caption preview: 😄 The moment between setting a goal and doing literally anything about it.

Tag someone who can relate! 😂

#RelatableLif...
2026-08-12 09:02:13,381 [INFO] ✅ Posted successfully [funny_meme]
2026-08-12 09:02:13,391 [INFO] ✅ Slot [funny_meme] published successfully!
2026-08-12 09:59:08,584 [INFO] Failed posts list is empty.
2026-08-12 09:59:08,732 [INFO] ──────────────────────────────────────────────────
2026-08-12 09:59:08,732 [INFO] ▶  Running slot: funny_meme
2026-08-12 09:59:08,732 [INFO] ──────────────────────────────────────────────────
2026-08-12 09:59:08,835 [INFO] 📝 Content selected: When someone says 'you seem busy' and the correct answer is complicated....
2026-08-12 09:59:08,943 [INFO] Publishing [funny_meme] | image: /home/runner/work/bright-side-daily/bright-side-daily/images/output/funny_meme_20260812_095908.png
2026-08-12 09:59:08,944 [INFO] Caption preview: 😄 When someone says 'you seem busy' and the correct answer is complicated.

Tag someone who can relate! 😂

#RelatableLif...
2026-08-12 09:59:15,588 [INFO] ✅ Posted successfully [funny_meme]
2026-08-12 09:59:15,598 [INFO] ✅ Slot [funny_meme] published successfully!
2026-08-12 11:04:13,677 [INFO] Failed posts list is empty.
2026-08-12 11:04:13,822 [INFO] ──────────────────────────────────────────────────
2026-08-12 11:04:13,822 [INFO] ▶  Running slot: afternoon_wisdom
2026-08-12 11:04:13,822 [INFO] ──────────────────────────────────────────────────
2026-08-12 11:04:13,933 [ERROR] ❌ Content selection failed: 'afternoon_wisdom'
2026-08-12 11:42:25,738 [INFO] Failed posts list is empty.
2026-08-12 11:42:25,880 [INFO] ──────────────────────────────────────────────────
2026-08-12 11:42:25,880 [INFO] ▶  Running slot: afternoon_wisdom
2026-08-12 11:42:25,880 [INFO] ──────────────────────────────────────────────────
2026-08-12 11:42:25,981 [ERROR] ❌ Content selection failed: 'afternoon_wisdom'
2026-08-12 14:21:56,775 [INFO] Failed posts list is empty.
2026-08-12 14:21:56,921 [INFO] ──────────────────────────────────────────────────
2026-08-12 14:21:56,921 [INFO] ▶  Running slot: morning_motivation
2026-08-12 14:21:56,921 [INFO] ──────────────────────────────────────────────────
2026-08-12 14:21:57,032 [INFO] 📝 Content selected: If you're going through hell, keep going....
2026-08-12 14:21:57,179 [INFO] Publishing [morning_motivation] | image: /home/runner/work/bright-side-daily/bright-side-daily/images/output/morning_motivation_20260812_142157.png
2026-08-12 14:21:57,179 [INFO] Caption preview: ☀️ If you're going through hell, keep going.

Share this with someone who needs it today! 💛

#Motivation #Success #Minds...
2026-08-12 14:22:01,260 [INFO] ✅ Posted successfully [morning_motivation]
2026-08-12 14:22:01,270 [INFO] ✅ Slot [morning_motivation] published successfully!
2026-08-12 15:59:33,619 [INFO] Failed posts list is empty.
2026-08-12 15:59:33,759 [INFO] ──────────────────────────────────────────────────
2026-08-12 15:59:33,759 [INFO] ▶  Running slot: engagement_question
2026-08-12 15:59:33,759 [INFO] ──────────────────────────────────────────────────
2026-08-12 15:59:33,860 [INFO] 📝 Content selected: What does winning look like for you this week?...
2026-08-12 15:59:34,070 [INFO] Publishing [engagement_question] | image: /home/runner/work/bright-side-daily/bright-side-daily/images/output/engagement_question_20260812_155934.png
2026-08-12 15:59:34,070 [INFO] Caption preview: 💬 What does winning look like for you this week?

Drop your answer in the comments below 👇

#Community #ShareYourThought...
2026-08-12 15:59:39,536 [INFO] ✅ Posted successfully [engagement_question]
2026-08-12 15:59:39,545 [INFO] ✅ Slot [engagement_question] published successfully!
2026-08-12 16:41:47,835 [INFO] Failed posts list is empty.
2026-08-12 16:41:47,994 [INFO] ──────────────────────────────────────────────────
2026-08-12 16:41:47,994 [INFO] ▶  Running slot: evening_reflection
2026-08-12 16:41:47,994 [INFO] ──────────────────────────────────────────────────
2026-08-12 16:41:48,102 [INFO] 📝 Content selected: Let thanksgiving be the lens through which you view your whole life....
2026-08-12 16:41:48,373 [INFO] Publishing [evening_reflection] | image: /home/runner/work/bright-side-daily/bright-side-daily/images/output/evening_reflection_20260812_164148.png
2026-08-12 16:41:48,373 [INFO] Caption preview: 🌙 Let thanksgiving be the lens through which you view your whole life.

Share this with someone who needs it today! 💛

#...
2026-08-12 16:41:53,494 [INFO] ✅ Posted successfully [evening_reflection]
2026-08-12 16:41:53,504 [INFO] ✅ Slot [evening_reflection] published successfully!
2026-08-12 18:54:05,400 [INFO] Failed posts list is empty.
2026-08-12 18:54:05,565 [INFO] ──────────────────────────────────────────────────
2026-08-12 18:54:05,565 [INFO] ▶  Running slot: night_inspiration
2026-08-12 18:54:05,565 [INFO] ──────────────────────────────────────────────────
2026-08-12 18:54:05,675 [ERROR] ❌ Content selection failed: 'night_inspiration'
2026-08-13 06:16:03,493 [INFO] Failed posts list is empty.
2026-08-13 06:16:03,635 [INFO] ──────────────────────────────────────────────────
2026-08-13 06:16:03,635 [INFO] ▶  Running slot: morning_motivation
2026-08-13 06:16:03,635 [INFO] ──────────────────────────────────────────────────
2026-08-13 06:16:03,740 [INFO] 📝 Content selected: Aspire to inspire before you expire....
2026-08-13 06:16:03,880 [INFO] Publishing [morning_motivation] | image: /home/runner/work/bright-side-daily/bright-side-daily/images/output/morning_motivation_20260813_061603.png
2026-08-13 06:16:03,880 [INFO] Caption preview: ☀️ Aspire to inspire before you expire.

Share this with someone who needs it today! 💛

#Motivation #Success #MindsetMat...
2026-08-13 06:16:10,543 [INFO] ✅ Posted successfully [morning_motivation]
2026-08-13 06:16:10,553 [INFO] ✅ Slot [morning_motivation] published successfully!
2026-08-13 08:22:19,504 [INFO] Failed posts list is empty.
2026-08-13 08:22:19,618 [INFO] ──────────────────────────────────────────────────
2026-08-13 08:22:19,618 [INFO] ▶  Running slot: self_improvement
2026-08-13 08:22:19,618 [INFO] ──────────────────────────────────────────────────
2026-08-13 08:22:19,710 [INFO] 📝 Content selected: Let growth be the one constant in a world of variables....
2026-08-13 08:22:19,969 [INFO] Publishing [self_improvement] | image: /home/runner/work/bright-side-daily/bright-side-daily/images/output/self_improvement_20260813_082219.png
2026-08-13 08:22:19,970 [INFO] Caption preview: 📈 Let growth be the one constant in a world of variables.

Share this with someone who needs it today! 💛

#PersonalGrowt...
2026-08-13 08:22:27,121 [INFO] ✅ Posted successfully [self_improvement]
2026-08-13 08:22:27,131 [INFO] ✅ Slot [self_improvement] published successfully!
2026-08-13 09:03:34,293 [INFO] Failed posts list is empty.
2026-08-13 09:03:34,443 [INFO] ──────────────────────────────────────────────────
2026-08-13 09:03:34,443 [INFO] ▶  Running slot: funny_meme
2026-08-13 09:03:34,443 [INFO] ──────────────────────────────────────────────────
2026-08-13 09:03:34,550 [INFO] 📝 Content selected: When my alarm goes off and I begin negotiating with myself like there's room to ...
2026-08-13 09:03:34,658 [INFO] Publishing [funny_meme] | image: /home/runner/work/bright-side-daily/bright-side-daily/images/output/funny_meme_20260813_090334.png
2026-08-13 09:03:34,658 [INFO] Caption preview: 😄 When my alarm goes off and I begin negotiating with myself like there's room to negotiate.

Tag someone who can relate...
2026-08-13 09:03:41,523 [INFO] ✅ Posted successfully [funny_meme]
2026-08-13 09:03:41,533 [INFO] ✅ Slot [funny_meme] published successfully!
2026-08-13 10:01:01,532 [INFO] Failed posts list is empty.
2026-08-13 10:01:01,684 [INFO] ──────────────────────────────────────────────────
2026-08-13 10:01:01,684 [INFO] ▶  Running slot: midday_encouragement
2026-08-13 10:01:01,684 [INFO] ──────────────────────────────────────────────────
2026-08-13 10:01:01,792 [INFO] 📝 Content selected: One more day. One more step. You've got this....
2026-08-13 10:01:01,925 [INFO] Publishing [midday_encouragement] | image: /home/runner/work/bright-side-daily/bright-side-daily/images/output/midday_encouragement_20260813_100101.png
2026-08-13 10:01:01,925 [INFO] Caption preview: 💪 One more day. One more step. You've got this.

Share this with someone who needs it today! 💛

#YouGotThis #KeepGoing #...
2026-08-13 10:01:09,264 [INFO] ✅ Posted successfully [midday_encouragement]
2026-08-13 10:01:09,274 [INFO] ✅ Slot [midday_encouragement] published successfully!
2026-08-13 11:04:34,976 [INFO] Failed posts list is empty.
2026-08-13 11:04:35,134 [INFO] ──────────────────────────────────────────────────
2026-08-13 11:04:35,134 [INFO] ▶  Running slot: afternoon_wisdom
2026-08-13 11:04:35,134 [INFO] ──────────────────────────────────────────────────
2026-08-13 11:04:35,240 [ERROR] ❌ Content selection failed: 'afternoon_wisdom'
2026-08-13 11:42:06,979 [INFO] Failed posts list is empty.
2026-08-13 11:42:07,128 [INFO] ──────────────────────────────────────────────────
2026-08-13 11:42:07,128 [INFO] ▶  Running slot: afternoon_wisdom
2026-08-13 11:42:07,128 [INFO] ──────────────────────────────────────────────────
2026-08-13 11:42:07,235 [ERROR] ❌ Content selection failed: 'afternoon_wisdom'
2026-08-13 14:23:54,602 [INFO] Failed posts list is empty.
2026-08-13 14:23:54,731 [INFO] ──────────────────────────────────────────────────
2026-08-13 14:23:54,731 [INFO] ▶  Running slot: morning_motivation
2026-08-13 14:23:54,731 [INFO] ──────────────────────────────────────────────────
2026-08-13 14:23:54,837 [INFO] 📝 Content selected: Endure. Adapt. Overcome....
2026-08-13 14:23:54,896 [INFO] Publishing [morning_motivation] | image: /home/runner/work/bright-side-daily/bright-side-daily/images/output/morning_motivation_20260813_142354.png
2026-08-13 14:23:54,896 [INFO] Caption preview: ☀️ Endure. Adapt. Overcome.

Share this with someone who needs it today! 💛

#Motivation #Success #MindsetMatters #DailyM...
2026-08-13 14:24:00,347 [INFO] ✅ Posted successfully [morning_motivation]
2026-08-13 14:24:00,356 [INFO] ✅ Slot [morning_motivation] published successfully!
2026-08-13 16:00:10,767 [INFO] Failed posts list is empty.
2026-08-13 16:00:10,895 [INFO] ──────────────────────────────────────────────────
2026-08-13 16:00:10,895 [INFO] ▶  Running slot: evening_reflection
2026-08-13 16:00:10,895 [INFO] ──────────────────────────────────────────────────
2026-08-13 16:00:10,991 [INFO] 📝 Content selected: Gratitude grows the garden of your soul....
2026-08-13 16:00:11,086 [INFO] Publishing [evening_reflection] | image: /home/runner/work/bright-side-daily/bright-side-daily/images/output/evening_reflection_20260813_160011.png
2026-08-13 16:00:11,086 [INFO] Caption preview: 🌙 Gratitude grows the garden of your soul.

Share this with someone who needs it today! 💛

#Gratitude #Thankful #CountYo...
2026-08-13 16:00:16,705 [INFO] ✅ Posted successfully [evening_reflection]
2026-08-13 16:00:16,715 [INFO] ✅ Slot [evening_reflection] published successfully!
2026-08-13 16:40:46,019 [INFO] Failed posts list is empty.
2026-08-13 16:40:46,163 [INFO] ──────────────────────────────────────────────────
2026-08-13 16:40:46,163 [INFO] ▶  Running slot: evening_reflection
2026-08-13 16:40:46,163 [INFO] ──────────────────────────────────────────────────
2026-08-13 16:40:46,276 [INFO] 📝 Content selected: Be deeply thankful for the life you are living right now....
2026-08-13 16:40:46,380 [INFO] Publishing [evening_reflection] | image: /home/runner/work/bright-side-daily/bright-side-daily/images/output/evening_reflection_20260813_164046.png
2026-08-13 16:40:46,380 [INFO] Caption preview: 🌙 Be deeply thankful for the life you are living right now.

Share this with someone who needs it today! 💛

#Gratitude #...
2026-08-13 16:40:52,199 [INFO] ✅ Posted successfully [evening_reflection]
2026-08-13 16:40:52,210 [INFO] ✅ Slot [evening_reflection] published successfully!
2026-08-13 18:54:32,077 [INFO] Failed posts list is empty.
2026-08-13 18:54:32,227 [INFO] ──────────────────────────────────────────────────
2026-08-13 18:54:32,227 [INFO] ▶  Running slot: night_inspiration
2026-08-13 18:54:32,227 [INFO] ──────────────────────────────────────────────────
2026-08-13 18:54:32,339 [ERROR] ❌ Content selection failed: 'night_inspiration'
2026-08-14 06:13:33,249 [INFO] Failed posts list is empty.
2026-08-14 06:13:33,370 [INFO] ──────────────────────────────────────────────────
2026-08-14 06:13:33,370 [INFO] ▶  Running slot: morning_motivation
2026-08-14 06:13:33,370 [INFO] ──────────────────────────────────────────────────
2026-08-14 06:13:33,456 [INFO] 📝 Content selected: Build something today you can be proud of tomorrow....
2026-08-14 06:13:33,559 [INFO] Publishing [morning_motivation] | image: /home/runner/work/bright-side-daily/bright-side-daily/images/output/morning_motivation_20260814_061333.png
2026-08-14 06:13:33,559 [INFO] Caption preview: ☀️ Build something today you can be proud of tomorrow.

Share this with someone who needs it today! 💛

#Motivation #Succ...
2026-08-14 06:13:36,408 [INFO] ✅ Posted successfully [morning_motivation]
2026-08-14 06:13:36,416 [INFO] ✅ Slot [morning_motivation] published successfully!
2026-08-14 08:17:05,865 [INFO] Failed posts list is empty.
2026-08-14 08:17:06,016 [INFO] ──────────────────────────────────────────────────
2026-08-14 08:17:06,016 [INFO] ▶  Running slot: self_improvement
2026-08-14 08:17:06,016 [INFO] ──────────────────────────────────────────────────
2026-08-14 08:17:06,124 [INFO] 📝 Content selected: Small disciplines repeated consistently over time lead to great achievements....
2026-08-14 08:17:06,248 [INFO] Publishing [self_improvement] | image: /home/runner/work/bright-side-daily/bright-side-daily/images/output/self_improvement_20260814_081706.png
2026-08-14 08:17:06,249 [INFO] Caption preview: 📈 Small disciplines repeated consistently over time lead to great achievements.

Share this with someone who needs it to...
2026-08-14 08:17:11,402 [INFO] ✅ Posted successfully [self_improvement]
2026-08-14 08:17:11,412 [INFO] ✅ Slot [self_improvement] published successfully!
2026-08-14 08:59:05,174 [INFO] Failed posts list is empty.
2026-08-14 08:59:05,330 [INFO] ──────────────────────────────────────────────────
2026-08-14 08:59:05,330 [INFO] ▶  Running slot: self_improvement
2026-08-14 08:59:05,330 [INFO] ──────────────────────────────────────────────────
2026-08-14 08:59:05,444 [INFO] 📝 Content selected: Replace busyness with intentionality and watch your life change....
2026-08-14 08:59:05,693 [INFO] Publishing [self_improvement] | image: /home/runner/work/bright-side-daily/bright-side-daily/images/output/self_improvement_20260814_085905.png
2026-08-14 08:59:05,693 [INFO] Caption preview: 📈 Replace busyness with intentionality and watch your life change.

Share this with someone who needs it today! 💛

#Pers...
2026-08-14 08:59:12,008 [INFO] ✅ Posted successfully [self_improvement]
2026-08-14 08:59:12,020 [INFO] ✅ Slot [self_improvement] published successfully!
2026-08-14 09:57:19,510 [INFO] Failed posts list is empty.
2026-08-14 09:57:19,674 [INFO] ──────────────────────────────────────────────────
2026-08-14 09:57:19,674 [INFO] ▶  Running slot: funny_meme
2026-08-14 09:57:19,674 [INFO] ──────────────────────────────────────────────────
2026-08-14 09:57:19,783 [INFO] 📝 Content selected: Me when someone says 'what do you want for dinner' — an impossible question with...
2026-08-14 09:57:19,935 [INFO] Publishing [funny_meme] | image: /home/runner/work/bright-side-daily/bright-side-daily/images/output/funny_meme_20260814_095719.png
2026-08-14 09:57:19,935 [INFO] Caption preview: 😄 Me when someone says 'what do you want for dinner' — an impossible question with no right answer.

Tag someone who can...
2026-08-14 09:57:25,048 [INFO] ✅ Posted successfully [funny_meme]
2026-08-14 09:57:25,059 [INFO] ✅ Slot [funny_meme] published successfully!
2026-08-14 11:02:44,580 [INFO] Failed posts list is empty.
2026-08-14 11:02:44,722 [INFO] ──────────────────────────────────────────────────
2026-08-14 11:02:44,722 [INFO] ▶  Running slot: afternoon_wisdom
2026-08-14 11:02:44,723 [INFO] ──────────────────────────────────────────────────
2026-08-14 11:02:44,837 [ERROR] ❌ Content selection failed: 'afternoon_wisdom'
2026-08-14 11:41:16,141 [INFO] Failed posts list is empty.
2026-08-14 11:41:16,237 [INFO] ──────────────────────────────────────────────────
2026-08-14 11:41:16,237 [INFO] ▶  Running slot: afternoon_wisdom
2026-08-14 11:41:16,237 [INFO] ──────────────────────────────────────────────────
2026-08-14 11:41:16,315 [ERROR] ❌ Content selection failed: 'afternoon_wisdom'
2026-08-14 14:17:11,036 [INFO] Failed posts list is empty.
2026-08-14 14:17:11,191 [INFO] ──────────────────────────────────────────────────
2026-08-14 14:17:11,191 [INFO] ▶  Running slot: morning_motivation
2026-08-14 14:17:11,191 [INFO] ──────────────────────────────────────────────────
2026-08-14 14:17:11,299 [INFO] 📝 Content selected: Speed of execution separates the amateur from the professional....
2026-08-14 14:17:11,373 [INFO] Publishing [morning_motivation] | image: /home/runner/work/bright-side-daily/bright-side-daily/images/output/morning_motivation_20260814_141711.png
2026-08-14 14:17:11,373 [INFO] Caption preview: ☀️ Speed of execution separates the amateur from the professional.

Share this with someone who needs it today! 💛

#Moti...
2026-08-14 14:17:16,736 [INFO] ✅ Posted successfully [morning_motivation]
2026-08-14 14:17:16,746 [INFO] ✅ Slot [morning_motivation] published successfully!
2026-08-14 15:53:31,874 [INFO] Failed posts list is empty.
2026-08-14 15:53:32,018 [INFO] ──────────────────────────────────────────────────
2026-08-14 15:53:32,018 [INFO] ▶  Running slot: engagement_question
2026-08-14 15:53:32,018 [INFO] ──────────────────────────────────────────────────
2026-08-14 15:53:32,126 [INFO] 📝 Content selected: What's something you're learning to love about your life as it is right now?...
2026-08-14 15:53:32,233 [INFO] Publishing [engagement_question] | image: /home/runner/work/bright-side-daily/bright-side-daily/images/output/engagement_question_20260814_155332.png
2026-08-14 15:53:32,234 [INFO] Caption preview: 💬 What's something you're learning to love about your life as it is right now?

Drop your answer in the comments below 👇...
2026-08-14 15:53:39,121 [INFO] ✅ Posted successfully [engagement_question]
2026-08-14 15:53:39,131 [INFO] ✅ Slot [engagement_question] published successfully!
2026-08-14 16:36:25,782 [INFO] Failed posts list is empty.
2026-08-14 16:36:25,930 [INFO] ──────────────────────────────────────────────────
2026-08-14 16:36:25,930 [INFO] ▶  Running slot: evening_reflection
2026-08-14 16:36:25,930 [INFO] ──────────────────────────────────────────────────
2026-08-14 16:36:26,039 [INFO] 📝 Content selected: Gratitude changes your perspective — and your perspective changes your life....
2026-08-14 16:36:26,169 [INFO] Publishing [evening_reflection] | image: /home/runner/work/bright-side-daily/bright-side-daily/images/output/evening_reflection_20260814_163626.png
2026-08-14 16:36:26,170 [INFO] Caption preview: 🌙 Gratitude changes your perspective — and your perspective changes your life.

Share this with someone who needs it tod...
2026-08-14 16:36:30,546 [INFO] ✅ Posted successfully [evening_reflection]
2026-08-14 16:36:30,557 [INFO] ✅ Slot [evening_reflection] published successfully!
2026-08-14 18:44:02,467 [INFO] Failed posts list is empty.
2026-08-14 18:44:02,616 [INFO] ──────────────────────────────────────────────────
2026-08-14 18:44:02,616 [INFO] ▶  Running slot: night_inspiration
2026-08-14 18:44:02,616 [INFO] ──────────────────────────────────────────────────
2026-08-14 18:44:02,724 [ERROR] ❌ Content selection failed: 'night_inspiration'
2026-08-15 05:24:13,776 [INFO] Failed posts list is empty.
2026-08-15 05:24:13,923 [INFO] ──────────────────────────────────────────────────
2026-08-15 05:24:13,923 [INFO] ▶  Running slot: morning_motivation
2026-08-15 05:24:13,923 [INFO] ──────────────────────────────────────────────────
2026-08-15 05:24:14,033 [INFO] 📝 Content selected: Your only obligation is to become all you were created to be....
2026-08-15 05:24:14,127 [INFO] Publishing [morning_motivation] | image: /home/runner/work/bright-side-daily/bright-side-daily/images/output/morning_motivation_20260815_052414.png
2026-08-15 05:24:14,127 [INFO] Caption preview: ☀️ Your only obligation is to become all you were created to be.

Share this with someone who needs it today! 💛

#Motiva...
2026-08-15 05:24:20,447 [INFO] ✅ Posted successfully [morning_motivation]
2026-08-15 05:24:20,458 [INFO] ✅ Slot [morning_motivation] published successfully!
2026-08-15 07:32:17,803 [INFO] Failed posts list is empty.
2026-08-15 07:32:17,955 [INFO] ──────────────────────────────────────────────────
2026-08-15 07:32:17,955 [INFO] ▶  Running slot: positive_quote
2026-08-15 07:32:17,955 [INFO] ──────────────────────────────────────────────────
2026-08-15 07:32:18,067 [INFO] 📝 Content selected: Life is short, but it's wide. Fill it with moments worth keeping....
2026-08-15 07:32:18,173 [INFO] Publishing [positive_quote] | image: /home/runner/work/bright-side-daily/bright-side-daily/images/output/positive_quote_20260815_073218.png
2026-08-15 07:32:18,174 [INFO] Caption preview: 🌟 Life is short, but it's wide. Fill it with moments worth keeping.

Share this with someone who needs it today! 💛

#Pos...
2026-08-15 07:32:24,944 [INFO] ✅ Posted successfully [positive_quote]
2026-08-15 07:32:24,955 [INFO] ✅ Slot [positive_quote] published successfully!
2026-08-15 08:15:48,110 [INFO] Failed posts list is empty.
2026-08-15 08:15:48,252 [INFO] ──────────────────────────────────────────────────
2026-08-15 08:15:48,252 [INFO] ▶  Running slot: self_improvement
2026-08-15 08:15:48,252 [INFO] ──────────────────────────────────────────────────
2026-08-15 08:15:48,371 [INFO] 📝 Content selected: Your self-improvement is never done and that's the beautiful part....
2026-08-15 08:15:48,535 [INFO] Publishing [self_improvement] | image: /home/runner/work/bright-side-daily/bright-side-daily/images/output/self_improvement_20260815_081548.png
2026-08-15 08:15:48,535 [INFO] Caption preview: 📈 Your self-improvement is never done and that's the beautiful part.

Share this with someone who needs it today! 💛

#Pe...
2026-08-15 08:15:54,850 [INFO] ✅ Posted successfully [self_improvement]
2026-08-15 08:15:54,861 [INFO] ✅ Slot [self_improvement] published successfully!
2026-08-15 09:22:35,448 [INFO] Failed posts list is empty.
2026-08-15 09:22:35,597 [INFO] ──────────────────────────────────────────────────
2026-08-15 09:22:35,597 [INFO] ▶  Running slot: funny_meme
2026-08-15 09:22:35,597 [INFO] ──────────────────────────────────────────────────
2026-08-15 09:22:35,719 [INFO] 📝 Content selected: My energy the night before a trip vs. the morning of the trip: Different people....
2026-08-15 09:22:35,903 [INFO] Publishing [funny_meme] | image: /home/runner/work/bright-side-daily/bright-side-daily/images/output/funny_meme_20260815_092235.png
2026-08-15 09:22:35,903 [INFO] Caption preview: 😄 My energy the night before a trip vs. the morning of the trip: Different people.

Tag someone who can relate! 😂

#Rela...
2026-08-15 09:22:40,677 [INFO] ✅ Posted successfully [funny_meme]
2026-08-15 09:22:40,688 [INFO] ✅ Slot [funny_meme] published successfully!
2026-08-15 10:29:42,056 [INFO] Failed posts list is empty.
2026-08-15 10:29:42,207 [INFO] ──────────────────────────────────────────────────
2026-08-15 10:29:42,207 [INFO] ▶  Running slot: midday_encouragement
2026-08-15 10:29:42,207 [INFO] ──────────────────────────────────────────────────
2026-08-15 10:29:42,319 [INFO] 📝 Content selected: Difficult doesn't mean impossible. It just means it requires everything you have...
2026-08-15 10:29:42,469 [INFO] Publishing [midday_encouragement] | image: /home/runner/work/bright-side-daily/bright-side-daily/images/output/midday_encouragement_20260815_102942.png
2026-08-15 10:29:42,469 [INFO] Caption preview: 💪 Difficult doesn't mean impossible. It just means it requires everything you have.

Share this with someone who needs i...
2026-08-15 10:29:48,043 [INFO] ✅ Posted successfully [midday_encouragement]
2026-08-15 10:29:48,054 [INFO] ✅ Slot [midday_encouragement] published successfully!
2026-08-15 11:16:08,210 [INFO] Failed posts list is empty.
2026-08-15 11:16:08,354 [INFO] ──────────────────────────────────────────────────
2026-08-15 11:16:08,354 [INFO] ▶  Running slot: afternoon_wisdom
2026-08-15 11:16:08,354 [INFO] ──────────────────────────────────────────────────
2026-08-15 11:16:08,466 [ERROR] ❌ Content selection failed: 'afternoon_wisdom'
2026-08-15 13:34:42,435 [INFO] Failed posts list is empty.
2026-08-15 13:34:42,583 [INFO] ──────────────────────────────────────────────────
2026-08-15 13:34:42,583 [INFO] ▶  Running slot: gratitude_moment
2026-08-15 13:34:42,584 [INFO] ──────────────────────────────────────────────────
2026-08-15 13:34:42,694 [ERROR] ❌ Content selection failed: 'gratitude_moment'
2026-08-15 15:21:50,871 [INFO] Failed posts list is empty.
2026-08-15 15:21:51,030 [INFO] ──────────────────────────────────────────────────
2026-08-15 15:21:51,030 [INFO] ▶  Running slot: engagement_question
2026-08-15 15:21:51,030 [INFO] ──────────────────────────────────────────────────
2026-08-15 15:21:51,144 [INFO] 📝 Content selected: If you had 24 hours with no obligations, what would you do?...
2026-08-15 15:21:51,332 [INFO] Publishing [engagement_question] | image: /home/runner/work/bright-side-daily/bright-side-daily/images/output/engagement_question_20260815_152151.png
2026-08-15 15:21:51,333 [INFO] Caption preview: 💬 If you had 24 hours with no obligations, what would you do?

Drop your answer in the comments below 👇

#Community #Sha...
2026-08-15 15:21:56,231 [INFO] ✅ Posted successfully [engagement_question]
2026-08-15 15:21:56,242 [INFO] ✅ Slot [engagement_question] published successfully!
2026-08-15 16:07:55,097 [INFO] Failed posts list is empty.
2026-08-15 16:07:55,257 [INFO] ──────────────────────────────────────────────────
2026-08-15 16:07:55,257 [INFO] ▶  Running slot: evening_reflection
2026-08-15 16:07:55,257 [INFO] ──────────────────────────────────────────────────
2026-08-15 16:07:55,369 [INFO] 📝 Content selected: Living gratefully is the greatest form of prayer....
2026-08-15 16:07:55,475 [INFO] Publishing [evening_reflection] | image: /home/runner/work/bright-side-daily/bright-side-daily/images/output/evening_reflection_20260815_160755.png
2026-08-15 16:07:55,475 [INFO] Caption preview: 🌙 Living gratefully is the greatest form of prayer.

Share this with someone who needs it today! 💛

#Gratitude #Thankful...
2026-08-15 16:08:01,653 [INFO] ✅ Posted successfully [evening_reflection]
2026-08-15 16:08:01,663 [INFO] ✅ Slot [evening_reflection] published successfully!
2026-08-15 18:18:53,497 [INFO] Failed posts list is empty.
2026-08-15 18:18:53,650 [INFO] ──────────────────────────────────────────────────
2026-08-15 18:18:53,651 [INFO] ▶  Running slot: night_inspiration
2026-08-15 18:18:53,651 [INFO] ──────────────────────────────────────────────────
2026-08-15 18:18:53,767 [ERROR] ❌ Content selection failed: 'night_inspiration'
2026-08-16 05:28:14,316 [INFO] Failed posts list is empty.
2026-08-16 05:28:14,432 [INFO] ──────────────────────────────────────────────────
2026-08-16 05:28:14,432 [INFO] ▶  Running slot: morning_motivation
2026-08-16 05:28:14,432 [INFO] ──────────────────────────────────────────────────
2026-08-16 05:28:14,518 [INFO] 📝 Content selected: The future belongs to those who believe in the beauty of their dreams....
2026-08-16 05:28:14,634 [INFO] Publishing [morning_motivation] | image: /home/runner/work/bright-side-daily/bright-side-daily/images/output/morning_motivation_20260816_052814.png
2026-08-16 05:28:14,634 [INFO] Caption preview: ☀️ The future belongs to those who believe in the beauty of their dreams.

Share this with someone who needs it today! 💛...
2026-08-16 05:28:19,905 [INFO] ✅ Posted successfully [morning_motivation]
2026-08-16 05:28:19,913 [INFO] ✅ Slot [morning_motivation] published successfully!
2026-08-16 07:32:35,498 [INFO] Failed posts list is empty.
2026-08-16 07:32:35,646 [INFO] ──────────────────────────────────────────────────
2026-08-16 07:32:35,647 [INFO] ▶  Running slot: positive_quote
2026-08-16 07:32:35,647 [INFO] ──────────────────────────────────────────────────
2026-08-16 07:32:35,760 [INFO] 📝 Content selected: Your heart is the engine of everything beautiful in your life....
2026-08-16 07:32:35,961 [INFO] Publishing [positive_quote] | image: /home/runner/work/bright-side-daily/bright-side-daily/images/output/positive_quote_20260816_073235.png
2026-08-16 07:32:35,961 [INFO] Caption preview: 🌟 Your heart is the engine of everything beautiful in your life.

Share this with someone who needs it today! 💛

#Positi...
2026-08-16 07:32:41,796 [INFO] ✅ Posted successfully [positive_quote]
2026-08-16 07:32:41,807 [INFO] ✅ Slot [positive_quote] published successfully!
2026-08-16 08:17:19,814 [INFO] Failed posts list is empty.
2026-08-16 08:17:19,974 [INFO] ──────────────────────────────────────────────────
2026-08-16 08:17:19,974 [INFO] ▶  Running slot: self_improvement
2026-08-16 08:17:19,974 [INFO] ──────────────────────────────────────────────────
2026-08-16 08:17:20,098 [INFO] 📝 Content selected: Embrace challenges as the curriculum of your growth....
2026-08-16 08:17:20,277 [INFO] Publishing [self_improvement] | image: /home/runner/work/bright-side-daily/bright-side-daily/images/output/self_improvement_20260816_081720.png
2026-08-16 08:17:20,277 [INFO] Caption preview: 📈 Embrace challenges as the curriculum of your growth.

Share this with someone who needs it today! 💛

#PersonalGrowth #...
2026-08-16 08:17:24,680 [INFO] ✅ Posted successfully [self_improvement]
2026-08-16 08:17:24,691 [INFO] ✅ Slot [self_improvement] published successfully!
2026-08-16 09:23:41,328 [INFO] Failed posts list is empty.
2026-08-16 09:23:41,454 [INFO] ──────────────────────────────────────────────────
2026-08-16 09:23:41,454 [INFO] ▶  Running slot: funny_meme
2026-08-16 09:23:41,454 [INFO] ──────────────────────────────────────────────────
2026-08-16 09:23:41,552 [INFO] 📝 Content selected: Me genuinely not knowing if I'm tired or bored or both or neither....
2026-08-16 09:23:41,668 [INFO] Publishing [funny_meme] | image: /home/runner/work/bright-side-daily/bright-side-daily/images/output/funny_meme_20260816_092341.png
2026-08-16 09:23:41,668 [INFO] Caption preview: 😄 Me genuinely not knowing if I'm tired or bored or both or neither.

Tag someone who can relate! 😂

#RelatableLife #Fun...
2026-08-16 09:23:47,571 [INFO] ✅ Posted successfully [funny_meme]
2026-08-16 09:23:47,585 [INFO] ✅ Slot [funny_meme] published successfully!
2026-08-16 10:29:38,992 [INFO] Failed posts list is empty.
2026-08-16 10:29:39,130 [INFO] ──────────────────────────────────────────────────
2026-08-16 10:29:39,130 [INFO] ▶  Running slot: midday_encouragement
2026-08-16 10:29:39,130 [INFO] ──────────────────────────────────────────────────
2026-08-16 10:29:39,243 [INFO] 📝 Content selected: Keep your hope alive. It is the engine that drives your future....
2026-08-16 10:29:39,562 [INFO] Publishing [midday_encouragement] | image: /home/runner/work/bright-side-daily/bright-side-daily/images/output/midday_encouragement_20260816_102939.png
2026-08-16 10:29:39,562 [INFO] Caption preview: 💪 Keep your hope alive. It is the engine that drives your future.

Share this with someone who needs it today! 💛

#YouGo...
2026-08-16 10:29:45,888 [INFO] ✅ Posted successfully [midday_encouragement]
2026-08-16 10:29:45,898 [INFO] ✅ Slot [midday_encouragement] published successfully!
2026-08-16 11:16:38,259 [INFO] Failed posts list is empty.
2026-08-16 11:16:38,415 [INFO] ──────────────────────────────────────────────────
2026-08-16 11:16:38,416 [INFO] ▶  Running slot: afternoon_wisdom
2026-08-16 11:16:38,416 [INFO] ──────────────────────────────────────────────────
2026-08-16 11:16:38,538 [ERROR] ❌ Content selection failed: 'afternoon_wisdom'
2026-08-16 13:35:34,570 [INFO] Failed posts list is empty.
2026-08-16 13:35:34,720 [INFO] ──────────────────────────────────────────────────
2026-08-16 13:35:34,720 [INFO] ▶  Running slot: gratitude_moment
2026-08-16 13:35:34,721 [INFO] ──────────────────────────────────────────────────
2026-08-16 13:35:34,834 [ERROR] ❌ Content selection failed: 'gratitude_moment'
2026-08-16 15:23:19,511 [INFO] Failed posts list is empty.
2026-08-16 15:23:19,656 [INFO] ──────────────────────────────────────────────────
2026-08-16 15:23:19,656 [INFO] ▶  Running slot: engagement_question
2026-08-16 15:23:19,656 [INFO] ──────────────────────────────────────────────────
2026-08-16 15:23:19,777 [INFO] 📝 Content selected: What's something you want to carry into the next season of your life?...
2026-08-16 15:23:19,884 [INFO] Publishing [engagement_question] | image: /home/runner/work/bright-side-daily/bright-side-daily/images/output/engagement_question_20260816_152319.png
2026-08-16 15:23:19,884 [INFO] Caption preview: 💬 What's something you want to carry into the next season of your life?

Drop your answer in the comments below 👇

#Comm...
2026-08-16 15:23:25,845 [INFO] ✅ Posted successfully [engagement_question]
2026-08-16 15:23:25,855 [INFO] ✅ Slot [engagement_question] published successfully!
2026-08-16 16:08:25,356 [INFO] Failed posts list is empty.
2026-08-16 16:08:25,505 [INFO] ──────────────────────────────────────────────────
2026-08-16 16:08:25,505 [INFO] ▶  Running slot: evening_reflection
2026-08-16 16:08:25,505 [INFO] ──────────────────────────────────────────────────
2026-08-16 16:08:25,619 [INFO] 📝 Content selected: Counting your blessings always gives you a bigger number than counting your prob...
2026-08-16 16:08:25,785 [INFO] Publishing [evening_reflection] | image: /home/runner/work/bright-side-daily/bright-side-daily/images/output/evening_reflection_20260816_160825.png
2026-08-16 16:08:25,786 [INFO] Caption preview: 🌙 Counting your blessings always gives you a bigger number than counting your problems.

Share this with someone who nee...
2026-08-16 16:08:30,654 [INFO] ✅ Posted successfully [evening_reflection]
2026-08-16 16:08:30,664 [INFO] ✅ Slot [evening_reflection] published successfully!
2026-08-16 18:19:00,510 [INFO] Failed posts list is empty.
2026-08-16 18:19:00,657 [INFO] ──────────────────────────────────────────────────
2026-08-16 18:19:00,657 [INFO] ▶  Running slot: night_inspiration
2026-08-16 18:19:00,657 [INFO] ──────────────────────────────────────────────────
2026-08-16 18:19:00,774 [ERROR] ❌ Content selection failed: 'night_inspiration'
2026-08-17 05:34:26,901 [INFO] Failed posts list is empty.
2026-08-17 05:34:27,048 [INFO] ──────────────────────────────────────────────────
2026-08-17 05:34:27,048 [INFO] ▶  Running slot: morning_motivation
2026-08-17 05:34:27,048 [INFO] ──────────────────────────────────────────────────
2026-08-17 05:34:27,164 [INFO] 📝 Content selected: You don't need a new year to make a change. You just need a new day....
2026-08-17 05:34:27,268 [INFO] Publishing [morning_motivation] | image: /home/runner/work/bright-side-daily/bright-side-daily/images/output/morning_motivation_20260817_053427.png
2026-08-17 05:34:27,268 [INFO] Caption preview: ☀️ You don't need a new year to make a change. You just need a new day.

Share this with someone who needs it today! 💛

...
2026-08-17 05:34:31,721 [INFO] ✅ Posted successfully [morning_motivation]
2026-08-17 05:34:31,733 [INFO] ✅ Slot [morning_motivation] published successfully!
2026-08-17 07:54:02,423 [INFO] Failed posts list is empty.
2026-08-17 07:54:02,574 [INFO] ──────────────────────────────────────────────────
2026-08-17 07:54:02,574 [INFO] ▶  Running slot: positive_quote
2026-08-17 07:54:02,574 [INFO] ──────────────────────────────────────────────────
2026-08-17 07:54:02,691 [INFO] 📝 Content selected: Life flows better when you let go....
2026-08-17 07:54:02,849 [INFO] Publishing [positive_quote] | image: /home/runner/work/bright-side-daily/bright-side-daily/images/output/positive_quote_20260817_075402.png
2026-08-17 07:54:02,849 [INFO] Caption preview: 🌟 Life flows better when you let go.

Share this with someone who needs it today! 💛

#PositiveVibes #HappyLife #GoodVibe...
2026-08-17 07:54:08,240 [INFO] ✅ Posted successfully [positive_quote]
2026-08-17 07:54:08,251 [INFO] ✅ Slot [positive_quote] published successfully!
2026-08-17 08:32:11,504 [INFO] Failed posts list is empty.
2026-08-17 08:32:11,652 [INFO] ──────────────────────────────────────────────────
2026-08-17 08:32:11,652 [INFO] ▶  Running slot: self_improvement
2026-08-17 08:32:11,652 [INFO] ──────────────────────────────────────────────────
2026-08-17 08:32:11,769 [INFO] 📝 Content selected: The secret to change is to focus all energy not on fighting the old, but on buil...
2026-08-17 08:32:11,828 [INFO] Publishing [self_improvement] | image: /home/runner/work/bright-side-daily/bright-side-daily/images/output/self_improvement_20260817_083211.png
2026-08-17 08:32:11,828 [INFO] Caption preview: 📈 The secret to change is to focus all energy not on fighting the old, but on building the new.

Share this with someone...
2026-08-17 08:32:18,061 [INFO] ✅ Posted successfully [self_improvement]
2026-08-17 08:32:18,074 [INFO] ✅ Slot [self_improvement] published successfully!
2026-08-17 09:37:18,681 [INFO] Failed posts list is empty.
2026-08-17 09:37:18,820 [INFO] ──────────────────────────────────────────────────
2026-08-17 09:37:18,820 [INFO] ▶  Running slot: funny_meme
2026-08-17 09:37:18,820 [INFO] ──────────────────────────────────────────────────
2026-08-17 09:37:18,920 [INFO] 📝 Content selected: Me at the start of a long meeting: engaged. Me 40 minutes in: philosophically el...
2026-08-17 09:37:19,007 [INFO] Publishing [funny_meme] | image: /home/runner/work/bright-side-daily/bright-side-daily/images/output/funny_meme_20260817_093718.png
2026-08-17 09:37:19,007 [INFO] Caption preview: 😄 Me at the start of a long meeting: engaged. Me 40 minutes in: philosophically elsewhere.

Tag someone who can relate! ...
2026-08-17 09:37:23,225 [INFO] ✅ Posted successfully [funny_meme]
2026-08-17 09:37:23,234 [INFO] ✅ Slot [funny_meme] published successfully!
2026-08-17 10:38:19,533 [INFO] Failed posts list is empty.
2026-08-17 10:38:19,682 [INFO] ──────────────────────────────────────────────────
2026-08-17 10:38:19,682 [INFO] ▶  Running slot: midday_encouragement
2026-08-17 10:38:19,682 [INFO] ──────────────────────────────────────────────────
2026-08-17 10:38:19,800 [INFO] 📝 Content selected: You are more than your worst moment. Always....
2026-08-17 10:38:19,906 [INFO] Publishing [midday_encouragement] | image: /home/runner/work/bright-side-daily/bright-side-daily/images/output/midday_encouragement_20260817_103819.png
2026-08-17 10:38:19,906 [INFO] Caption preview: 💪 You are more than your worst moment. Always.

Share this with someone who needs it today! 💛

#YouGotThis #KeepGoing #N...
2026-08-17 10:38:25,149 [INFO] ✅ Posted successfully [midday_encouragement]
2026-08-17 10:38:25,160 [INFO] ✅ Slot [midday_encouragement] published successfully!
2026-08-17 11:21:05,320 [INFO] Failed posts list is empty.
2026-08-17 11:21:05,467 [INFO] ──────────────────────────────────────────────────
2026-08-17 11:21:05,467 [INFO] ▶  Running slot: afternoon_wisdom
2026-08-17 11:21:05,467 [INFO] ──────────────────────────────────────────────────
2026-08-17 11:21:05,581 [ERROR] ❌ Content selection failed: 'afternoon_wisdom'
2026-08-17 13:42:44,348 [INFO] Failed posts list is empty.
2026-08-17 13:42:44,497 [INFO] ──────────────────────────────────────────────────
2026-08-17 13:42:44,497 [INFO] ▶  Running slot: gratitude_moment
2026-08-17 13:42:44,497 [INFO] ──────────────────────────────────────────────────
2026-08-17 13:42:44,617 [ERROR] ❌ Content selection failed: 'gratitude_moment'
2026-08-17 15:26:31,813 [INFO] Failed posts list is empty.
2026-08-17 15:26:31,963 [INFO] ──────────────────────────────────────────────────
2026-08-17 15:26:31,963 [INFO] ▶  Running slot: engagement_question
2026-08-17 15:26:31,963 [INFO] ──────────────────────────────────────────────────
2026-08-17 15:26:32,081 [INFO] 📝 Content selected: What's a dream you keep coming back to?...
2026-08-17 15:26:32,193 [INFO] Publishing [engagement_question] | image: /home/runner/work/bright-side-daily/bright-side-daily/images/output/engagement_question_20260817_152632.png
2026-08-17 15:26:32,193 [INFO] Caption preview: 💬 What's a dream you keep coming back to?

Drop your answer in the comments below 👇

#Community #ShareYourThoughts #Ques...
2026-08-17 15:26:38,973 [INFO] ✅ Posted successfully [engagement_question]
2026-08-17 15:26:38,984 [INFO] ✅ Slot [engagement_question] published successfully!
2026-08-17 16:10:44,623 [INFO] Failed posts list is empty.
2026-08-17 16:10:44,771 [INFO] ──────────────────────────────────────────────────
2026-08-17 16:10:44,771 [INFO] ▶  Running slot: evening_reflection
2026-08-17 16:10:44,771 [INFO] ──────────────────────────────────────────────────
2026-08-17 16:10:44,886 [INFO] 📝 Content selected: Thank the ones who stayed. They chose you....
2026-08-17 16:10:44,994 [INFO] Publishing [evening_reflection] | image: /home/runner/work/bright-side-daily/bright-side-daily/images/output/evening_reflection_20260817_161044.png
2026-08-17 16:10:44,994 [INFO] Caption preview: 🌙 Thank the ones who stayed. They chose you.

Share this with someone who needs it today! 💛

#Gratitude #Thankful #Count...
2026-08-17 16:10:52,127 [INFO] ✅ Posted successfully [evening_reflection]
2026-08-17 16:10:52,138 [INFO] ✅ Slot [evening_reflection] published successfully!
2026-08-17 18:29:01,229 [INFO] Failed posts list is empty.
2026-08-17 18:29:01,380 [INFO] ──────────────────────────────────────────────────
2026-08-17 18:29:01,380 [INFO] ▶  Running slot: night_inspiration
2026-08-17 18:29:01,380 [INFO] ──────────────────────────────────────────────────
2026-08-17 18:29:01,500 [ERROR] ❌ Content selection failed: 'night_inspiration'
2026-08-18 05:29:23,149 [INFO] Failed posts list is empty.
2026-08-18 05:29:23,307 [INFO] ──────────────────────────────────────────────────
2026-08-18 05:29:23,307 [INFO] ▶  Running slot: morning_motivation
2026-08-18 05:29:23,307 [INFO] ──────────────────────────────────────────────────
2026-08-18 05:29:23,428 [INFO] 📝 Content selected: Create your own sunshine....
2026-08-18 05:29:23,529 [INFO] Publishing [morning_motivation] | image: /home/runner/work/bright-side-daily/bright-side-daily/images/output/morning_motivation_20260818_052923.png
2026-08-18 05:29:23,529 [INFO] Caption preview: ☀️ Create your own sunshine.

Share this with someone who needs it today! 💛

#Motivation #Success #MindsetMatters #Daily...
2026-08-18 05:29:28,175 [INFO] ✅ Posted successfully [morning_motivation]
2026-08-18 05:29:28,186 [INFO] ✅ Slot [morning_motivation] published successfully!
2026-08-18 07:39:28,553 [INFO] Failed posts list is empty.
2026-08-18 07:39:28,698 [INFO] ──────────────────────────────────────────────────
2026-08-18 07:39:28,699 [INFO] ▶  Running slot: positive_quote
2026-08-18 07:39:28,699 [INFO] ──────────────────────────────────────────────────
2026-08-18 07:39:28,817 [INFO] 📝 Content selected: You deserve good days more than you know....
2026-08-18 07:39:28,930 [INFO] Publishing [positive_quote] | image: /home/runner/work/bright-side-daily/bright-side-daily/images/output/positive_quote_20260818_073928.png
2026-08-18 07:39:28,930 [INFO] Caption preview: 🌟 You deserve good days more than you know.

Share this with someone who needs it today! 💛

#PositiveVibes #HappyLife #G...
2026-08-18 07:39:33,101 [INFO] ✅ Posted successfully [positive_quote]
2026-08-18 07:39:33,112 [INFO] ✅ Slot [positive_quote] published successfully!
2026-08-18 08:24:48,435 [INFO] Failed posts list is empty.
2026-08-18 08:24:48,552 [INFO] ──────────────────────────────────────────────────
2026-08-18 08:24:48,552 [INFO] ▶  Running slot: self_improvement
2026-08-18 08:24:48,552 [INFO] ──────────────────────────────────────────────────
2026-08-18 08:24:48,655 [INFO] 📝 Content selected: Master the art of starting. Everything else follows....
2026-08-18 08:24:48,749 [INFO] Publishing [self_improvement] | image: /home/runner/work/bright-side-daily/bright-side-daily/images/output/self_improvement_20260818_082448.png
2026-08-18 08:24:48,749 [INFO] Caption preview: 📈 Master the art of starting. Everything else follows.

Share this with someone who needs it today! 💛

#PersonalGrowth #...
2026-08-18 08:24:52,763 [INFO] ✅ Posted successfully [self_improvement]
2026-08-18 08:24:52,772 [INFO] ✅ Slot [self_improvement] published successfully!
2026-08-18 09:28:39,004 [INFO] Failed posts list is empty.
2026-08-18 09:28:39,148 [INFO] ──────────────────────────────────────────────────
2026-08-18 09:28:39,148 [INFO] ▶  Running slot: funny_meme
2026-08-18 09:28:39,148 [INFO] ──────────────────────────────────────────────────
2026-08-18 09:28:39,269 [INFO] 📝 Content selected: My phone asking if I want to download an update I will definitely skip for six m...
2026-08-18 09:28:39,408 [INFO] Publishing [funny_meme] | image: /home/runner/work/bright-side-daily/bright-side-daily/images/output/funny_meme_20260818_092839.png
2026-08-18 09:28:39,408 [INFO] Caption preview: 😄 My phone asking if I want to download an update I will definitely skip for six months.

Tag someone who can relate! 😂
...
2026-08-18 09:28:43,749 [INFO] ✅ Posted successfully [funny_meme]
2026-08-18 09:28:43,760 [INFO] ✅ Slot [funny_meme] published successfully!
2026-08-18 10:36:00,802 [INFO] Failed posts list is empty.
2026-08-18 10:36:00,955 [INFO] ──────────────────────────────────────────────────
2026-08-18 10:36:00,955 [INFO] ▶  Running slot: midday_encouragement
2026-08-18 10:36:00,955 [INFO] ──────────────────────────────────────────────────
2026-08-18 10:36:01,075 [INFO] 📝 Content selected: Don't mistake a slow season for a stopped one....
2026-08-18 10:36:01,241 [INFO] Publishing [midday_encouragement] | image: /home/runner/work/bright-side-daily/bright-side-daily/images/output/midday_encouragement_20260818_103601.png
2026-08-18 10:36:01,241 [INFO] Caption preview: 💪 Don't mistake a slow season for a stopped one.

Share this with someone who needs it today! 💛

#YouGotThis #KeepGoing ...
2026-08-18 10:36:05,226 [INFO] ✅ Posted successfully [midday_encouragement]
2026-08-18 10:36:05,237 [INFO] ✅ Slot [midday_encouragement] published successfully!
2026-08-18 11:21:04,031 [INFO] Failed posts list is empty.
2026-08-18 11:21:04,179 [INFO] ──────────────────────────────────────────────────
2026-08-18 11:21:04,179 [INFO] ▶  Running slot: afternoon_wisdom
2026-08-18 11:21:04,179 [INFO] ──────────────────────────────────────────────────
2026-08-18 11:21:04,298 [ERROR] ❌ Content selection failed: 'afternoon_wisdom'
2026-08-18 13:47:11,013 [INFO] Failed posts list is empty.
2026-08-18 13:47:11,163 [INFO] ──────────────────────────────────────────────────
2026-08-18 13:47:11,163 [INFO] ▶  Running slot: gratitude_moment
2026-08-18 13:47:11,163 [INFO] ──────────────────────────────────────────────────
2026-08-18 13:47:11,287 [ERROR] ❌ Content selection failed: 'gratitude_moment'
2026-08-18 15:33:32,861 [INFO] Failed posts list is empty.
2026-08-18 15:33:33,025 [INFO] ──────────────────────────────────────────────────
2026-08-18 15:33:33,025 [INFO] ▶  Running slot: engagement_question
2026-08-18 15:33:33,025 [INFO] ──────────────────────────────────────────────────
2026-08-18 15:33:33,148 [INFO] 📝 Content selected: What's something you're looking forward to tomorrow?...
2026-08-18 15:33:33,206 [INFO] Publishing [engagement_question] | image: /home/runner/work/bright-side-daily/bright-side-daily/images/output/engagement_question_20260818_153333.png
2026-08-18 15:33:33,207 [INFO] Caption preview: 💬 What's something you're looking forward to tomorrow?

Drop your answer in the comments below 👇

#Community #ShareYourT...
2026-08-18 15:33:36,938 [INFO] ✅ Posted successfully [engagement_question]
2026-08-18 15:33:36,949 [INFO] ✅ Slot [engagement_question] published successfully!
2026-08-18 16:15:01,973 [INFO] Failed posts list is empty.
2026-08-18 16:15:02,120 [INFO] ──────────────────────────────────────────────────
2026-08-18 16:15:02,120 [INFO] ▶  Running slot: evening_reflection
2026-08-18 16:15:02,120 [INFO] ──────────────────────────────────────────────────
2026-08-18 16:15:02,239 [INFO] 📝 Content selected: Be so grateful that your energy becomes infectious to everyone around you....
2026-08-18 16:15:02,355 [INFO] Publishing [evening_reflection] | image: /home/runner/work/bright-side-daily/bright-side-daily/images/output/evening_reflection_20260818_161502.png
2026-08-18 16:15:02,355 [INFO] Caption preview: 🌙 Be so grateful that your energy becomes infectious to everyone around you.

Share this with someone who needs it today...
2026-08-18 16:15:06,220 [INFO] ✅ Posted successfully [evening_reflection]
2026-08-18 16:15:06,231 [INFO] ✅ Slot [evening_reflection] published successfully!
2026-08-18 18:28:22,752 [INFO] Failed posts list is empty.
2026-08-18 18:28:22,893 [INFO] ──────────────────────────────────────────────────
2026-08-18 18:28:22,893 [INFO] ▶  Running slot: night_inspiration
2026-08-18 18:28:22,893 [INFO] ──────────────────────────────────────────────────
2026-08-18 18:28:23,015 [ERROR] ❌ Content selection failed: 'night_inspiration'
2026-08-19 05:29:36,358 [INFO] Failed posts list is empty.
2026-08-19 05:29:36,506 [INFO] ──────────────────────────────────────────────────
2026-08-19 05:29:36,506 [INFO] ▶  Running slot: morning_motivation
2026-08-19 05:29:36,506 [INFO] ──────────────────────────────────────────────────
2026-08-19 05:29:36,627 [INFO] 📝 Content selected: Every obstacle is teaching you something. Learn it and move....
2026-08-19 05:29:36,735 [INFO] Publishing [morning_motivation] | image: /home/runner/work/bright-side-daily/bright-side-daily/images/output/morning_motivation_20260819_052936.png
2026-08-19 05:29:36,735 [INFO] Caption preview: ☀️ Every obstacle is teaching you something. Learn it and move.

Share this with someone who needs it today! 💛

#Motivat...
2026-08-19 05:29:42,210 [INFO] ✅ Posted successfully [morning_motivation]
2026-08-19 05:29:42,221 [INFO] ✅ Slot [morning_motivation] published successfully!
2026-08-19 07:39:38,001 [INFO] Failed posts list is empty.
2026-08-19 07:39:38,155 [INFO] ──────────────────────────────────────────────────
2026-08-19 07:39:38,155 [INFO] ▶  Running slot: positive_quote
2026-08-19 07:39:38,155 [INFO] ──────────────────────────────────────────────────
2026-08-19 07:39:38,276 [INFO] 📝 Content selected: You are always just one grateful thought away from feeling better....
2026-08-19 07:39:38,432 [INFO] Publishing [positive_quote] | image: /home/runner/work/bright-side-daily/bright-side-daily/images/output/positive_quote_20260819_073938.png
2026-08-19 07:39:38,433 [INFO] Caption preview: 🌟 You are always just one grateful thought away from feeling better.

Share this with someone who needs it today! 💛

#Po...
2026-08-19 07:39:42,768 [INFO] ✅ Posted successfully [positive_quote]
2026-08-19 07:39:42,780 [INFO] ✅ Slot [positive_quote] published successfully!
2026-08-19 08:24:51,506 [INFO] Failed posts list is empty.
2026-08-19 08:24:51,668 [INFO] ──────────────────────────────────────────────────
2026-08-19 08:24:51,668 [INFO] ▶  Running slot: self_improvement
2026-08-19 08:24:51,668 [INFO] ──────────────────────────────────────────────────
2026-08-19 08:24:51,792 [INFO] 📝 Content selected: Build the habit of execution. Good ideas without action are worthless....
2026-08-19 08:24:51,900 [INFO] Publishing [self_improvement] | image: /home/runner/work/bright-side-daily/bright-side-daily/images/output/self_improvement_20260819_082451.png
2026-08-19 08:24:51,900 [INFO] Caption preview: 📈 Build the habit of execution. Good ideas without action are worthless.

Share this with someone who needs it today! 💛
...
2026-08-19 08:24:55,829 [INFO] ✅ Posted successfully [self_improvement]
2026-08-19 08:24:55,839 [INFO] ✅ Slot [self_improvement] published successfully!
2026-08-19 09:30:08,426 [INFO] Failed posts list is empty.
2026-08-19 09:30:08,540 [INFO] ──────────────────────────────────────────────────
2026-08-19 09:30:08,540 [INFO] ▶  Running slot: funny_meme
2026-08-19 09:30:08,540 [INFO] ──────────────────────────────────────────────────
2026-08-19 09:30:08,634 [INFO] 📝 Content selected: When I start a sentence with 'long story short' and then don't make it short....
2026-08-19 09:30:08,775 [INFO] Publishing [funny_meme] | image: /home/runner/work/bright-side-daily/bright-side-daily/images/output/funny_meme_20260819_093008.png
2026-08-19 09:30:08,776 [INFO] Caption preview: 😄 When I start a sentence with 'long story short' and then don't make it short.

Tag someone who can relate! 😂

#Relatab...
2026-08-19 09:30:14,451 [INFO] ✅ Posted successfully [funny_meme]
2026-08-19 09:30:14,459 [INFO] ✅ Slot [funny_meme] published successfully!
2026-08-19 10:35:43,051 [INFO] Failed posts list is empty.
2026-08-19 10:35:43,205 [INFO] ──────────────────────────────────────────────────
2026-08-19 10:35:43,205 [INFO] ▶  Running slot: midday_encouragement
2026-08-19 10:35:43,205 [INFO] ──────────────────────────────────────────────────
2026-08-19 10:35:43,331 [INFO] 📝 Content selected: Your best is yet to come. Believe it....
2026-08-19 10:35:43,436 [INFO] Publishing [midday_encouragement] | image: /home/runner/work/bright-side-daily/bright-side-daily/images/output/midday_encouragement_20260819_103543.png
2026-08-19 10:35:43,436 [INFO] Caption preview: 💪 Your best is yet to come. Believe it.

Share this with someone who needs it today! 💛

#YouGotThis #KeepGoing #NeverGiv...
2026-08-19 10:35:48,286 [INFO] ✅ Posted successfully [midday_encouragement]
2026-08-19 10:35:48,298 [INFO] ✅ Slot [midday_encouragement] published successfully!
2026-08-19 11:20:52,474 [INFO] Failed posts list is empty.
2026-08-19 11:20:52,631 [INFO] ──────────────────────────────────────────────────
2026-08-19 11:20:52,631 [INFO] ▶  Running slot: afternoon_wisdom
2026-08-19 11:20:52,631 [INFO] ──────────────────────────────────────────────────
2026-08-19 11:20:52,762 [ERROR] ❌ Content selection failed: 'afternoon_wisdom'
2026-08-19 13:48:56,347 [INFO] Failed posts list is empty.
2026-08-19 13:48:56,498 [INFO] ──────────────────────────────────────────────────
2026-08-19 13:48:56,498 [INFO] ▶  Running slot: gratitude_moment
2026-08-19 13:48:56,498 [INFO] ──────────────────────────────────────────────────
2026-08-19 13:48:56,620 [ERROR] ❌ Content selection failed: 'gratitude_moment'
2026-08-19 15:33:17,707 [INFO] Failed posts list is empty.
2026-08-19 15:33:17,804 [INFO] ──────────────────────────────────────────────────
2026-08-19 15:33:17,804 [INFO] ▶  Running slot: engagement_question
2026-08-19 15:33:17,804 [INFO] ──────────────────────────────────────────────────
2026-08-19 15:33:17,889 [INFO] 📝 Content selected: What's a chapter of your life you thought would break you that actually built yo...
2026-08-19 15:33:17,963 [INFO] Publishing [engagement_question] | image: /home/runner/work/bright-side-daily/bright-side-daily/images/output/engagement_question_20260819_153317.png
2026-08-19 15:33:17,963 [INFO] Caption preview: 💬 What's a chapter of your life you thought would break you that actually built you?

Drop your answer in the comments b...
2026-08-19 15:33:22,962 [INFO] ✅ Posted successfully [engagement_question]
2026-08-19 15:33:22,970 [INFO] ✅ Slot [engagement_question] published successfully!
2026-08-19 16:14:50,133 [INFO] Failed posts list is empty.
2026-08-19 16:14:50,278 [INFO] ──────────────────────────────────────────────────
2026-08-19 16:14:50,278 [INFO] ▶  Running slot: evening_reflection
2026-08-19 16:14:50,278 [INFO] ──────────────────────────────────────────────────
2026-08-19 16:14:50,412 [INFO] 📝 Content selected: Gratitude is the key. Your life is the door. Open it daily....
2026-08-19 16:14:50,568 [INFO] Publishing [evening_reflection] | image: /home/runner/work/bright-side-daily/bright-side-daily/images/output/evening_reflection_20260819_161450.png
2026-08-19 16:14:50,568 [INFO] Caption preview: 🌙 Gratitude is the key. Your life is the door. Open it daily.

Share this with someone who needs it today! 💛

#Gratitude...
2026-08-19 16:14:57,794 [INFO] ✅ Posted successfully [evening_reflection]
2026-08-19 16:14:57,805 [INFO] ✅ Slot [evening_reflection] published successfully!
2026-08-19 18:24:20,653 [INFO] Failed posts list is empty.
2026-08-19 18:24:20,799 [INFO] ──────────────────────────────────────────────────
2026-08-19 18:24:20,799 [INFO] ▶  Running slot: night_inspiration
2026-08-19 18:24:20,799 [INFO] ──────────────────────────────────────────────────
2026-08-19 18:24:20,921 [ERROR] ❌ Content selection failed: 'night_inspiration'
2026-08-20 05:30:10,462 [INFO] Failed posts list is empty.
2026-08-20 05:30:10,613 [INFO] ──────────────────────────────────────────────────
2026-08-20 05:30:10,614 [INFO] ▶  Running slot: morning_motivation
2026-08-20 05:30:10,614 [INFO] ──────────────────────────────────────────────────
2026-08-20 05:30:10,737 [INFO] 📝 Content selected: Never mistake silence for weakness — silent hustlers move mountains....
2026-08-20 05:30:10,847 [INFO] Publishing [morning_motivation] | image: /home/runner/work/bright-side-daily/bright-side-daily/images/output/morning_motivation_20260820_053010.png
2026-08-20 05:30:10,847 [INFO] Caption preview: ☀️ Never mistake silence for weakness — silent hustlers move mountains.

Share this with someone who needs it today! 💛

...
2026-08-20 05:30:15,268 [INFO] ✅ Posted successfully [morning_motivation]
2026-08-20 05:30:15,279 [INFO] ✅ Slot [morning_motivation] published successfully!
2026-08-20 07:42:03,131 [INFO] Failed posts list is empty.
2026-08-20 07:42:03,278 [INFO] ──────────────────────────────────────────────────
2026-08-20 07:42:03,279 [INFO] ▶  Running slot: positive_quote
2026-08-20 07:42:03,279 [INFO] ──────────────────────────────────────────────────
2026-08-20 07:42:03,408 [INFO] 📝 Content selected: Find one thing beautiful every day and your life will be beautiful....
2026-08-20 07:42:03,516 [INFO] Publishing [positive_quote] | image: /home/runner/work/bright-side-daily/bright-side-daily/images/output/positive_quote_20260820_074203.png
2026-08-20 07:42:03,516 [INFO] Caption preview: 🌟 Find one thing beautiful every day and your life will be beautiful.

Share this with someone who needs it today! 💛

#P...
2026-08-20 07:42:07,307 [INFO] ✅ Posted successfully [positive_quote]
2026-08-20 07:42:07,318 [INFO] ✅ Slot [positive_quote] published successfully!
2026-08-20 08:26:23,535 [INFO] Failed posts list is empty.
2026-08-20 08:26:23,688 [INFO] ──────────────────────────────────────────────────
2026-08-20 08:26:23,688 [INFO] ▶  Running slot: self_improvement
2026-08-20 08:26:23,688 [INFO] ──────────────────────────────────────────────────
2026-08-20 08:26:23,814 [INFO] 📝 Content selected: Become the kind of person who doesn't need external validation....
2026-08-20 08:26:23,919 [INFO] Publishing [self_improvement] | image: /home/runner/work/bright-side-daily/bright-side-daily/images/output/self_improvement_20260820_082623.png
2026-08-20 08:26:23,919 [INFO] Caption preview: 📈 Become the kind of person who doesn't need external validation.

Share this with someone who needs it today! 💛

#Perso...
2026-08-20 08:26:29,511 [INFO] ✅ Posted successfully [self_improvement]
2026-08-20 08:26:29,544 [INFO] ✅ Slot [self_improvement] published successfully!
2026-08-20 09:30:37,925 [INFO] Failed posts list is empty.
2026-08-20 09:30:38,075 [INFO] ──────────────────────────────────────────────────
2026-08-20 09:30:38,075 [INFO] ▶  Running slot: funny_meme
2026-08-20 09:30:38,075 [INFO] ──────────────────────────────────────────────────
2026-08-20 09:30:38,205 [INFO] 📝 Content selected: My ability to guess the ending of a movie I've never seen: unreliable but confid...
2026-08-20 09:30:38,364 [INFO] Publishing [funny_meme] | image: /home/runner/work/bright-side-daily/bright-side-daily/images/output/funny_meme_20260820_093038.png
2026-08-20 09:30:38,365 [INFO] Caption preview: 😄 My ability to guess the ending of a movie I've never seen: unreliable but confident.

Tag someone who can relate! 😂

#...
2026-08-20 09:30:43,869 [INFO] ✅ Posted successfully [funny_meme]
2026-08-20 09:30:43,881 [INFO] ✅ Slot [funny_meme] published successfully!
2026-08-20 10:37:30,725 [INFO] Failed posts list is empty.
2026-08-20 10:37:30,839 [INFO] ──────────────────────────────────────────────────
2026-08-20 10:37:30,839 [INFO] ▶  Running slot: midday_encouragement
2026-08-20 10:37:30,840 [INFO] ──────────────────────────────────────────────────
2026-08-20 10:37:30,942 [INFO] 📝 Content selected: This is not the end. This is the refining fire....
2026-08-20 10:37:31,082 [INFO] Publishing [midday_encouragement] | image: /home/runner/work/bright-side-daily/bright-side-daily/images/output/midday_encouragement_20260820_103731.png
2026-08-20 10:37:31,082 [INFO] Caption preview: 💪 This is not the end. This is the refining fire.

Share this with someone who needs it today! 💛

#YouGotThis #KeepGoing...
2026-08-20 10:37:36,208 [INFO] ✅ Posted successfully [midday_encouragement]
2026-08-20 10:37:36,217 [INFO] ✅ Slot [midday_encouragement] published successfully!
2026-08-20 11:22:20,245 [INFO] Failed posts list is empty.
2026-08-20 11:22:20,397 [INFO] ──────────────────────────────────────────────────
2026-08-20 11:22:20,397 [INFO] ▶  Running slot: afternoon_wisdom
2026-08-20 11:22:20,397 [INFO] ──────────────────────────────────────────────────
2026-08-20 11:22:20,521 [ERROR] ❌ Content selection failed: 'afternoon_wisdom'
2026-08-20 13:50:41,728 [INFO] Failed posts list is empty.
2026-08-20 13:50:41,877 [INFO] ──────────────────────────────────────────────────
2026-08-20 13:50:41,877 [INFO] ▶  Running slot: gratitude_moment
2026-08-20 13:50:41,877 [INFO] ──────────────────────────────────────────────────
2026-08-20 13:50:42,003 [ERROR] ❌ Content selection failed: 'gratitude_moment'
2026-08-20 15:35:16,297 [INFO] Failed posts list is empty.
2026-08-20 15:35:16,446 [INFO] ──────────────────────────────────────────────────
2026-08-20 15:35:16,446 [INFO] ▶  Running slot: engagement_question
2026-08-20 15:35:16,446 [INFO] ──────────────────────────────────────────────────
2026-08-20 15:35:16,575 [INFO] 📝 Content selected: What's something you want to carry forward from the hardest chapters of your lif...
2026-08-20 15:35:16,634 [INFO] Publishing [engagement_question] | image: /home/runner/work/bright-side-daily/bright-side-daily/images/output/engagement_question_20260820_153516.png
2026-08-20 15:35:16,634 [INFO] Caption preview: 💬 What's something you want to carry forward from the hardest chapters of your life?

Drop your answer in the comments b...
2026-08-20 15:35:21,907 [INFO] ✅ Posted successfully [engagement_question]
2026-08-20 15:35:21,918 [INFO] ✅ Slot [engagement_question] published successfully!
2026-08-20 16:17:33,182 [INFO] Failed posts list is empty.
2026-08-20 16:17:33,334 [INFO] ──────────────────────────────────────────────────
2026-08-20 16:17:33,334 [INFO] ▶  Running slot: evening_reflection
2026-08-20 16:17:33,334 [INFO] ──────────────────────────────────────────────────
2026-08-20 16:17:33,462 [INFO] 📝 Content selected: Be thankful for what hasn't happened yet — the protection is real....
2026-08-20 16:17:33,569 [INFO] Publishing [evening_reflection] | image: /home/runner/work/bright-side-daily/bright-side-daily/images/output/evening_reflection_20260820_161733.png
2026-08-20 16:17:33,569 [INFO] Caption preview: 🌙 Be thankful for what hasn't happened yet — the protection is real.

Share this with someone who needs it today! 💛

#Gr...
2026-08-20 16:17:39,165 [INFO] ✅ Posted successfully [evening_reflection]
2026-08-20 16:17:39,178 [INFO] ✅ Slot [evening_reflection] published successfully!
2026-08-20 18:29:05,743 [INFO] Failed posts list is empty.
2026-08-20 18:29:05,890 [INFO] ──────────────────────────────────────────────────
2026-08-20 18:29:05,890 [INFO] ▶  Running slot: night_inspiration
2026-08-20 18:29:05,890 [INFO] ──────────────────────────────────────────────────
2026-08-20 18:29:06,022 [ERROR] ❌ Content selection failed: 'night_inspiration'
2026-08-21 05:31:45,986 [INFO] Failed posts list is empty.
2026-08-21 05:31:46,140 [INFO] ──────────────────────────────────────────────────
2026-08-21 05:31:46,140 [INFO] ▶  Running slot: morning_motivation
2026-08-21 05:31:46,140 [INFO] ──────────────────────────────────────────────────
2026-08-21 05:31:46,273 [INFO] 📝 Content selected: You were designed for greatness. Operate accordingly....
2026-08-21 05:31:46,446 [INFO] Publishing [morning_motivation] | image: /home/runner/work/bright-side-daily/bright-side-daily/images/output/morning_motivation_20260821_053146.png
2026-08-21 05:31:46,446 [INFO] Caption preview: ☀️ You were designed for greatness. Operate accordingly.

Share this with someone who needs it today! 💛

#Motivation #Su...
2026-08-21 05:31:51,309 [INFO] ✅ Posted successfully [morning_motivation]
2026-08-21 05:31:51,321 [INFO] ✅ Slot [morning_motivation] published successfully!
2026-08-21 07:44:11,339 [INFO] Failed posts list is empty.
2026-08-21 07:44:11,474 [INFO] ──────────────────────────────────────────────────
2026-08-21 07:44:11,474 [INFO] ▶  Running slot: positive_quote
2026-08-21 07:44:11,474 [INFO] ──────────────────────────────────────────────────
2026-08-21 07:44:11,576 [INFO] 📝 Content selected: Collect moments, not things....
2026-08-21 07:44:11,718 [INFO] Publishing [positive_quote] | image: /home/runner/work/bright-side-daily/bright-side-daily/images/output/positive_quote_20260821_074411.png
2026-08-21 07:44:11,719 [INFO] Caption preview: 🌟 Collect moments, not things.

Share this with someone who needs it today! 💛

#PositiveVibes #HappyLife #GoodVibesOnly ...
2026-08-21 07:44:16,131 [INFO] ✅ Posted successfully [positive_quote]
2026-08-21 07:44:16,141 [INFO] ✅ Slot [positive_quote] published successfully!
2026-08-21 08:28:06,449 [INFO] Failed posts list is empty.
2026-08-21 08:28:06,558 [INFO] ──────────────────────────────────────────────────
2026-08-21 08:28:06,558 [INFO] ▶  Running slot: self_improvement
2026-08-21 08:28:06,558 [INFO] ──────────────────────────────────────────────────
2026-08-21 08:28:06,649 [INFO] 📝 Content selected: Even your setbacks are contributing to your growth. Trust the process....
2026-08-21 08:28:06,768 [INFO] Publishing [self_improvement] | image: /home/runner/work/bright-side-daily/bright-side-daily/images/output/self_improvement_20260821_082806.png
2026-08-21 08:28:06,768 [INFO] Caption preview: 📈 Even your setbacks are contributing to your growth. Trust the process.

Share this with someone who needs it today! 💛
...
2026-08-21 08:28:12,239 [INFO] ✅ Posted successfully [self_improvement]
2026-08-21 08:28:12,247 [INFO] ✅ Slot [self_improvement] published successfully!
2026-08-21 09:32:49,610 [INFO] Failed posts list is empty.
2026-08-21 09:32:49,728 [INFO] ──────────────────────────────────────────────────
2026-08-21 09:32:49,729 [INFO] ▶  Running slot: funny_meme
2026-08-21 09:32:49,729 [INFO] ──────────────────────────────────────────────────
2026-08-21 09:32:49,839 [INFO] 📝 Content selected: Saying 'I don't need a basket' at the shop and immediately regretting it....
2026-08-21 09:32:49,928 [INFO] Publishing [funny_meme] | image: /home/runner/work/bright-side-daily/bright-side-daily/images/output/funny_meme_20260821_093249.png
2026-08-21 09:32:49,928 [INFO] Caption preview: 😄 Saying 'I don't need a basket' at the shop and immediately regretting it.

Tag someone who can relate! 😂

#RelatableLi...
2026-08-21 09:32:52,964 [INFO] ✅ Posted successfully [funny_meme]
2026-08-21 09:32:52,974 [INFO] ✅ Slot [funny_meme] published successfully!
2026-08-21 10:37:01,258 [INFO] Failed posts list is empty.
2026-08-21 10:37:01,416 [INFO] ──────────────────────────────────────────────────
2026-08-21 10:37:01,416 [INFO] ▶  Running slot: midday_encouragement
2026-08-21 10:37:01,416 [INFO] ──────────────────────────────────────────────────
2026-08-21 10:37:01,548 [INFO] 📝 Content selected: You are built for greater things than this trial....
2026-08-21 10:37:01,668 [INFO] Publishing [midday_encouragement] | image: /home/runner/work/bright-side-daily/bright-side-daily/images/output/midday_encouragement_20260821_103701.png
2026-08-21 10:37:01,668 [INFO] Caption preview: 💪 You are built for greater things than this trial.

Share this with someone who needs it today! 💛

#YouGotThis #KeepGoi...
2026-08-21 10:37:06,834 [INFO] ✅ Posted successfully [midday_encouragement]
2026-08-21 10:37:06,846 [INFO] ✅ Slot [midday_encouragement] published successfully!
2026-08-21 11:21:15,307 [INFO] Failed posts list is empty.
2026-08-21 11:21:15,461 [INFO] ──────────────────────────────────────────────────
2026-08-21 11:21:15,461 [INFO] ▶  Running slot: afternoon_wisdom
2026-08-21 11:21:15,461 [INFO] ──────────────────────────────────────────────────
2026-08-21 11:21:15,587 [ERROR] ❌ Content selection failed: 'afternoon_wisdom'
2026-08-21 13:49:54,931 [INFO] Failed posts list is empty.
2026-08-21 13:49:55,086 [INFO] ──────────────────────────────────────────────────
2026-08-21 13:49:55,086 [INFO] ▶  Running slot: gratitude_moment
2026-08-21 13:49:55,086 [INFO] ──────────────────────────────────────────────────
2026-08-21 13:49:55,213 [ERROR] ❌ Content selection failed: 'gratitude_moment'
2026-08-21 15:35:00,333 [INFO] Failed posts list is empty.
2026-08-21 15:35:00,481 [INFO] ──────────────────────────────────────────────────
2026-08-21 15:35:00,481 [INFO] ▶  Running slot: engagement_question
2026-08-21 15:35:00,481 [INFO] ──────────────────────────────────────────────────
2026-08-21 15:35:00,610 [INFO] 📝 Content selected: What's something you want to pass on to the next generation?...
2026-08-21 15:35:00,718 [INFO] Publishing [engagement_question] | image: /home/runner/work/bright-side-daily/bright-side-daily/images/output/engagement_question_20260821_153500.png
2026-08-21 15:35:00,718 [INFO] Caption preview: 💬 What's something you want to pass on to the next generation?

Drop your answer in the comments below 👇

#Community #Sh...
2026-08-21 15:35:05,060 [INFO] ✅ Posted successfully [engagement_question]
2026-08-21 15:35:05,071 [INFO] ✅ Slot [engagement_question] published successfully!
2026-08-21 16:16:06,243 [INFO] Failed posts list is empty.
2026-08-21 16:16:06,390 [INFO] ──────────────────────────────────────────────────
2026-08-21 16:16:06,390 [INFO] ▶  Running slot: evening_reflection
2026-08-21 16:16:06,390 [INFO] ──────────────────────────────────────────────────
2026-08-21 16:16:06,519 [INFO] 📝 Content selected: The practice of giving thanks in all things produces peace in every storm....
2026-08-21 16:16:06,626 [INFO] Publishing [evening_reflection] | image: /home/runner/work/bright-side-daily/bright-side-daily/images/output/evening_reflection_20260821_161606.png
2026-08-21 16:16:06,626 [INFO] Caption preview: 🌙 The practice of giving thanks in all things produces peace in every storm.

Share this with someone who needs it today...
2026-08-21 16:16:12,227 [INFO] ✅ Posted successfully [evening_reflection]
2026-08-21 16:16:12,238 [INFO] ✅ Slot [evening_reflection] published successfully!
2026-08-21 18:27:12,207 [INFO] Failed posts list is empty.
2026-08-21 18:27:12,305 [INFO] ──────────────────────────────────────────────────
2026-08-21 18:27:12,305 [INFO] ▶  Running slot: night_inspiration
2026-08-21 18:27:12,305 [INFO] ──────────────────────────────────────────────────
2026-08-21 18:27:12,394 [ERROR] ❌ Content selection failed: 'night_inspiration'
2026-08-22 05:27:03,242 [INFO] Failed posts list is empty.
2026-08-22 05:27:03,362 [INFO] ──────────────────────────────────────────────────
2026-08-22 05:27:03,362 [INFO] ▶  Running slot: morning_motivation
2026-08-22 05:27:03,362 [INFO] ──────────────────────────────────────────────────
2026-08-22 05:27:03,479 [INFO] 📝 Content selected: Success begins in the mind. Train your thinking first....
2026-08-22 05:27:03,621 [INFO] Publishing [morning_motivation] | image: /home/runner/work/bright-side-daily/bright-side-daily/images/output/morning_motivation_20260822_052703.png
2026-08-22 05:27:03,621 [INFO] Caption preview: ☀️ Success begins in the mind. Train your thinking first.

Share this with someone who needs it today! 💛

#Motivation #S...
2026-08-22 05:27:09,539 [INFO] ✅ Posted successfully [morning_motivation]
2026-08-22 05:27:09,548 [INFO] ✅ Slot [morning_motivation] published successfully!
2026-08-22 07:33:32,596 [INFO] Failed posts list is empty.
2026-08-22 07:33:32,752 [INFO] ──────────────────────────────────────────────────
2026-08-22 07:33:32,752 [INFO] ▶  Running slot: positive_quote
2026-08-22 07:33:32,752 [INFO] ──────────────────────────────────────────────────
2026-08-22 07:33:32,887 [INFO] 📝 Content selected: Life is sweeter when your heart is open....
2026-08-22 07:33:32,989 [INFO] Publishing [positive_quote] | image: /home/runner/work/bright-side-daily/bright-side-daily/images/output/positive_quote_20260822_073332.png
2026-08-22 07:33:32,989 [INFO] Caption preview: 🌟 Life is sweeter when your heart is open.

Share this with someone who needs it today! 💛

#PositiveVibes #HappyLife #Go...
2026-08-22 07:33:38,310 [INFO] ✅ Posted successfully [positive_quote]
2026-08-22 07:33:38,321 [INFO] ✅ Slot [positive_quote] published successfully!
2026-08-22 08:17:41,848 [INFO] Failed posts list is empty.
2026-08-22 08:17:41,991 [INFO] ──────────────────────────────────────────────────
2026-08-22 08:17:41,991 [INFO] ▶  Running slot: self_improvement
2026-08-22 08:17:41,991 [INFO] ──────────────────────────────────────────────────
2026-08-22 08:17:42,121 [INFO] 📝 Content selected: Growth is always available. The only question is whether you're choosing it....
2026-08-22 08:17:42,229 [INFO] Publishing [self_improvement] | image: /home/runner/work/bright-side-daily/bright-side-daily/images/output/self_improvement_20260822_081742.png
2026-08-22 08:17:42,229 [INFO] Caption preview: 📈 Growth is always available. The only question is whether you're choosing it.

Share this with someone who needs it tod...
2026-08-22 08:17:46,636 [INFO] ✅ Posted successfully [self_improvement]
2026-08-22 08:17:46,647 [INFO] ✅ Slot [self_improvement] published successfully!
2026-08-22 09:23:07,306 [INFO] Failed posts list is empty.
2026-08-22 09:23:07,537 [INFO] ──────────────────────────────────────────────────
2026-08-22 09:23:07,538 [INFO] ▶  Running slot: funny_meme
2026-08-22 09:23:07,538 [INFO] ──────────────────────────────────────────────────
2026-08-22 09:23:07,715 [INFO] 📝 Content selected: My cooking face: intense concentration. My food: moderate results....
2026-08-22 09:23:08,131 [INFO] Publishing [funny_meme] | image: /home/runner/work/bright-side-daily/bright-side-daily/images/output/funny_meme_20260822_092308.png
2026-08-22 09:23:08,131 [INFO] Caption preview: 😄 My cooking face: intense concentration. My food: moderate results.

Tag someone who can relate! 😂

#RelatableLife #Fun...
2026-08-22 09:23:15,096 [INFO] ✅ Posted successfully [funny_meme]
2026-08-22 09:23:15,108 [INFO] ✅ Slot [funny_meme] published successfully!
2026-08-22 10:30:40,387 [INFO] Failed posts list is empty.
2026-08-22 10:30:40,519 [INFO] ──────────────────────────────────────────────────
2026-08-22 10:30:40,520 [INFO] ▶  Running slot: midday_encouragement
2026-08-22 10:30:40,520 [INFO] ──────────────────────────────────────────────────
2026-08-22 10:30:40,659 [INFO] 📝 Content selected: Your darkest night is not the end of your story....
2026-08-22 10:30:40,758 [INFO] Publishing [midday_encouragement] | image: /home/runner/work/bright-side-daily/bright-side-daily/images/output/midday_encouragement_20260822_103040.png
2026-08-22 10:30:40,758 [INFO] Caption preview: 💪 Your darkest night is not the end of your story.

Share this with someone who needs it today! 💛

#YouGotThis #KeepGoin...
2026-08-22 10:30:45,915 [INFO] ✅ Posted successfully [midday_encouragement]
2026-08-22 10:30:45,928 [INFO] ✅ Slot [midday_encouragement] published successfully!
2026-08-22 11:17:00,385 [INFO] Failed posts list is empty.
2026-08-22 11:17:00,526 [INFO] ──────────────────────────────────────────────────
2026-08-22 11:17:00,526 [INFO] ▶  Running slot: afternoon_wisdom
2026-08-22 11:17:00,526 [INFO] ──────────────────────────────────────────────────
2026-08-22 11:17:00,651 [ERROR] ❌ Content selection failed: 'afternoon_wisdom'
2026-08-22 13:35:48,145 [INFO] Failed posts list is empty.
2026-08-22 13:35:48,255 [INFO] ──────────────────────────────────────────────────
2026-08-22 13:35:48,255 [INFO] ▶  Running slot: gratitude_moment
2026-08-22 13:35:48,255 [INFO] ──────────────────────────────────────────────────
2026-08-22 13:35:48,361 [ERROR] ❌ Content selection failed: 'gratitude_moment'
2026-08-22 15:22:47,271 [INFO] Failed posts list is empty.
2026-08-22 15:22:47,426 [INFO] ──────────────────────────────────────────────────
2026-08-22 15:22:47,426 [INFO] ▶  Running slot: engagement_question
2026-08-22 15:22:47,426 [INFO] ──────────────────────────────────────────────────
2026-08-22 15:22:47,559 [INFO] 📝 Content selected: What's something you've committed to that has quietly transformed your life?...
2026-08-22 15:22:47,669 [INFO] Publishing [engagement_question] | image: /home/runner/work/bright-side-daily/bright-side-daily/images/output/engagement_question_20260822_152247.png
2026-08-22 15:22:47,669 [INFO] Caption preview: 💬 What's something you've committed to that has quietly transformed your life?

Drop your answer in the comments below 👇...
2026-08-22 15:22:52,635 [INFO] ✅ Posted successfully [engagement_question]
2026-08-22 15:22:52,647 [INFO] ✅ Slot [engagement_question] published successfully!
2026-08-22 16:07:20,210 [INFO] Failed posts list is empty.
2026-08-22 16:07:20,357 [INFO] ──────────────────────────────────────────────────
2026-08-22 16:07:20,357 [INFO] ▶  Running slot: evening_reflection
2026-08-22 16:07:20,357 [INFO] ──────────────────────────────────────────────────
2026-08-22 16:07:20,488 [INFO] 📝 Content selected: You have been sustained by grace. Give thanks....
2026-08-22 16:07:20,592 [INFO] Publishing [evening_reflection] | image: /home/runner/work/bright-side-daily/bright-side-daily/images/output/evening_reflection_20260822_160720.png
2026-08-22 16:07:20,592 [INFO] Caption preview: 🌙 You have been sustained by grace. Give thanks.

Share this with someone who needs it today! 💛

#Gratitude #Thankful #C...
2026-08-22 16:07:28,395 [INFO] ✅ Posted successfully [evening_reflection]
2026-08-22 16:07:28,407 [INFO] ✅ Slot [evening_reflection] published successfully!
2026-08-22 18:19:33,385 [INFO] Failed posts list is empty.
2026-08-22 18:19:33,533 [INFO] ──────────────────────────────────────────────────
2026-08-22 18:19:33,533 [INFO] ▶  Running slot: night_inspiration
2026-08-22 18:19:33,533 [INFO] ──────────────────────────────────────────────────
2026-08-22 18:19:33,667 [ERROR] ❌ Content selection failed: 'night_inspiration'
2026-08-23 05:28:47,349 [INFO] Failed posts list is empty.
2026-08-23 05:28:47,508 [INFO] ──────────────────────────────────────────────────
2026-08-23 05:28:47,509 [INFO] ▶  Running slot: morning_motivation
2026-08-23 05:28:47,509 [INFO] ──────────────────────────────────────────────────
2026-08-23 05:28:47,642 [INFO] 📝 Content selected: The difference between a dream and a goal is a deadline....
2026-08-23 05:28:47,813 [INFO] Publishing [morning_motivation] | image: /home/runner/work/bright-side-daily/bright-side-daily/images/output/morning_motivation_20260823_052847.png
2026-08-23 05:28:47,813 [INFO] Caption preview: ☀️ The difference between a dream and a goal is a deadline.

Share this with someone who needs it today! 💛

#Motivation ...
2026-08-23 05:28:53,351 [INFO] ✅ Posted successfully [morning_motivation]
2026-08-23 05:28:53,363 [INFO] ✅ Slot [morning_motivation] published successfully!
2026-08-23 07:34:27,498 [INFO] Failed posts list is empty.
2026-08-23 07:34:27,645 [INFO] ──────────────────────────────────────────────────
2026-08-23 07:34:27,645 [INFO] ▶  Running slot: positive_quote
2026-08-23 07:34:27,645 [INFO] ──────────────────────────────────────────────────
2026-08-23 07:34:27,779 [INFO] 📝 Content selected: Your feelings are valid. Your story matters....
2026-08-23 07:34:27,930 [INFO] Publishing [positive_quote] | image: /home/runner/work/bright-side-daily/bright-side-daily/images/output/positive_quote_20260823_073427.png
2026-08-23 07:34:27,930 [INFO] Caption preview: 🌟 Your feelings are valid. Your story matters.

Share this with someone who needs it today! 💛

#PositiveVibes #HappyLife...
2026-08-23 07:34:35,246 [INFO] ✅ Posted successfully [positive_quote]
2026-08-23 07:34:35,257 [INFO] ✅ Slot [positive_quote] published successfully!
2026-08-23 08:18:45,516 [INFO] Failed posts list is empty.
2026-08-23 08:18:45,677 [INFO] ──────────────────────────────────────────────────
2026-08-23 08:18:45,677 [INFO] ▶  Running slot: self_improvement
2026-08-23 08:18:45,677 [INFO] ──────────────────────────────────────────────────
2026-08-23 08:18:45,812 [INFO] 📝 Content selected: Self-improvement is not a luxury it is an obligation to your potential....
2026-08-23 08:18:45,965 [INFO] Publishing [self_improvement] | image: /home/runner/work/bright-side-daily/bright-side-daily/images/output/self_improvement_20260823_081845.png
2026-08-23 08:18:45,965 [INFO] Caption preview: 📈 Self-improvement is not a luxury it is an obligation to your potential.

Share this with someone who needs it today! 💛...
2026-08-23 08:18:51,441 [INFO] ✅ Posted successfully [self_improvement]
2026-08-23 08:18:51,452 [INFO] ✅ Slot [self_improvement] published successfully!
2026-08-23 09:24:14,401 [INFO] Failed posts list is empty.
2026-08-23 09:24:14,549 [INFO] ──────────────────────────────────────────────────
2026-08-23 09:24:14,549 [INFO] ▶  Running slot: funny_meme
2026-08-23 09:24:14,549 [INFO] ──────────────────────────────────────────────────
2026-08-23 09:24:14,682 [INFO] 📝 Content selected: Standing outside the door practicing what I'll say then completely improvising....
2026-08-23 09:24:14,821 [INFO] Publishing [funny_meme] | image: /home/runner/work/bright-side-daily/bright-side-daily/images/output/funny_meme_20260823_092414.png
2026-08-23 09:24:14,821 [INFO] Caption preview: 😄 Standing outside the door practicing what I'll say then completely improvising.

Tag someone who can relate! 😂

#Relat...
2026-08-23 09:24:21,691 [INFO] ✅ Posted successfully [funny_meme]
2026-08-23 09:24:21,702 [INFO] ✅ Slot [funny_meme] published successfully!
2026-08-23 10:30:47,965 [INFO] Failed posts list is empty.
2026-08-23 10:30:48,115 [INFO] ──────────────────────────────────────────────────
2026-08-23 10:30:48,115 [INFO] ▶  Running slot: midday_encouragement
2026-08-23 10:30:48,115 [INFO] ──────────────────────────────────────────────────
2026-08-23 10:30:48,244 [INFO] 📝 Content selected: Keep going. Your sunrise is just past the horizon....
2026-08-23 10:30:48,349 [INFO] Publishing [midday_encouragement] | image: /home/runner/work/bright-side-daily/bright-side-daily/images/output/midday_encouragement_20260823_103048.png
2026-08-23 10:30:48,349 [INFO] Caption preview: 💪 Keep going. Your sunrise is just past the horizon.

Share this with someone who needs it today! 💛

#YouGotThis #KeepGo...
2026-08-23 10:30:53,334 [INFO] ✅ Posted successfully [midday_encouragement]
2026-08-23 10:30:53,346 [INFO] ✅ Slot [midday_encouragement] published successfully!
2026-08-23 11:17:00,607 [INFO] Failed posts list is empty.
2026-08-23 11:17:00,762 [INFO] ──────────────────────────────────────────────────
2026-08-23 11:17:00,762 [INFO] ▶  Running slot: afternoon_wisdom
2026-08-23 11:17:00,762 [INFO] ──────────────────────────────────────────────────
2026-08-23 11:17:00,896 [ERROR] ❌ Content selection failed: 'afternoon_wisdom'
2026-08-23 13:36:01,069 [INFO] Failed posts list is empty.
2026-08-23 13:36:01,225 [INFO] ──────────────────────────────────────────────────
2026-08-23 13:36:01,225 [INFO] ▶  Running slot: gratitude_moment
2026-08-23 13:36:01,225 [INFO] ──────────────────────────────────────────────────
2026-08-23 13:36:01,361 [ERROR] ❌ Content selection failed: 'gratitude_moment'
2026-08-23 15:23:58,733 [INFO] Failed posts list is empty.
2026-08-23 15:23:58,891 [INFO] ──────────────────────────────────────────────────
2026-08-23 15:23:58,891 [INFO] ▶  Running slot: engagement_question
2026-08-23 15:23:58,891 [INFO] ──────────────────────────────────────────────────
2026-08-23 15:23:59,038 [INFO] 📝 Content selected: What's the most meaningful gift you've ever received — tangible or intangible?...
2026-08-23 15:23:59,195 [INFO] Publishing [engagement_question] | image: /home/runner/work/bright-side-daily/bright-side-daily/images/output/engagement_question_20260823_152359.png
2026-08-23 15:23:59,195 [INFO] Caption preview: 💬 What's the most meaningful gift you've ever received — tangible or intangible?

Drop your answer in the comments below...
2026-08-23 15:24:04,684 [INFO] ✅ Posted successfully [engagement_question]
2026-08-23 15:24:04,696 [INFO] ✅ Slot [engagement_question] published successfully!
2026-08-23 16:09:05,338 [INFO] Failed posts list is empty.
2026-08-23 16:09:05,500 [INFO] ──────────────────────────────────────────────────
2026-08-23 16:09:05,500 [INFO] ▶  Running slot: evening_reflection
2026-08-23 16:09:05,500 [INFO] ──────────────────────────────────────────────────
2026-08-23 16:09:05,645 [INFO] 📝 Content selected: Begin every day with a grateful heart and it will be an extraordinary one....
2026-08-23 16:09:05,753 [INFO] Publishing [evening_reflection] | image: /home/runner/work/bright-side-daily/bright-side-daily/images/output/evening_reflection_20260823_160905.png
2026-08-23 16:09:05,753 [INFO] Caption preview: 🌙 Begin every day with a grateful heart and it will be an extraordinary one.

Share this with someone who needs it today...
2026-08-23 16:09:12,166 [INFO] ✅ Posted successfully [evening_reflection]
2026-08-23 16:09:12,179 [INFO] ✅ Slot [evening_reflection] published successfully!
2026-08-23 18:19:40,881 [INFO] Failed posts list is empty.
2026-08-23 18:19:41,034 [INFO] ──────────────────────────────────────────────────
2026-08-23 18:19:41,034 [INFO] ▶  Running slot: night_inspiration
2026-08-23 18:19:41,034 [INFO] ──────────────────────────────────────────────────
2026-08-23 18:19:41,167 [ERROR] ❌ Content selection failed: 'night_inspiration'
2026-08-24 05:37:36,816 [INFO] Failed posts list is empty.
2026-08-24 05:37:36,964 [INFO] ──────────────────────────────────────────────────
2026-08-24 05:37:36,964 [INFO] ▶  Running slot: morning_motivation
2026-08-24 05:37:36,964 [INFO] ──────────────────────────────────────────────────
2026-08-24 05:37:37,104 [INFO] 📝 Content selected: Make today legendary in the smallest possible way....
2026-08-24 05:37:37,285 [INFO] Publishing [morning_motivation] | image: /home/runner/work/bright-side-daily/bright-side-daily/images/output/morning_motivation_20260824_053737.png
2026-08-24 05:37:37,285 [INFO] Caption preview: ☀️ Make today legendary in the smallest possible way.

Share this with someone who needs it today! 💛

#Motivation #Succe...
2026-08-24 05:37:41,354 [INFO] ✅ Posted successfully [morning_motivation]
2026-08-24 05:37:41,366 [INFO] ✅ Slot [morning_motivation] published successfully!
2026-08-24 07:58:34,406 [INFO] Failed posts list is empty.
2026-08-24 07:58:34,549 [INFO] ──────────────────────────────────────────────────
2026-08-24 07:58:34,550 [INFO] ▶  Running slot: positive_quote
2026-08-24 07:58:34,550 [INFO] ──────────────────────────────────────────────────
2026-08-24 07:58:34,686 [INFO] 📝 Content selected: The little things? The little moments? They aren't little....
2026-08-24 07:58:34,834 [INFO] Publishing [positive_quote] | image: /home/runner/work/bright-side-daily/bright-side-daily/images/output/positive_quote_20260824_075834.png
2026-08-24 07:58:34,835 [INFO] Caption preview: 🌟 The little things? The little moments? They aren't little.

Share this with someone who needs it today! 💛

#PositiveVi...
2026-08-24 07:58:41,280 [INFO] ✅ Posted successfully [positive_quote]
2026-08-24 07:58:41,292 [INFO] ✅ Slot [positive_quote] published successfully!
2026-08-24 08:36:30,839 [INFO] Failed posts list is empty.
2026-08-24 08:36:30,945 [INFO] ──────────────────────────────────────────────────
2026-08-24 08:36:30,945 [INFO] ▶  Running slot: self_improvement
2026-08-24 08:36:30,945 [INFO] ──────────────────────────────────────────────────
2026-08-24 08:36:31,047 [INFO] 📝 Content selected: The most productive people in the world protect their focus above everything....
2026-08-24 08:36:31,354 [INFO] Publishing [self_improvement] | image: /home/runner/work/bright-side-daily/bright-side-daily/images/output/self_improvement_20260824_083631.png
2026-08-24 08:36:31,355 [INFO] Caption preview: 📈 The most productive people in the world protect their focus above everything.

Share this with someone who needs it to...
2026-08-24 08:36:36,138 [INFO] ✅ Posted successfully [self_improvement]
2026-08-24 08:36:36,146 [INFO] ✅ Slot [self_improvement] published successfully!
2026-08-24 09:42:55,630 [INFO] Failed posts list is empty.
2026-08-24 09:42:55,778 [INFO] ──────────────────────────────────────────────────
2026-08-24 09:42:55,778 [INFO] ▶  Running slot: funny_meme
2026-08-24 09:42:55,778 [INFO] ──────────────────────────────────────────────────
2026-08-24 09:42:55,913 [INFO] 📝 Content selected: My relationship with deadlines: Adversarial but ultimately productive....
2026-08-24 09:42:56,054 [INFO] Publishing [funny_meme] | image: /home/runner/work/bright-side-daily/bright-side-daily/images/output/funny_meme_20260824_094255.png
2026-08-24 09:42:56,054 [INFO] Caption preview: 😄 My relationship with deadlines: Adversarial but ultimately productive.

Tag someone who can relate! 😂

#RelatableLife ...
2026-08-24 09:43:01,594 [INFO] ✅ Posted successfully [funny_meme]
2026-08-24 09:43:01,605 [INFO] ✅ Slot [funny_meme] published successfully!
2026-08-24 10:43:06,695 [INFO] Failed posts list is empty.
2026-08-24 10:43:06,793 [INFO] ──────────────────────────────────────────────────
2026-08-24 10:43:06,793 [INFO] ▶  Running slot: midday_encouragement
2026-08-24 10:43:06,793 [INFO] ──────────────────────────────────────────────────
2026-08-24 10:43:06,894 [INFO] 📝 Content selected: Keep going. The world needs your victory story....
2026-08-24 10:43:06,969 [INFO] Publishing [midday_encouragement] | image: /home/runner/work/bright-side-daily/bright-side-daily/images/output/midday_encouragement_20260824_104306.png
2026-08-24 10:43:06,969 [INFO] Caption preview: 💪 Keep going. The world needs your victory story.

Share this with someone who needs it today! 💛

#YouGotThis #KeepGoing...
2026-08-24 10:43:12,495 [INFO] ✅ Posted successfully [midday_encouragement]
2026-08-24 10:43:12,504 [INFO] ✅ Slot [midday_encouragement] published successfully!
2026-08-24 11:23:56,725 [INFO] Failed posts list is empty.
2026-08-24 11:23:56,873 [INFO] ──────────────────────────────────────────────────
2026-08-24 11:23:56,873 [INFO] ▶  Running slot: afternoon_wisdom
2026-08-24 11:23:56,873 [INFO] ──────────────────────────────────────────────────
2026-08-24 11:23:57,010 [ERROR] ❌ Content selection failed: 'afternoon_wisdom'
2026-08-24 13:55:46,785 [INFO] Failed posts list is empty.
2026-08-24 13:55:46,928 [INFO] ──────────────────────────────────────────────────
2026-08-24 13:55:46,928 [INFO] ▶  Running slot: gratitude_moment
2026-08-24 13:55:46,928 [INFO] ──────────────────────────────────────────────────
2026-08-24 13:55:47,064 [ERROR] ❌ Content selection failed: 'gratitude_moment'
2026-08-24 15:40:14,921 [INFO] Failed posts list is empty.
2026-08-24 15:40:15,072 [INFO] ──────────────────────────────────────────────────
2026-08-24 15:40:15,072 [INFO] ▶  Running slot: engagement_question
2026-08-24 15:40:15,072 [INFO] ──────────────────────────────────────────────────
2026-08-24 15:40:15,206 [INFO] 📝 Content selected: What's your most important anchor in uncertain seasons?...
2026-08-24 15:40:15,315 [INFO] Publishing [engagement_question] | image: /home/runner/work/bright-side-daily/bright-side-daily/images/output/engagement_question_20260824_154015.png
2026-08-24 15:40:15,315 [INFO] Caption preview: 💬 What's your most important anchor in uncertain seasons?

Drop your answer in the comments below 👇

#Community #ShareYo...
2026-08-24 15:40:19,796 [INFO] ✅ Posted successfully [engagement_question]
2026-08-24 15:40:19,813 [INFO] ✅ Slot [engagement_question] published successfully!
2026-08-24 16:19:33,225 [INFO] Failed posts list is empty.
2026-08-24 16:19:33,379 [INFO] ──────────────────────────────────────────────────
2026-08-24 16:19:33,379 [INFO] ▶  Running slot: evening_reflection
2026-08-24 16:19:33,379 [INFO] ──────────────────────────────────────────────────
2026-08-24 16:19:33,518 [INFO] 📝 Content selected: Let your gratitude overflow into generosity....
2026-08-24 16:19:33,625 [INFO] Publishing [evening_reflection] | image: /home/runner/work/bright-side-daily/bright-side-daily/images/output/evening_reflection_20260824_161933.png
2026-08-24 16:19:33,625 [INFO] Caption preview: 🌙 Let your gratitude overflow into generosity.

Share this with someone who needs it today! 💛

#Gratitude #Thankful #Cou...
2026-08-24 16:19:42,164 [INFO] ✅ Posted successfully [evening_reflection]
2026-08-24 16:19:42,176 [INFO] ✅ Slot [evening_reflection] published successfully!
2026-08-24 18:30:07,319 [INFO] Failed posts list is empty.
2026-08-24 18:30:07,465 [INFO] ──────────────────────────────────────────────────
2026-08-24 18:30:07,465 [INFO] ▶  Running slot: night_inspiration
2026-08-24 18:30:07,465 [INFO] ──────────────────────────────────────────────────
2026-08-24 18:30:07,599 [ERROR] ❌ Content selection failed: 'night_inspiration'
2026-08-25 05:31:07,256 [INFO] Failed posts list is empty.
2026-08-25 05:31:07,402 [INFO] ──────────────────────────────────────────────────
2026-08-25 05:31:07,402 [INFO] ▶  Running slot: morning_motivation
2026-08-25 05:31:07,402 [INFO] ──────────────────────────────────────────────────
2026-08-25 05:31:07,543 [INFO] 📝 Content selected: Don't stop when you're tired. Stop when you're done....
2026-08-25 05:31:07,650 [INFO] Publishing [morning_motivation] | image: /home/runner/work/bright-side-daily/bright-side-daily/images/output/morning_motivation_20260825_053107.png
2026-08-25 05:31:07,650 [INFO] Caption preview: ☀️ Don't stop when you're tired. Stop when you're done.

Share this with someone who needs it today! 💛

#Motivation #Suc...
2026-08-25 05:31:12,052 [INFO] ✅ Posted successfully [morning_motivation]
2026-08-25 05:31:12,064 [INFO] ✅ Slot [morning_motivation] published successfully!
2026-08-25 07:45:20,069 [INFO] Failed posts list is empty.
2026-08-25 07:45:20,226 [INFO] ──────────────────────────────────────────────────
2026-08-25 07:45:20,226 [INFO] ▶  Running slot: positive_quote
2026-08-25 07:45:20,226 [INFO] ──────────────────────────────────────────────────
2026-08-25 07:45:20,370 [INFO] 📝 Content selected: Peace is not the absence of chaos. It is finding calm in the midst of it....
2026-08-25 07:45:20,493 [INFO] Publishing [positive_quote] | image: /home/runner/work/bright-side-daily/bright-side-daily/images/output/positive_quote_20260825_074520.png
2026-08-25 07:45:20,493 [INFO] Caption preview: 🌟 Peace is not the absence of chaos. It is finding calm in the midst of it.

Share this with someone who needs it today!...
2026-08-25 07:45:26,247 [INFO] ✅ Posted successfully [positive_quote]
2026-08-25 07:45:26,259 [INFO] ✅ Slot [positive_quote] published successfully!
2026-08-25 08:30:58,503 [INFO] Failed posts list is empty.
2026-08-25 08:30:58,622 [INFO] ──────────────────────────────────────────────────
2026-08-25 08:30:58,622 [INFO] ▶  Running slot: self_improvement
2026-08-25 08:30:58,622 [INFO] ──────────────────────────────────────────────────
2026-08-25 08:30:58,740 [INFO] 📝 Content selected: The gap between who you are and who you want to be is closed in daily practice....
2026-08-25 08:30:58,859 [INFO] Publishing [self_improvement] | image: /home/runner/work/bright-side-daily/bright-side-daily/images/output/self_improvement_20260825_083058.png
2026-08-25 08:30:58,859 [INFO] Caption preview: 📈 The gap between who you are and who you want to be is closed in daily practice.

Share this with someone who needs it ...
2026-08-25 08:31:04,307 [INFO] ✅ Posted successfully [self_improvement]
2026-08-25 08:31:04,369 [INFO] ✅ Slot [self_improvement] published successfully!
2026-08-25 09:31:46,501 [INFO] Failed posts list is empty.
2026-08-25 09:31:46,646 [INFO] ──────────────────────────────────────────────────
2026-08-25 09:31:46,646 [INFO] ▶  Running slot: funny_meme
2026-08-25 09:31:46,646 [INFO] ──────────────────────────────────────────────────
2026-08-25 09:31:46,785 [INFO] 📝 Content selected: Joining a video call and immediately forgetting what the meeting is about....
2026-08-25 09:31:46,881 [INFO] Publishing [funny_meme] | image: /home/runner/work/bright-side-daily/bright-side-daily/images/output/funny_meme_20260825_093146.png
2026-08-25 09:31:46,881 [INFO] Caption preview: 😄 Joining a video call and immediately forgetting what the meeting is about.

Tag someone who can relate! 😂

#RelatableL...
2026-08-25 09:31:52,145 [INFO] ✅ Posted successfully [funny_meme]
2026-08-25 09:31:52,157 [INFO] ✅ Slot [funny_meme] published successfully!
2026-08-25 10:39:32,747 [INFO] Failed posts list is empty.
2026-08-25 10:39:32,898 [INFO] ──────────────────────────────────────────────────
2026-08-25 10:39:32,898 [INFO] ▶  Running slot: midday_encouragement
2026-08-25 10:39:32,898 [INFO] ──────────────────────────────────────────────────
2026-08-25 10:39:33,033 [INFO] 📝 Content selected: Don't stop before the morning. It always comes....
2026-08-25 10:39:33,186 [INFO] Publishing [midday_encouragement] | image: /home/runner/work/bright-side-daily/bright-side-daily/images/output/midday_encouragement_20260825_103933.png
2026-08-25 10:39:33,186 [INFO] Caption preview: 💪 Don't stop before the morning. It always comes.

Share this with someone who needs it today! 💛

#YouGotThis #KeepGoing...
2026-08-25 10:39:38,225 [INFO] ✅ Posted successfully [midday_encouragement]
2026-08-25 10:39:38,237 [INFO] ✅ Slot [midday_encouragement] published successfully!
2026-08-25 11:23:07,337 [INFO] Failed posts list is empty.
2026-08-25 11:23:07,483 [INFO] ──────────────────────────────────────────────────
2026-08-25 11:23:07,483 [INFO] ▶  Running slot: afternoon_wisdom
2026-08-25 11:23:07,483 [INFO] ──────────────────────────────────────────────────
2026-08-25 11:23:07,619 [ERROR] ❌ Content selection failed: 'afternoon_wisdom'
2026-08-25 13:54:30,922 [INFO] Failed posts list is empty.
2026-08-25 13:54:31,086 [INFO] ──────────────────────────────────────────────────
2026-08-25 13:54:31,086 [INFO] ▶  Running slot: gratitude_moment
2026-08-25 13:54:31,086 [INFO] ──────────────────────────────────────────────────
2026-08-25 13:54:31,223 [ERROR] ❌ Content selection failed: 'gratitude_moment'
2026-08-25 15:43:36,359 [INFO] Failed posts list is empty.
2026-08-25 15:43:36,511 [INFO] ──────────────────────────────────────────────────
2026-08-25 15:43:36,511 [INFO] ▶  Running slot: engagement_question
2026-08-25 15:43:36,511 [INFO] ──────────────────────────────────────────────────
2026-08-25 15:43:36,651 [INFO] 📝 Content selected: What's the biggest risk you've ever taken? Was it worth it?...
2026-08-25 15:43:36,811 [INFO] Publishing [engagement_question] | image: /home/runner/work/bright-side-daily/bright-side-daily/images/output/engagement_question_20260825_154336.png
2026-08-25 15:43:36,812 [INFO] Caption preview: 💬 What's the biggest risk you've ever taken? Was it worth it?

Drop your answer in the comments below 👇

#Community #Sha...
2026-08-25 15:43:42,664 [INFO] ✅ Posted successfully [engagement_question]
2026-08-25 15:43:42,676 [INFO] ✅ Slot [engagement_question] published successfully!
2026-08-25 16:20:43,882 [INFO] Failed posts list is empty.
2026-08-25 16:20:44,029 [INFO] ──────────────────────────────────────────────────
2026-08-25 16:20:44,029 [INFO] ▶  Running slot: evening_reflection
2026-08-25 16:20:44,029 [INFO] ──────────────────────────────────────────────────
2026-08-25 16:20:44,172 [INFO] 📝 Content selected: Let gratitude be the language of your days....
2026-08-25 16:20:44,280 [INFO] Publishing [evening_reflection] | image: /home/runner/work/bright-side-daily/bright-side-daily/images/output/evening_reflection_20260825_162044.png
2026-08-25 16:20:44,280 [INFO] Caption preview: 🌙 Let gratitude be the language of your days.

Share this with someone who needs it today! 💛

#Gratitude #Thankful #Coun...
2026-08-25 16:20:49,538 [INFO] ✅ Posted successfully [evening_reflection]
2026-08-25 16:20:49,551 [INFO] ✅ Slot [evening_reflection] published successfully!
2026-08-25 18:30:21,619 [INFO] Failed posts list is empty.
2026-08-25 18:30:21,745 [INFO] ──────────────────────────────────────────────────
2026-08-25 18:30:21,745 [INFO] ▶  Running slot: night_inspiration
2026-08-25 18:30:21,745 [INFO] ──────────────────────────────────────────────────
2026-08-25 18:30:21,881 [ERROR] ❌ Content selection failed: 'night_inspiration'
2026-08-26 05:33:43,488 [INFO] Failed posts list is empty.
2026-08-26 05:33:43,616 [INFO] ──────────────────────────────────────────────────
2026-08-26 05:33:43,616 [INFO] ▶  Running slot: morning_motivation
2026-08-26 05:33:43,616 [INFO] ──────────────────────────────────────────────────
2026-08-26 05:33:43,727 [INFO] 📝 Content selected: It's not about perfect. It's about effort....
2026-08-26 05:33:43,902 [INFO] Publishing [morning_motivation] | image: /home/runner/work/bright-side-daily/bright-side-daily/images/output/morning_motivation_20260826_053343.png
2026-08-26 05:33:43,902 [INFO] Caption preview: ☀️ It's not about perfect. It's about effort.

Share this with someone who needs it today! 💛

#Motivation #Success #Mind...
2026-08-26 05:33:48,778 [INFO] ✅ Posted successfully [morning_motivation]
2026-08-26 05:33:48,787 [INFO] ✅ Slot [morning_motivation] published successfully!
2026-08-26 07:49:02,973 [INFO] Failed posts list is empty.
2026-08-26 07:49:03,127 [INFO] ──────────────────────────────────────────────────
2026-08-26 07:49:03,127 [INFO] ▶  Running slot: positive_quote
2026-08-26 07:49:03,127 [INFO] ──────────────────────────────────────────────────
2026-08-26 07:49:03,264 [INFO] 📝 Content selected: The world is full of magic. You just have to believe in it....
2026-08-26 07:49:03,416 [INFO] Publishing [positive_quote] | image: /home/runner/work/bright-side-daily/bright-side-daily/images/output/positive_quote_20260826_074903.png
2026-08-26 07:49:03,416 [INFO] Caption preview: 🌟 The world is full of magic. You just have to believe in it.

Share this with someone who needs it today! 💛

#PositiveV...
2026-08-26 07:49:09,722 [INFO] ✅ Posted successfully [positive_quote]
2026-08-26 07:49:09,734 [INFO] ✅ Slot [positive_quote] published successfully!
2026-08-26 08:31:55,125 [INFO] Failed posts list is empty.
2026-08-26 08:31:55,287 [INFO] ──────────────────────────────────────────────────
2026-08-26 08:31:55,287 [INFO] ▶  Running slot: self_improvement
2026-08-26 08:31:55,287 [INFO] ──────────────────────────────────────────────────
2026-08-26 08:31:55,429 [INFO] 📝 Content selected: Every morning you have the chance to start a new chapter....
2026-08-26 08:31:55,592 [INFO] Publishing [self_improvement] | image: /home/runner/work/bright-side-daily/bright-side-daily/images/output/self_improvement_20260826_083155.png
2026-08-26 08:31:55,592 [INFO] Caption preview: 📈 Every morning you have the chance to start a new chapter.

Share this with someone who needs it today! 💛

#PersonalGro...
2026-08-26 08:32:02,625 [INFO] ✅ Posted successfully [self_improvement]
2026-08-26 08:32:02,637 [INFO] ✅ Slot [self_improvement] published successfully!
2026-08-26 09:36:45,059 [INFO] Failed posts list is empty.
2026-08-26 09:36:45,174 [INFO] ──────────────────────────────────────────────────
2026-08-26 09:36:45,174 [INFO] ▶  Running slot: funny_meme
2026-08-26 09:36:45,174 [INFO] ──────────────────────────────────────────────────
2026-08-26 09:36:45,294 [INFO] 📝 Content selected: The betrayal of thinking something is cooking when it is decidedly not cooking....
2026-08-26 09:36:45,386 [INFO] Publishing [funny_meme] | image: /home/runner/work/bright-side-daily/bright-side-daily/images/output/funny_meme_20260826_093645.png
2026-08-26 09:36:45,386 [INFO] Caption preview: 😄 The betrayal of thinking something is cooking when it is decidedly not cooking.

Tag someone who can relate! 😂

#Relat...
2026-08-26 09:36:48,716 [INFO] ✅ Posted successfully [funny_meme]
2026-08-26 09:36:48,726 [INFO] ✅ Slot [funny_meme] published successfully!
2026-08-26 10:41:03,977 [INFO] Failed posts list is empty.
2026-08-26 10:41:04,112 [INFO] ──────────────────────────────────────────────────
2026-08-26 10:41:04,113 [INFO] ▶  Running slot: midday_encouragement
2026-08-26 10:41:04,113 [INFO] ──────────────────────────────────────────────────
2026-08-26 10:41:04,252 [INFO] 📝 Content selected: You are doing something incredible just by not giving up....
2026-08-26 10:41:04,356 [INFO] Publishing [midday_encouragement] | image: /home/runner/work/bright-side-daily/bright-side-daily/images/output/midday_encouragement_20260826_104104.png
2026-08-26 10:41:04,356 [INFO] Caption preview: 💪 You are doing something incredible just by not giving up.

Share this with someone who needs it today! 💛

#YouGotThis ...
2026-08-26 10:41:08,926 [INFO] ✅ Posted successfully [midday_encouragement]
2026-08-26 10:41:08,938 [INFO] ✅ Slot [midday_encouragement] published successfully!
2026-08-26 11:25:10,615 [INFO] Failed posts list is empty.
2026-08-26 11:25:10,764 [INFO] ──────────────────────────────────────────────────
2026-08-26 11:25:10,764 [INFO] ▶  Running slot: afternoon_wisdom
2026-08-26 11:25:10,764 [INFO] ──────────────────────────────────────────────────
2026-08-26 11:25:10,902 [ERROR] ❌ Content selection failed: 'afternoon_wisdom'
2026-08-26 13:57:24,103 [INFO] Failed posts list is empty.
2026-08-26 13:57:24,271 [INFO] ──────────────────────────────────────────────────
2026-08-26 13:57:24,271 [INFO] ▶  Running slot: gratitude_moment
2026-08-26 13:57:24,271 [INFO] ──────────────────────────────────────────────────
2026-08-26 13:57:24,412 [ERROR] ❌ Content selection failed: 'gratitude_moment'
2026-08-26 16:19:06,488 [INFO] Failed posts list is empty.
2026-08-26 16:19:06,635 [INFO] ──────────────────────────────────────────────────
2026-08-26 16:19:06,635 [INFO] ▶  Running slot: evening_reflection
2026-08-26 16:19:06,635 [INFO] ──────────────────────────────────────────────────
2026-08-26 16:19:06,786 [INFO] 📝 Content selected: Goodness multiplies when you acknowledge it....
2026-08-26 16:19:06,940 [INFO] Publishing [evening_reflection] | image: /home/runner/work/bright-side-daily/bright-side-daily/images/output/evening_reflection_20260826_161906.png
2026-08-26 16:19:06,940 [INFO] Caption preview: 🌙 Goodness multiplies when you acknowledge it.

Share this with someone who needs it today! 💛

#Gratitude #Thankful #Cou...
2026-08-26 16:19:12,666 [INFO] ✅ Posted successfully [evening_reflection]
2026-08-26 16:19:12,678 [INFO] ✅ Slot [evening_reflection] published successfully!
2026-08-26 16:39:14,346 [INFO] Failed posts list is empty.
2026-08-26 16:39:14,492 [INFO] ──────────────────────────────────────────────────
2026-08-26 16:39:14,492 [INFO] ▶  Running slot: evening_reflection
2026-08-26 16:39:14,492 [INFO] ──────────────────────────────────────────────────
2026-08-26 16:39:14,636 [INFO] 📝 Content selected: Gratitude is how you honor the life that was given to you....
2026-08-26 16:39:14,775 [INFO] Publishing [evening_reflection] | image: /home/runner/work/bright-side-daily/bright-side-daily/images/output/evening_reflection_20260826_163914.png
2026-08-26 16:39:14,775 [INFO] Caption preview: 🌙 Gratitude is how you honor the life that was given to you.

Share this with someone who needs it today! 💛

#Gratitude ...
2026-08-26 16:39:20,981 [INFO] ✅ Posted successfully [evening_reflection]
2026-08-26 16:39:20,993 [INFO] ✅ Slot [evening_reflection] published successfully!
2026-08-26 19:41:13,337 [INFO] Failed posts list is empty.
2026-08-26 19:41:13,502 [INFO] ──────────────────────────────────────────────────
2026-08-26 19:41:13,502 [INFO] ▶  Running slot: morning_motivation
2026-08-26 19:41:13,502 [INFO] ──────────────────────────────────────────────────
2026-08-26 19:41:13,643 [INFO] 📝 Content selected: Every sacrifice made in private shows up as success in public....
2026-08-26 19:41:13,809 [INFO] Publishing [morning_motivation] | image: /home/runner/work/bright-side-daily/bright-side-daily/images/output/morning_motivation_20260826_194113.png
2026-08-26 19:41:13,809 [INFO] Caption preview: ☀️ Every sacrifice made in private shows up as success in public.

Share this with someone who needs it today! 💛

#Motiv...
2026-08-26 19:41:19,626 [INFO] ✅ Posted successfully [morning_motivation]
2026-08-26 19:41:19,639 [INFO] ✅ Slot [morning_motivation] published successfully!
2026-08-27 16:08:03,283 [INFO] Failed posts list is empty.
2026-08-27 16:08:03,430 [INFO] ──────────────────────────────────────────────────
2026-08-27 16:08:03,430 [INFO] ▶  Running slot: evening_reflection
2026-08-27 16:08:03,430 [INFO] ──────────────────────────────────────────────────
2026-08-27 16:08:03,571 [INFO] 📝 Content selected: You have more than you know....
2026-08-27 16:08:03,680 [INFO] Publishing [evening_reflection] | image: /home/runner/work/bright-side-daily/bright-side-daily/images/output/evening_reflection_20260827_160803.png
2026-08-27 16:08:03,681 [INFO] Caption preview: 🌙 You have more than you know.

Share this with someone who needs it today! 💛

#Gratitude #Thankful #CountYourBlessings ...
2026-08-27 16:08:10,044 [INFO] ✅ Posted successfully [evening_reflection]
2026-08-27 16:08:10,056 [INFO] ✅ Slot [evening_reflection] published successfully!
2026-08-27 18:08:25,170 [INFO] Failed posts list is empty.
2026-08-27 18:08:25,324 [INFO] ──────────────────────────────────────────────────
2026-08-27 18:08:25,324 [INFO] ▶  Running slot: night_inspiration
2026-08-27 18:08:25,325 [INFO] ──────────────────────────────────────────────────
2026-08-27 18:08:25,471 [ERROR] ❌ Content selection failed: 'night_inspiration'
2026-08-27 18:38:17,456 [INFO] Failed posts list is empty.
2026-08-27 18:38:17,558 [INFO] ──────────────────────────────────────────────────
2026-08-27 18:38:17,558 [INFO] ▶  Running slot: night_inspiration
2026-08-27 18:38:17,558 [INFO] ──────────────────────────────────────────────────
2026-08-27 18:38:17,666 [ERROR] ❌ Content selection failed: 'night_inspiration'
2026-08-27 19:24:32,691 [INFO] Failed posts list is empty.
2026-08-27 19:24:32,844 [INFO] ──────────────────────────────────────────────────
2026-08-27 19:24:32,844 [INFO] ▶  Running slot: morning_motivation
2026-08-27 19:24:32,844 [INFO] ──────────────────────────────────────────────────
2026-08-27 19:24:32,987 [INFO] 📝 Content selected: Results require relentless effort....
2026-08-27 19:24:33,093 [INFO] Publishing [morning_motivation] | image: /home/runner/work/bright-side-daily/bright-side-daily/images/output/morning_motivation_20260827_192433.png
2026-08-27 19:24:33,093 [INFO] Caption preview: ☀️ Results require relentless effort.

Share this with someone who needs it today! 💛

#Motivation #Success #MindsetMatte...
2026-08-27 19:24:38,708 [INFO] ✅ Posted successfully [morning_motivation]
2026-08-27 19:24:38,721 [INFO] ✅ Slot [morning_motivation] published successfully!
2026-08-27 20:15:51,762 [INFO] Failed posts list is empty.
2026-08-27 20:15:51,860 [INFO] ──────────────────────────────────────────────────
2026-08-27 20:15:51,860 [INFO] ▶  Running slot: morning_motivation
2026-08-27 20:15:51,860 [INFO] ──────────────────────────────────────────────────
2026-08-27 20:15:51,960 [INFO] 📝 Content selected: You were always capable. Now is the time to prove it....
2026-08-27 20:15:52,052 [INFO] Publishing [morning_motivation] | image: /home/runner/work/bright-side-daily/bright-side-daily/images/output/morning_motivation_20260827_201552.png
2026-08-27 20:15:52,052 [INFO] Caption preview: ☀️ You were always capable. Now is the time to prove it.

Share this with someone who needs it today! 💛

#Motivation #Su...
2026-08-27 20:15:56,954 [INFO] ✅ Posted successfully [morning_motivation]
2026-08-27 20:15:56,962 [INFO] ✅ Slot [morning_motivation] published successfully!
2026-08-27 20:53:23,289 [INFO] Failed posts list is empty.
2026-08-27 20:53:23,450 [INFO] ──────────────────────────────────────────────────
2026-08-27 20:53:23,450 [INFO] ▶  Running slot: morning_motivation
2026-08-27 20:53:23,450 [INFO] ──────────────────────────────────────────────────
2026-08-27 20:53:23,597 [INFO] 📝 Content selected: Dare to be different....
2026-08-27 20:53:23,700 [INFO] Publishing [morning_motivation] | image: /home/runner/work/bright-side-daily/bright-side-daily/images/output/morning_motivation_20260827_205323.png
2026-08-27 20:53:23,700 [INFO] Caption preview: ☀️ Dare to be different.

Share this with someone who needs it today! 💛

#Motivation #Success #MindsetMatters #DailyMoti...
2026-08-27 20:53:26,543 [INFO] ✅ Posted successfully [morning_motivation]
2026-08-27 20:53:26,556 [INFO] ✅ Slot [morning_motivation] published successfully!
2026-08-27 22:53:34,615 [INFO] Failed posts list is empty.
2026-08-27 22:53:34,769 [INFO] ──────────────────────────────────────────────────
2026-08-27 22:53:34,769 [INFO] ▶  Running slot: morning_motivation
2026-08-27 22:53:34,769 [INFO] ──────────────────────────────────────────────────
2026-08-27 22:53:34,914 [INFO] 📝 Content selected: Commit to the work. The rewards will commit to you....
2026-08-27 22:53:35,217 [INFO] Publishing [morning_motivation] | image: /home/runner/work/bright-side-daily/bright-side-daily/images/output/morning_motivation_20260827_225335.png
2026-08-27 22:53:35,217 [INFO] Caption preview: ☀️ Commit to the work. The rewards will commit to you.

Share this with someone who needs it today! 💛

#Motivation #Succ...
2026-08-27 22:53:38,695 [INFO] ✅ Posted successfully [morning_motivation]
2026-08-27 22:53:38,708 [INFO] ✅ Slot [morning_motivation] published successfully!
2026-08-28 00:17:08,852 [INFO] Failed posts list is empty.
2026-08-28 00:17:09,026 [INFO] ──────────────────────────────────────────────────
2026-08-28 00:17:09,026 [INFO] ▶  Running slot: morning_motivation
2026-08-28 00:17:09,026 [INFO] ──────────────────────────────────────────────────
2026-08-28 00:17:09,173 [INFO] 📝 Content selected: Your goals are closer than your fears want you to believe....
2026-08-28 00:17:09,362 [INFO] Publishing [morning_motivation] | image: /home/runner/work/bright-side-daily/bright-side-daily/images/output/morning_motivation_20260828_001709.png
2026-08-28 00:17:09,362 [INFO] Caption preview: ☀️ Your goals are closer than your fears want you to believe.

Share this with someone who needs it today! 💛

#Motivatio...
2026-08-28 00:17:20,528 [INFO] ✅ Posted successfully [morning_motivation]
2026-08-28 00:17:20,541 [INFO] ✅ Slot [morning_motivation] published successfully!
2026-08-28 00:38:32,281 [INFO] Failed posts list is empty.
2026-08-28 00:38:32,429 [INFO] ──────────────────────────────────────────────────
2026-08-28 00:38:32,429 [INFO] ▶  Running slot: morning_motivation
2026-08-28 00:38:32,429 [INFO] ──────────────────────────────────────────────────
2026-08-28 00:38:32,571 [INFO] 📝 Content selected: Success is not given. It is earned in the dark....
2026-08-28 00:38:32,688 [INFO] Publishing [morning_motivation] | image: /home/runner/work/bright-side-daily/bright-side-daily/images/output/morning_motivation_20260828_003832.png
2026-08-28 00:38:32,688 [INFO] Caption preview: ☀️ Success is not given. It is earned in the dark.

Share this with someone who needs it today! 💛

#Motivation #Success ...
2026-08-28 00:38:36,484 [INFO] ✅ Posted successfully [morning_motivation]
2026-08-28 00:38:36,496 [INFO] ✅ Slot [morning_motivation] published successfully!
2026-08-28 01:59:23,118 [INFO] Failed posts list is empty.
2026-08-28 01:59:23,271 [INFO] ──────────────────────────────────────────────────
2026-08-28 01:59:23,271 [INFO] ▶  Running slot: morning_motivation
2026-08-28 01:59:23,271 [INFO] ──────────────────────────────────────────────────
2026-08-28 01:59:23,421 [INFO] 📝 Content selected: Feed your faith and your doubts will starve to death....
2026-08-28 01:59:23,702 [INFO] Publishing [morning_motivation] | image: /home/runner/work/bright-side-daily/bright-side-daily/images/output/morning_motivation_20260828_015923.png
2026-08-28 01:59:23,702 [INFO] Caption preview: ☀️ Feed your faith and your doubts will starve to death.

Share this with someone who needs it today! 💛

#Motivation #Su...
2026-08-28 01:59:27,432 [INFO] ✅ Posted successfully [morning_motivation]
2026-08-28 01:59:27,444 [INFO] ✅ Slot [morning_motivation] published successfully!
2026-08-28 17:10:22,907 [INFO] Failed posts list is empty.
2026-08-28 17:10:23,088 [INFO] ──────────────────────────────────────────────────
2026-08-28 17:10:23,088 [INFO] ▶  Running slot: morning_motivation
2026-08-28 17:10:23,088 [INFO] ──────────────────────────────────────────────────
2026-08-28 17:10:23,239 [INFO] 📝 Content selected: All progress takes place outside the comfort zone....
2026-08-28 17:10:23,415 [INFO] Publishing [morning_motivation] | image: /home/runner/work/bright-side-daily/bright-side-daily/images/output/morning_motivation_20260828_171023.png
2026-08-28 17:10:23,415 [INFO] Caption preview: ☀️ All progress takes place outside the comfort zone.

Share this with someone who needs it today! 💛

#Motivation #Succe...
2026-08-28 17:10:28,544 [INFO] ✅ Posted successfully [morning_motivation]
2026-08-28 17:10:28,558 [INFO] ✅ Slot [morning_motivation] published successfully!
2026-08-28 19:18:29,892 [INFO] Failed posts list is empty.
2026-08-28 19:18:30,028 [INFO] ──────────────────────────────────────────────────
2026-08-28 19:18:30,028 [INFO] ▶  Running slot: morning_motivation
2026-08-28 19:18:30,028 [INFO] ──────────────────────────────────────────────────
2026-08-28 19:18:30,169 [INFO] 📝 Content selected: When purpose meets preparation, success is inevitable....
2026-08-28 19:18:30,291 [INFO] Publishing [morning_motivation] | image: /home/runner/work/bright-side-daily/bright-side-daily/images/output/morning_motivation_20260828_191830.png
2026-08-28 19:18:30,291 [INFO] Caption preview: ☀️ When purpose meets preparation, success is inevitable.

Share this with someone who needs it today! 💛

#Motivation #S...
2026-08-28 19:18:37,168 [INFO] ✅ Posted successfully [morning_motivation]
2026-08-28 19:18:37,180 [INFO] ✅ Slot [morning_motivation] published successfully!
2026-08-28 19:47:06,395 [INFO] Failed posts list is empty.
2026-08-28 19:47:06,515 [INFO] ──────────────────────────────────────────────────
2026-08-28 19:47:06,515 [INFO] ▶  Running slot: morning_motivation
2026-08-28 19:47:06,515 [INFO] ──────────────────────────────────────────────────
2026-08-28 19:47:06,630 [INFO] 📝 Content selected: Pressure makes diamonds. Embrace the pressure....
2026-08-28 19:47:06,674 [INFO] Publishing [morning_motivation] | image: /home/runner/work/bright-side-daily/bright-side-daily/images/output/morning_motivation_20260828_194706.png
2026-08-28 19:47:06,674 [INFO] Caption preview: ☀️ Pressure makes diamonds. Embrace the pressure.

Share this with someone who needs it today! 💛

#Motivation #Success #...
2026-08-28 19:47:11,112 [INFO] ✅ Posted successfully [morning_motivation]
2026-08-28 19:47:11,123 [INFO] ✅ Slot [morning_motivation] published successfully!
2026-08-28 20:40:55,204 [INFO] Failed posts list is empty.
2026-08-28 20:40:55,322 [INFO] ──────────────────────────────────────────────────
2026-08-28 20:40:55,322 [INFO] ▶  Running slot: morning_motivation
2026-08-28 20:40:55,322 [INFO] ──────────────────────────────────────────────────
2026-08-28 20:40:55,439 [INFO] 📝 Content selected: The most effective way to do it is to do it....
2026-08-28 20:40:55,524 [INFO] Publishing [morning_motivation] | image: /home/runner/work/bright-side-daily/bright-side-daily/images/output/morning_motivation_20260828_204055.png
2026-08-28 20:40:55,524 [INFO] Caption preview: ☀️ The most effective way to do it is to do it.

Share this with someone who needs it today! 💛

#Motivation #Success #Mi...
2026-08-28 20:40:58,676 [INFO] ✅ Posted successfully [morning_motivation]
2026-08-28 20:40:58,686 [INFO] ✅ Slot [morning_motivation] published successfully!
2026-08-28 21:09:34,956 [INFO] Failed posts list is empty.
2026-08-28 21:09:35,102 [INFO] ──────────────────────────────────────────────────
2026-08-28 21:09:35,102 [INFO] ▶  Running slot: morning_motivation
2026-08-28 21:09:35,102 [INFO] ──────────────────────────────────────────────────
2026-08-28 21:09:35,247 [INFO] 📝 Content selected: Don't look back — you're not going that way....
2026-08-28 21:09:35,353 [INFO] Publishing [morning_motivation] | image: /home/runner/work/bright-side-daily/bright-side-daily/images/output/morning_motivation_20260828_210935.png
2026-08-28 21:09:35,353 [INFO] Caption preview: ☀️ Don't look back — you're not going that way.

Share this with someone who needs it today! 💛

#Motivation #Success #Mi...
2026-08-28 21:09:38,701 [INFO] ✅ Posted successfully [morning_motivation]
2026-08-28 21:09:38,714 [INFO] ✅ Slot [morning_motivation] published successfully!
2026-08-28 21:18:35,241 [INFO] Failed posts list is empty.
2026-08-28 21:18:35,399 [INFO] ──────────────────────────────────────────────────
2026-08-28 21:18:35,399 [INFO] ▶  Running slot: morning_motivation
2026-08-28 21:18:35,399 [INFO] ──────────────────────────────────────────────────
2026-08-28 21:18:35,553 [INFO] 📝 Content selected: Your best days are built on your hardest mornings....
2026-08-28 21:18:35,654 [INFO] Publishing [morning_motivation] | image: /home/runner/work/bright-side-daily/bright-side-daily/images/output/morning_motivation_20260828_211835.png
2026-08-28 21:18:35,654 [INFO] Caption preview: ☀️ Your best days are built on your hardest mornings.

Share this with someone who needs it today! 💛

#Motivation #Succe...
2026-08-28 21:18:41,092 [INFO] ✅ Posted successfully [morning_motivation]
2026-08-28 21:18:41,104 [INFO] ✅ Slot [morning_motivation] published successfully!
2026-08-28 22:58:08,996 [INFO] Failed posts list is empty.
2026-08-28 22:58:09,150 [INFO] ──────────────────────────────────────────────────
2026-08-28 22:58:09,150 [INFO] ▶  Running slot: morning_motivation
2026-08-28 22:58:09,151 [INFO] ──────────────────────────────────────────────────
2026-08-28 22:58:09,298 [INFO] 📝 Content selected: Great things take time. Don't give up too soon....
2026-08-28 22:58:09,405 [INFO] Publishing [morning_motivation] | image: /home/runner/work/bright-side-daily/bright-side-daily/images/output/morning_motivation_20260828_225809.png
2026-08-28 22:58:09,406 [INFO] Caption preview: ☀️ Great things take time. Don't give up too soon.

Share this with someone who needs it today! 💛

#Motivation #Success ...
2026-08-28 22:58:13,066 [INFO] ✅ Posted successfully [morning_motivation]
2026-08-28 22:58:13,079 [INFO] ✅ Slot [morning_motivation] published successfully!
2026-08-28 23:53:27,215 [INFO] Failed posts list is empty.
2026-08-28 23:53:27,367 [INFO] ──────────────────────────────────────────────────
2026-08-28 23:53:27,367 [INFO] ▶  Running slot: morning_motivation
2026-08-28 23:53:27,367 [INFO] ──────────────────────────────────────────────────
2026-08-28 23:53:27,514 [INFO] 📝 Content selected: Every champion was once a beginner who refused to quit....
2026-08-28 23:53:27,703 [INFO] Publishing [morning_motivation] | image: /home/runner/work/bright-side-daily/bright-side-daily/images/output/morning_motivation_20260828_235327.png
2026-08-28 23:53:27,703 [INFO] Caption preview: ☀️ Every champion was once a beginner who refused to quit.

Share this with someone who needs it today! 💛

#Motivation #...
2026-08-28 23:53:31,494 [INFO] ✅ Posted successfully [morning_motivation]
2026-08-28 23:53:31,507 [INFO] ✅ Slot [morning_motivation] published successfully!
2026-08-29 00:10:17,765 [INFO] Failed posts list is empty.
2026-08-29 00:10:17,918 [INFO] ──────────────────────────────────────────────────
2026-08-29 00:10:17,918 [INFO] ▶  Running slot: morning_motivation
2026-08-29 00:10:17,918 [INFO] ──────────────────────────────────────────────────
2026-08-29 00:10:18,070 [INFO] 📝 Content selected: You have to be at your personal best to help others at their best....
2026-08-29 00:10:18,180 [INFO] Publishing [morning_motivation] | image: /home/runner/work/bright-side-daily/bright-side-daily/images/output/morning_motivation_20260829_001018.png
2026-08-29 00:10:18,180 [INFO] Caption preview: ☀️ You have to be at your personal best to help others at their best.

Share this with someone who needs it today! 💛

#M...
2026-08-29 00:10:23,260 [INFO] ✅ Posted successfully [morning_motivation]
2026-08-29 00:10:23,272 [INFO] ✅ Slot [morning_motivation] published successfully!
2026-08-29 01:22:26,349 [INFO] Failed posts list is empty.
2026-08-29 01:22:26,501 [INFO] ──────────────────────────────────────────────────
2026-08-29 01:22:26,501 [INFO] ▶  Running slot: morning_motivation
2026-08-29 01:22:26,501 [INFO] ──────────────────────────────────────────────────
2026-08-29 01:22:26,647 [INFO] 📝 Content selected: You are the weapon. Sharpen yourself daily....
2026-08-29 01:22:26,834 [INFO] Publishing [morning_motivation] | image: /home/runner/work/bright-side-daily/bright-side-daily/images/output/morning_motivation_20260829_012226.png
2026-08-29 01:22:26,834 [INFO] Caption preview: ☀️ You are the weapon. Sharpen yourself daily.

Share this with someone who needs it today! 💛

#Motivation #Success #Min...
2026-08-29 01:22:31,431 [INFO] ✅ Posted successfully [morning_motivation]
2026-08-29 01:22:31,444 [INFO] ✅ Slot [morning_motivation] published successfully!
2026-08-29 11:29:12,675 [INFO] Failed posts list is empty.
2026-08-29 11:29:12,822 [INFO] ──────────────────────────────────────────────────
2026-08-29 11:29:12,822 [INFO] ▶  Running slot: afternoon_wisdom
2026-08-29 11:29:12,822 [INFO] ──────────────────────────────────────────────────
2026-08-29 11:29:12,967 [ERROR] ❌ Content selection failed: 'afternoon_wisdom'
2026-08-29 13:01:11,347 [INFO] Failed posts list is empty.
2026-08-29 13:01:11,495 [INFO] ──────────────────────────────────────────────────
2026-08-29 13:01:11,495 [INFO] ▶  Running slot: gratitude_moment
2026-08-29 13:01:11,495 [INFO] ──────────────────────────────────────────────────
2026-08-29 13:01:11,642 [ERROR] ❌ Content selection failed: 'gratitude_moment'
2026-08-29 13:28:49,946 [INFO] Failed posts list is empty.
2026-08-29 13:28:50,092 [INFO] ──────────────────────────────────────────────────
2026-08-29 13:28:50,092 [INFO] ▶  Running slot: gratitude_moment
2026-08-29 13:28:50,092 [INFO] ──────────────────────────────────────────────────
2026-08-29 13:28:50,244 [ERROR] ❌ Content selection failed: 'gratitude_moment'
2026-08-29 14:08:57,168 [INFO] Failed posts list is empty.
2026-08-29 14:08:57,321 [INFO] ──────────────────────────────────────────────────
2026-08-29 14:08:57,321 [INFO] ▶  Running slot: morning_motivation
2026-08-29 14:08:57,321 [INFO] ──────────────────────────────────────────────────
2026-08-29 14:08:57,471 [INFO] 📝 Content selected: You're allowed to be both a masterpiece and a work in progress simultaneously....
2026-08-29 14:08:57,577 [INFO] Publishing [morning_motivation] | image: /home/runner/work/bright-side-daily/bright-side-daily/images/output/morning_motivation_20260829_140857.png
2026-08-29 14:08:57,577 [INFO] Caption preview: ☀️ You're allowed to be both a masterpiece and a work in progress simultaneously.

Share this with someone who needs it ...
2026-08-29 14:09:03,358 [INFO] ✅ Posted successfully [morning_motivation]
2026-08-29 14:09:03,371 [INFO] ✅ Slot [morning_motivation] published successfully!
2026-08-29 14:59:08,529 [INFO] Failed posts list is empty.
2026-08-29 14:59:08,684 [INFO] ──────────────────────────────────────────────────
2026-08-29 14:59:08,684 [INFO] ▶  Running slot: morning_motivation
2026-08-29 14:59:08,684 [INFO] ──────────────────────────────────────────────────
2026-08-29 14:59:08,841 [INFO] 📝 Content selected: Every day you have the power to choose your attitude....
2026-08-29 14:59:08,949 [INFO] Publishing [morning_motivation] | image: /home/runner/work/bright-side-daily/bright-side-daily/images/output/morning_motivation_20260829_145908.png
2026-08-29 14:59:08,949 [INFO] Caption preview: ☀️ Every day you have the power to choose your attitude.

Share this with someone who needs it today! 💛

#Motivation #Su...
2026-08-29 14:59:14,389 [INFO] ✅ Posted successfully [morning_motivation]
2026-08-29 14:59:14,401 [INFO] ✅ Slot [morning_motivation] published successfully!
2026-08-29 15:26:46,188 [INFO] Failed posts list is empty.
2026-08-29 15:26:46,349 [INFO] ──────────────────────────────────────────────────
2026-08-29 15:26:46,349 [INFO] ▶  Running slot: engagement_question
2026-08-29 15:26:46,349 [INFO] ──────────────────────────────────────────────────
2026-08-29 15:26:46,504 [INFO] 📝 Content selected: What's a positive change you've made recently that's easy to overlook but means ...
2026-08-29 15:26:46,615 [INFO] Publishing [engagement_question] | image: /home/runner/work/bright-side-daily/bright-side-daily/images/output/engagement_question_20260829_152646.png
2026-08-29 15:26:46,615 [INFO] Caption preview: 💬 What's a positive change you've made recently that's easy to overlook but means a lot?

Drop your answer in the commen...
2026-08-29 15:26:51,542 [INFO] ✅ Posted successfully [engagement_question]
2026-08-29 15:26:51,556 [INFO] ✅ Slot [engagement_question] published successfully!
